.gitattributes	88	92f5707f04eb2ce9b5df1d76d17a8e803cf5081fbe8fdf361360eef1187ceaff
.gitignore	329	4a05f90f7baec715041d3d72271894528fb0cad4b57ea3a32000c3ce036f05fb
00_control/CANONICAL_USER_INSTRUCTIONS_20260821.md	10476	cf913e8cb4d487f4c6958c079b372ccbb2fb5929dd483068441e80cefd6794f2
00_control/CP0001_MT111_ADMISSION.md	2811	c410924db1dc9ea4444f10a5b7648b9f31395220e4b62e3289f977bb954927e6
00_control/CURRENT_CURSOR.md	1256	e81b9893a5c8a1a37f39ebaf0a957acb5d1e329fc7a7abbecb8b73e5200526e5
00_control/CURRENT_GOAL_AND_WORKFLOW.md	4094	87d0ae2ef23434d61936529d45e7ae555421d78b101c0c3398322f70a612e245
00_control/CURRENT_STATE.md	3306	f42f3beb14c9de0d4b85c947f229453b9a148710f5cc3786bbe4517ef5f5c90b
00_control/DECISION_LOG.md	3364	031496238e664c45073a216418c70fe674faf58f4338e05f5ac93f95d9b6159c
00_control/RIGHTS_AND_ATTRIBUTION.md	2404	9dbef98614be691d568a9870c22749588f81c85e4774e3f016a50a8b1fcfcee5
00_control/ROOT_SELECTION_HANDOFF_20260821.md	13633	c889c737b0cbaf1cfef4fe919d50538266313d7899ced78fc9374158cebac951
00_control/SOURCE_AUTHORITY.md	3318	74684a43ebc03f0b9f0c233ad10b738305232fdd325fac512b73cc2953f6f02c
00_control/TASK_RECONSTRUCTION_20260821.md	10616	902cb0f5468fb28623c69aa87ccc8cb08b19d01003524d9ee804097b78ef92ef
README.md	2618	1c0acd7a0d13e3a87f8828b4793a8d8f6bc615a366c0132dd250e834a9d0e4b6
authority/fremlin/BUILD_SUPPORT_MANIFEST.tsv	172	66205a31aaa291d27ba8818bcc1a49001bfe489fb3d1a4eb51cc6e7b5867684a
authority/fremlin/SOURCE_MANIFEST.tsv	11748	a34584a6a835b78295d9cc476fb9e01aaf6b3e66304bfa8d0859734f48a92a69
authority/fremlin/build-support/miniltx.tex	13702	6ba5031ede43168d45d6de2d93cceae93913169c4367d56b81d524a18e42a66a
authority/fremlin/build-support/volwp.2016.aux.txt	7775	590d654d35d9772bca92d0da2b765808b68bb539df7e5649c4f7076a9ef0f047
authority/fremlin/dsl.txt	8076	4505ea3ff83882f83f4f5ea2088b51a89f90fa440f6a28c08cb126d7c29e70db
authority/fremlin/mt1.2011.tar.gz	421854	1deabdecd72f2a2866eb70c4e2ab89f230083af155414023a0a8b441010a6ff2
authority/fremlin/mt2.2016.tar.gz	897116	77413c3c2f1a97f0e29b538d957d6dce59a23c0c8b8b287d20b023572e105145
authority/fremlin/source/mt1.2011/amsppt.sti	2936	dfac224a6d68b036086eb28777cc6ee94e724816ba1a1b567ab71563ed424728
authority/fremlin/source/mt1.2011/amsppt.sty	49226	36c3ea03501596e7f789a237e415a203791276181e18a5c9c302ad17d0adf339
authority/fremlin/source/mt1.2011/amssym.tex	9155	42b2d8151d310b11c8fb49ae4330bb26574e9fdc354bf490b4881c7e2980c4a9
authority/fremlin/source/mt1.2011/amstex.tex	80207	b26f16ec979790b64cb7ee73bbd47d9c0496cb40f3b267611e228eb4d36c8ae6
authority/fremlin/source/mt1.2011/empty.ps	65	3d0a9bd4136ad3e0805a5f3310fbc6f061bb2422256a7d7d301e67b4ed3fd68a
authority/fremlin/source/mt1.2011/fremtex.tex	25132	c7e42d3868e98123f6d9234737a0f8cb4f6c42df81abfd63db31bf63f65b90dd
authority/fremlin/source/mt1.2011/mt.tex	22751	fccac08dfbd9427ead0334fcb63767b93927c03c660d6e0cb2abd95fd2901120
authority/fremlin/source/mt1.2011/mt01.tex	3511	6c122e7a95ed03770870cdecd7914a16abbd0324acf285b363407c388628faac
authority/fremlin/source/mt1.2011/mt1.tex	7018	9d957b0879f6474e2be93345337c305f7c50275ffd51e527f118f7513025305d
authority/fremlin/source/mt1.2011/mt10.tex	13303	fb00934768dc5e8d78d86f0402fc549ea8bd153e6e931fc4f975b0ddb04431df
authority/fremlin/source/mt1.2011/mt11.tex	5764	baaaff2a12272a14a9934ded0d7ada0c632712d7d1e2fb0c0ec45ade25a87f3d
authority/fremlin/source/mt1.2011/mt111.tex	24584	40857003cc5e0d5580e2db104e980e34f11f813cbdb2dc4ad444f34fa01e78a2
authority/fremlin/source/mt1.2011/mt112.tex	22823	3c6037e1fb81449cd9ba0bd3bc9b3eae8b5c807ecc758b1b661e8bc8db53ec5e
authority/fremlin/source/mt1.2011/mt113.tex	16692	34a400f9b01faa39330a22f712d885a272e09134dc4ae3ee4d6dc10d09ffd7b3
authority/fremlin/source/mt1.2011/mt113c1.ps	17492	7a577e1a62f89229b4daf24b4401f514b436a6c3dc167b70bbb7ee0db1c0e522
authority/fremlin/source/mt1.2011/mt113c2.ps	17256	931813188766e9d9ef86c503db1c9fb0d2d2da807107cb2ceb964561e152bdcf
authority/fremlin/source/mt1.2011/mt113c3.ps	17257	5a74f5a402150e86875a3795e3cd49941924412826fae808a2bdd5d1fae41f41
authority/fremlin/source/mt1.2011/mt113c4.ps	22183	cc6b459485b26b72dfafe3e0823af86c33f32fa02fec46be5db69d9f76051777
authority/fremlin/source/mt1.2011/mt114.tex	25717	206488ff5ba2960f4e130d162cca6df7af2935968754d77bc18b53ab084b8f97
authority/fremlin/source/mt1.2011/mt115.tex	27681	2d6714f1b022932a90c38bc05c11f2f3c25d6fd84e5b51050c331fcbd6367739
authority/fremlin/source/mt1.2011/mt12.tex	1603	bf1f5adf81e557f8958b38edd8c59f4170c8686614878c4104814c1d22548e59
authority/fremlin/source/mt1.2011/mt121.tex	41957	436f35d7373aadb633c029fd4d06f4e549fd9853b7a802ad609083477e646ea4
authority/fremlin/source/mt1.2011/mt122.tex	40114	e187da4ddc39d7ed101b8bb6b6ee1af4b1ac6655672f772a3aa5e874feeed701
authority/fremlin/source/mt1.2011/mt123.tex	17868	5a1abb103efce40f702cc375e57c7e76387e78c7def15a64fb627d428900d742
authority/fremlin/source/mt1.2011/mt13.tex	1568	b9f8c22cb1969e784c19763cc40dfaa95ca54bc6ccc26e947548a6808aac6131
authority/fremlin/source/mt1.2011/mt131.tex	11811	94ebff73a9a8820a85e852df30088830cfee57e8cfed0fa8244f915e0b88f105
authority/fremlin/source/mt1.2011/mt132.tex	17074	5bb8e80daa8d659ba21fd24c1c123eb17c3f76ac57d4102438acbb2622659ed6
authority/fremlin/source/mt1.2011/mt133.tex	27949	4fc1253dc7b903afd0b9dc472ecdf90572991337ebccfc7e76fbb88f5bb5cf8a
authority/fremlin/source/mt1.2011/mt133g.ps	64533	baade581c4987bb74bda1c64faf05654d1d8ef21d249a78a702dfbf0a1b3b4cb
authority/fremlin/source/mt1.2011/mt133ha1.ps	96260	7b7e28ea53da69b5ba012888b6bffb06c90edcaad84e7f5fb9b2e9c2a60c46e2
authority/fremlin/source/mt1.2011/mt133ha2.ps	21232	b9b8a5d5074f19fca851ebf9bdf8398ea1c4f1e3d8816fde31934ca5498047e6
authority/fremlin/source/mt1.2011/mt134.tex	49772	3edcc615e23670f04c069cf64a0ec7d7d87b30270090a9fabc2406777102cf1b
authority/fremlin/source/mt1.2011/mt134g.ps	67421	6a6ac8e091bc61fb16738abebee3e3e9b2e7877f2c995aaf6807fb0adb80390f
authority/fremlin/source/mt1.2011/mt134ha1.ps	96301	822a4c8d5e89da2aca85618a8e43485252d5bf3d67c2fe0c1a6bcb576ed01f7c
authority/fremlin/source/mt1.2011/mt134ha2.ps	21273	cd6cf880e414e9d5d58d27264edac0d711d13a28ab31810b248b852e67d10fb3
authority/fremlin/source/mt1.2011/mt135.tex	26129	5b7029f431f3f4ef7a75450c45a48e7beafa8ebf688bc6e0287d58e0a3dcd893
authority/fremlin/source/mt1.2011/mt136.tex	22658	2c0a80f0271c2fac933eeb21cd8dd719f201dbc4fbf859b534dc5f768c05b641
authority/fremlin/source/mt1.2011/mt1a.tex	1070	3ad48a20f3c5418e72075cdb29e1ec84360517e8585b2ee0c0b593a78e590fa8
authority/fremlin/source/mt1.2011/mt1a1.tex	16731	482bdbe2a55bdc8f9f03c8f6fcade7d743b7b988659b9044d6bec16fa5d32289
authority/fremlin/source/mt1.2011/mt1a2.tex	5812	f1c8678e3b5920a88f9a85c065f7fdb7fc6a0ebe3159d7491edf67a4e0eac1f4
authority/fremlin/source/mt1.2011/mt1a3.tex	8143	aac723ea5b65ee48e791447631cb26b40f363e1044ed9dfbfca24145fc247cf9
authority/fremlin/source/mt1.2011/mt1conc.tex	1252	d5c766225a8474f9012b0fcf7c0bc8e420c5e86788effce4dc80518abb08342d
authority/fremlin/source/mt1.2011/mt1r.tex	2278	d59c6d646ebe1be1cdd1f130045c21ff13bd5e3f343901c28d318aefb4f76880
authority/fremlin/source/mt1.2011/mti.tex	473311	f331588e3b9fd97a04754a15bd667b6ec62c73e21946efa8ed7a39083b140070
authority/fremlin/source/mt1.2011/mtlogo.tex	729	e8e6d51be2d299baa519ca28acffbcad8d9c00ef39b3a46afcb1d763fc339ecc
authority/fremlin/source/mt1.2011/psfig.sty	28879	e7aa32f16c1c558b7ad683b6accc12f86033b2e8563fe35454922f7e2ee27710
authority/fremlin/source/mt1.2011/tflogo2.ps	9433	58e96826f22ac185173255d564ce9d016247f36de25f05f2a0966ebecb137080
authority/fremlin/source/mt1.2011/vol1.tex	657	7606583942858a52b4113bea653cae93f3ceb74e026acbf0cb48a96161abbd52
authority/fremlin/source/mt1.2011/volwp.aux	5526	d1b5f0a94f98ffa19b20f3766e95f98fcbc1599b5882f7bb568c990971253dfc
authority/fremlin/source/mt2.2016/amsppt.sti	2936	dfac224a6d68b036086eb28777cc6ee94e724816ba1a1b567ab71563ed424728
authority/fremlin/source/mt2.2016/amsppt.sty	49226	36c3ea03501596e7f789a237e415a203791276181e18a5c9c302ad17d0adf339
authority/fremlin/source/mt2.2016/amssym.tex	9155	42b2d8151d310b11c8fb49ae4330bb26574e9fdc354bf490b4881c7e2980c4a9
authority/fremlin/source/mt2.2016/amstex.tex	80207	b26f16ec979790b64cb7ee73bbd47d9c0496cb40f3b267611e228eb4d36c8ae6
authority/fremlin/source/mt2.2016/fremtex.tex	25619	1c7ac553bfd3fba64df69b2e494ad2ee6c6819fe07abbf51e96c3451aaa25c15
authority/fremlin/source/mt2.2016/mt.tex	25246	53aa82aa9b7724e173f00262d5a4b50209c6b4185325a62eaedf8ec19ae386f1
authority/fremlin/source/mt2.2016/mt02.tex	14813	46dffa00a989d92e921509c50e96010e28668e910072aea3caf5e8e29614b5b5
authority/fremlin/source/mt2.2016/mt2.tex	8066	1b727714ad019cf6040cbeeeacb20949482e839c6e10e547d0398c88f6647e5c
authority/fremlin/source/mt2.2016/mt20.tex	13106	feaca06079a72aa8421e79a9f32c76168ec804979e7f483834bfeac840f4b255
authority/fremlin/source/mt2.2016/mt21.tex	1994	0f03b56afed7f91f0f4b1144dde69233befd5a4e84ef60ef17dcbb6edb0460ec
authority/fremlin/source/mt2.2016/mt211.tex	25942	c89bef94c7aee1bf87911b4326cc0a2cf4bc4b2fee1d7387d0874743547cd6ee
authority/fremlin/source/mt2.2016/mt212.tex	27387	6daa43101299cca12ba3c6dec977799deb14bd8f220d35c99acc75fe01368d04
authority/fremlin/source/mt2.2016/mt213.tex	49210	708bdc627b98a2ad9543b71debd06e20f04550c13bc0459d466944fc4f7d7751
authority/fremlin/source/mt2.2016/mt214.tex	49513	28bcd29fc1c894ae18f67e2f5d082cc96afaa316ca4cca6005507761eaf8b563
authority/fremlin/source/mt2.2016/mt215.tex	25674	d018c9b7bc1b947ce64eeb8fcd5893a992bf563f611287dd79bc709adff45e18
authority/fremlin/source/mt2.2016/mt216.tex	25045	bacd5ea48b7b5840e7f602a73a285c0260f3b5d7c12a3fb8e68308d8ded2cec2
authority/fremlin/source/mt2.2016/mt22.tex	2902	1406376c53ac5dd2def9f7f676b09ff79af61a46cfba0cd0d2b50b3b84993a1d
authority/fremlin/source/mt2.2016/mt221.tex	12435	65c950d56610d877b7d8ba82bc2de196c2f5aa1f43700eaa50dd7d5c0e597e2c
authority/fremlin/source/mt2.2016/mt222.tex	35187	8bb921aaba0b5f009fda44b34d0461ce8a5a0178f552245815de160ccbfc2b96
authority/fremlin/source/mt2.2016/mt223.tex	15839	1768a9724af74fdf68d3db1811f286801ea2ae520eac933c574850ab808d90e8
authority/fremlin/source/mt2.2016/mt224.tex	31804	de4302ee8f5992cda3d221d95df6280cbba9ef4b85e252736da5ced2e85fd21c
authority/fremlin/source/mt2.2016/mt225.tex	42546	f1eab749b74af0c8ebe717c6feb3268fdb2c608964d89e32eba0be912d8b6bc1
authority/fremlin/source/mt2.2016/mt226.tex	26818	8257cb375a83e7c8539b4bb550954e4c1166e236e0629099c24e04174573134e
authority/fremlin/source/mt2.2016/mt23.tex	2343	dbb9deede9bd5a5c5f6787e0a1026b8d7a821259cc471b16d79a33e82e12487b
authority/fremlin/source/mt2.2016/mt231.tex	20345	155ba0f589232260a9d12158c30d23bb9c4173aba0f7776fe7e205d60685bbc9
authority/fremlin/source/mt2.2016/mt232.tex	41008	5661337065d557e82cb4e484ff6445e1ad39f6b0aee3a5245d30ee2e937a0abd
authority/fremlin/source/mt2.2016/mt233.tex	36647	be49fe67e37871911901231a730e176f36321f67ae66ba0a8b55f9e6965aed28
authority/fremlin/source/mt2.2016/mt234.tex	50690	1b50eb97cca297047460e732faec26746a91d3fab1ca97fec9c2056d0c7339ca
authority/fremlin/source/mt2.2016/mt235.tex	46420	a824d384e3cbfa9db1a8bcdeb0ac7cf4be6258bdbab7bbd62e01aea655aabe24
authority/fremlin/source/mt2.2016/mt24.tex	2859	016a53e3c7640f049281e4b97659913bc9c6c53e3171a51610b7e5dce6c00120
authority/fremlin/source/mt2.2016/mt241.tex	34479	33d1c976b96320f8b1745fe7db4688ae5351e6d0e8942d0d5f370429e1dea3b6
authority/fremlin/source/mt2.2016/mt242.tex	47698	4d412f80e81282d7bd8551239a773fbee785f79336a4ba7df37edc8686b68356
authority/fremlin/source/mt2.2016/mt242m.ps	1395	5a88669dc99b903075c404ebbdb1830bbdaee511a775df5c72a3619cf90d487e
authority/fremlin/source/mt2.2016/mt243.tex	35496	4281a81b691397bb149bacf4596278d71ff60370b3d7b58ef2711f87129f54d7
authority/fremlin/source/mt2.2016/mt244.tex	63066	52c74d86acc909393aafecf2b00aaa816ac2e1bc7606e472d33b63c48f323756
authority/fremlin/source/mt2.2016/mt245.tex	52840	19e093b1978a9f74180552b607e7628e9960117de68ed7f35eb1236d5ea2efce
authority/fremlin/source/mt2.2016/mt246.tex	37739	c67d44acbfa6eb4609e7c27ea31e5388276ddf3c6f1b68e33ccbac70a6f01e35
authority/fremlin/source/mt2.2016/mt247.tex	20601	2bff84b77ca96c2765aab90f7cf9bceaa8aa9ce8f3f379d6b701e507a43b4e75
authority/fremlin/source/mt2.2016/mt25.tex	4201	595ddceefed4072c4a1381b9b545812b095d6f8efe17f0c591728d537dc1d0bb
authority/fremlin/source/mt2.2016/mt251.tex	74191	8b40209abfa0f65a66741ea8eddfa7f5a3132b89633f0d0d96d84a811de2135e
authority/fremlin/source/mt2.2016/mt252.tex	75782	b4bd9d2920d34292a75d569ee9b6601b93980d7baf628dc144054877935a324c
authority/fremlin/source/mt2.2016/mt253.tex	51379	f5c06beaff7bf4160070d254551dfc104b9a2a57494d56cbf139297945abf1e9
authority/fremlin/source/mt2.2016/mt254.tex	94917	b75916c2e3e75947c5ff6318498a673a7f3134161a5556c6b055e40f05501f16
authority/fremlin/source/mt2.2016/mt255.tex	50407	c837735d74f688178acc82b7f004669f2fe3352e5c0293d48442777a9d5bb5b6
authority/fremlin/source/mt2.2016/mt256.tex	41604	de4a178837df6915bbfb714622cb9a3a2d896fb7f00120d2348ccd0d4245d2cf
authority/fremlin/source/mt2.2016/mt257.tex	9803	45e95ad49d7d4a0f83c485c3100ff880100c78bc72e7dc99ccffb8c31a8b7996
authority/fremlin/source/mt2.2016/mt26.tex	4170	45c5bcc59586eb8dc607eabf849342738c2821ea773f5c266da72be67734754e
authority/fremlin/source/mt2.2016/mt261.tex	32141	84766c4dd0c601713d2417a59c1db0853d0257e0e5f373a03427ddd42b33887d
authority/fremlin/source/mt2.2016/mt262.tex	50250	8b3f83a867f4984ae6d7455ed746a124dd36c56bc379624c5c8fb8e9afd2dfa9
authority/fremlin/source/mt2.2016/mt263.tex	52275	debe20ba70cbc7663f5e653d79ca216973d653e818121f565c650300804b7cd5
authority/fremlin/source/mt2.2016/mt264.tex	43058	0d92a321161dc812786ac17e2328a0a7365e2cfdfd3b1d8a76680a1f2784d52d
authority/fremlin/source/mt2.2016/mt265.tex	32003	09d94421b9537a68427446749f66e0f9fbcdb7543f48ff2e6e3ff3f9b10b44c4
authority/fremlin/source/mt2.2016/mt266.tex	12637	ad2c977b007b6ff77bbd0685e91659a9daf69cb71604a589a9cf58d407255e35
authority/fremlin/source/mt2.2016/mt27.tex	5810	ef5d3f67448b71183084ec24c3791a94deeef67bc28bf4d792a47671cebcda56
authority/fremlin/source/mt2.2016/mt271.tex	33007	fba76cf594061c9154d4b9d50dbe0b9f12a4f2677318d4492ce0676f04f52948
authority/fremlin/source/mt2.2016/mt272.tex	53790	811f4ee300aa44020f83fd079d660dea25ace46fb8ea96ab346afb0f39ec970f
authority/fremlin/source/mt2.2016/mt273.tex	42130	40a720542bd636cfb4a08e685ece476391ed8deeb7f6a7ba730c4e557b1d4871
authority/fremlin/source/mt2.2016/mt274.tex	41519	79aaddf52669b53cb29b6743b74cfe3810e7612bc70ca99a708f698c034213cc
authority/fremlin/source/mt2.2016/mt275.tex	53251	17fc385ae420f1df789111e1e0d379918617e1ed345fe335e540e8714f0803e5
authority/fremlin/source/mt2.2016/mt276.tex	32531	56e44a3843f7b0f492e2ab5598cd7ce0fff0eb8898b87d3c69e4cc790538b87f
authority/fremlin/source/mt2.2016/mt28.tex	1768	a443f73a797da3ff414d812030048c4236e74af5847c59d18233bf6f6f28ba03
authority/fremlin/source/mt2.2016/mt281.tex	48328	49460acf8727be4de9681de19c389c95f2f1c9d1bdc4c32ee08fe0f35f415fb3
authority/fremlin/source/mt2.2016/mt282.tex	65441	8fc19865685e50585a28e7f5f13d674613b7b3f96d34f300e476383ca84497d5
authority/fremlin/source/mt2.2016/mt283.tex	48643	27fca00efa202f0e9da2296795f7f605848d6a84fa1240cc59e8622283d7590b
authority/fremlin/source/mt2.2016/mt284.tex	68323	00b642972b37a0d25c8dd1675c7fb8e23e6edfca4dfda1cddd483681909512c2
authority/fremlin/source/mt2.2016/mt285.tex	54858	e513939a8c3d2f7be017f2b1c9402b956f1278b2161e01425bf25b4045db8e9a
authority/fremlin/source/mt2.2016/mt286.tex	118069	2f47392f82c5a0d5e8b9d8237ab034b7154d604536f86294a540a41bb34dcbbb
authority/fremlin/source/mt2.2016/mt2a.tex	1673	46d5dc2dace9503e09ea3b34c109d8dff7666381d4e3637c5203a2b3cb3d4f8e
authority/fremlin/source/mt2.2016/mt2a1.tex	32457	a607d9c59e33fd493cd89eb27c1b4df7141996ade369590e609bc0c119f1a47f
authority/fremlin/source/mt2.2016/mt2a2.tex	17548	f9dac07caa5b197188722a46de19e564b0565c9da076e6a690617f85f996942f
authority/fremlin/source/mt2.2016/mt2a3.tex	44169	a652e80b8c4324f9f1343d5000cd8abe7379fb5f97e6c73ab4ab077cd7059962
authority/fremlin/source/mt2.2016/mt2a4.tex	13738	91d5c623fee5dbc4107ebc376376746ac6f6350f900436c460dd7d934655c702
authority/fremlin/source/mt2.2016/mt2a5.tex	16954	e5635040be2e143739e1f69d82d8caae8c6620c5ea62376513fca174393f7904
authority/fremlin/source/mt2.2016/mt2a6.tex	6534	902659be1cac02e4f3e2c44388790f68901c72238cbbf796474a66b44f97150a
authority/fremlin/source/mt2.2016/mt2conc.tex	5628	1c09a51de1308592224fb0c0a41d7e32877f09c7438e6cb248690de6cc125d7a
authority/fremlin/source/mt2.2016/mt2r.tex	8507	3ed0e30b40c627a1c24833cf8f504fb8c3fa53c44c019ffdfbceef0b6bb76d8f
authority/fremlin/source/mt2.2016/mti.tex	491199	4856046fd6041c567fa6a502faa19ffc4fbd4d600c3c82113717ae9a70a3a0f0
authority/fremlin/source/mt2.2016/mtlogo.tex	729	e8e6d51be2d299baa519ca28acffbcad8d9c00ef39b3a46afcb1d763fc339ecc
authority/fremlin/source/mt2.2016/psfig.sty	28879	e7aa32f16c1c558b7ad683b6accc12f86033b2e8563fe35454922f7e2ee27710
authority/fremlin/source/mt2.2016/tflogo2.ps	9433	7d67046ef5b858725da4574cca290784c82c3d68fa540c9645cc79025101e79f
authority/fremlin/source/mt2.2016/vol2.tex	1499	4570151eca5668ce7c1816c565310cf374ee0f1a0c1207c1ce0d28b3077a3b92
authority/fremlin/source/mt2.2016/volwp.aux	5639	07dc79c71dbf175627840abd0fc1e237a6efca57f93cdebc12ed89464ee6b165
backend/corpus.csv	617	aae0e92106be3535383b39c1f0101cecd00de516e89591efe79023fdb0fda081
backend/corpus.jsonl	883	a596223300e351c365b2f13f7ae1de9a7e689d2ec41f2626315f1dfe741b74b3
backend/generate_mt111.py	43241	a1cb3ea4ff5280c3db874e50376ef6e0f407c2ac7545d7862e873c9cb5ddcc36
backend/mt111/MANIFEST.tsv	2915	048376684666d61d40fe00d055a208f20e4364601fa7bf2f305d1d68087736ea
backend/mt111/artifacts.csv	1129	57c788a278a52f6ebc11c5efc795551d42910577f0748ff37ac5c005c81318a4
backend/mt111/artifacts.jsonl	1304	749e157e7ac4e57abdb1bc5644c4664df9a1d4da5929b22590cf359d178ff7dd
backend/mt111/definitions.csv	11067	845fd4f0f7fffce0dbc9e987621cb3198b090d1d8584af8d654fc6d3eaf0bc30
backend/mt111/definitions.jsonl	12873	42b15992d3e8faa7da98a99e56228c099d77af62ddc4dc46c93cb7a7cefeb160
backend/mt111/events.csv	960	aa530c6c43f9691a88b8cb077bd191e0722298d9b22e272b8a0f3a73e87a9799
backend/mt111/events.jsonl	948	b69c9878dbfbcb070cdde0eaa29b206f36b459e0a67f242671e2e3728f25e0ee
backend/mt111/exercises.csv	13848	618ab12338b09b3c744adc897f8dc31174a7052f34d48c27a205f9d3f0590931
backend/mt111/exercises.jsonl	17013	39c15c1340db84d5a9cb5c8ca2cf241736bf48e211c8dbe0fe7e738ed6c50551
backend/mt111/formulas.csv	259815	a2cd749ff6065f19a98893efa105bc29939e769036a72b8e6d3d858f894f2c66
backend/mt111/formulas.jsonl	426235	417cbd14ba4723c5dc6dd04ecf01123e3f5864f5d97a32042cb7a36fe4921b58
backend/mt111/hints.csv	2573	255431898c234c4967d5b620a2da162651a4f4ca4a46a66382adc4b4190ce7b3
backend/mt111/hints.jsonl	3116	9754d9e974898c6f1d0be6f92047346f5578d5ce298fe98905d327824648515e
backend/mt111/proofs.csv	13639	c1c9645c8846b1eed681a0fbbf88bfcba1d10a11780b6077d934b6e5a64ae29c
backend/mt111/proofs.jsonl	17029	fc3f72dec68db4ba0918d402f001496bd2f565c0f9af9797a8c820aa703e5cf3
backend/mt111/relations.csv	14206	84c355cae264784cef613eb9a5aa8258793e070de3bab3350584c5c928713a9a
backend/mt111/relations.jsonl	19616	53311cc1ee61329814fea64479992b15cfd1ffe4fe65a553915f4a714848ae63
backend/mt111/results.csv	27050	9d068f053e3ad56301b7f684d68c226db99a993fef69aa0ed6561cc80e22349e
backend/mt111/results.jsonl	31083	9691c72d3f77654812bb3fead74ca2ae053f56346012970e28b18ca8cd35106d
backend/mt111/segments.csv	25743	56d34d630c83d19d1cabfb69fcdae39e79ff12d45fee1c50b24a5d01b654fff0
backend/mt111/segments.jsonl	43883	2c311f4bfb975ff3c040cfa4c8848e92f9b226322bfb40e8a2f5c68c7f304d0e
backend/mt111/terms.csv	4473	735effbeb53908ea6cf79f4d2ce062e5a5d20d7f8b35e5dbaef78ba3d2763c83
backend/mt111/terms.jsonl	5989	f6a5fc641df133bde4c77105be981746ca8a62c16f628bffa2882ded03a8265f
backend/mt111/xrefs.csv	12034	b2a765d86174a7edd767b3f214ed516043a73ae39c210a697293266633c54247
backend/mt111/xrefs.jsonl	16611	8bc9aa109bd3028aa9c1d626d946c270d4b48b9b833698a1185f9d486d9a72cc
backend/resources.csv	2332	e79ec3768e5dbaa99ef34a57a7fd14a6c8e5135e792c74b00f834e2ca0819a8b
backend/resources.jsonl	3972	862d53b558c811fd26bebf6b04072eec8de5aa490af15224f45e8d8604270abc
backend/rights.csv	421	fae23f154f59ae5486a994a0ed2662bc6b1433e15399985627872529089bd369
backend/rights.jsonl	1217	d57e9f765b9103e6e5056955fe815040fecbbd48f2e2bc456e0657b6d92ee75d
backend/schema.json	10953	6c7291973cb43247663a29cb8a0d5b3a0905c7c626bf8648c6f679edead06255
backend/units.csv	780	527c293b040ede73c174f2951cd3c01b8f7ee52a00f4a2c422af84968a3f2ae8
backend/units.jsonl	1125	03ff0ab0aa3bf60506ce7001fa55d284c6c948102fdb05193721d3456522b167
backend/volumes.csv	600	6c89d1c88cc3273b08af5afc1773eee1c3f1cf511dd9d4cce83656b89fdd0347
backend/volumes.jsonl	1370	8f1568a4878c6d85a3c45b3a68ed5ce0336e7298dc80fdc6b7f752c8f594ed4e
qa/fremlin-baseline-renders/v1-p001.png	11845	24d49f87f2947325ea8bd001cae0eaf288eb5849b4edeaeaffa8760e2e82dc3f
qa/fremlin-baseline-renders/v1-p010.png	231400	2b00447345b3ac68713612ed6cd55c19b7e5f3ee8c8bec3a3e91f255c856756c
qa/fremlin-baseline-renders/v1-p019.png	233128	f855ce0199de09403e8dfc5ef0d8dea03c143b4af07a9829a98c843823f9dda3
qa/fremlin-baseline-renders/v1-p063.png	225698	7b11590e6381f1116b962bd85ee3aa272d89ba22aaa141381ce8b0cd0534c356
qa/fremlin-baseline-renders/v1-p100.png	170668	d2774b09c7488b88b409b14faa6530b47f773fd1aa80af5f10626a23069cce5f
qa/fremlin-baseline-renders/v1-p104.png	162803	041a72b3d754309882758923b2aabe000021fd3e072124978079439bd65b60cb
qa/fremlin-baseline-renders/v2-p001.png	12013	4338aaade2017aafacdc3a8da4f87957b41999949bb4c422947ae965af64bf02
qa/fremlin-baseline-renders/v2-p092.png	120074	50523337d6c70cae2b2450dc5c94c4a19f9348a26226e489885f9aef1dc86046
qa/fremlin-baseline-renders/v2-p133.png	227449	742f0570abb04e404676548f80f9d3b31ec7c43749d7173afe942236c9d02f0d
qa/fremlin-baseline-renders/v2-p196.png	252109	f5d5e171d402b96468c445661a8bfb2b1077d65fae3bb657d72b3aa3898b2cac
qa/fremlin-baseline-renders/v2-p250.png	230323	229ab84a9a5e5eb1028ab5ca463abb0f6984b73bffe2cbbe0ab4af167cf4f67e
qa/fremlin-baseline-renders/v2-p390.png	169367	9c3856241c90473700f1959e15e071d0c59c7aa3097bc56cbad1d32db35af5cb
qa/fremlin-baseline-renders/v2-p494.png	178772	e569fca888ce8f269a87f54a75f3b287c2acfb6ba79677f0aff0909c7120316d
qa/fremlin-baseline-renders/v2-p570.png	195021	0efff6d28097c814663dcccbb5c37e32d17e9821a8e348d9729386341c803cac
qa/mt111-backend-validation.json	543	b5212512b118cdc8fc93d391e62229211cbbf99a82e3f956b555527627da5704
qa/mt111-build-receipt.json	1297	82d88dc075d68b9165e9d42e1be41977070506e8d55b06fe216d3e4ce284ddbb
qa/mt111-dvipdfmx.log	94	f50ead3069c0f6c3c2fe2f615b2b1bb0e36d7aae2486baa1173f0a9ed34fecef
qa/mt111-html-render.log	578	6c2ae1ac50b035f983b2005e76b1d5353e1a87bef078056e1d42a47ddbc2aed1
qa/mt111-reader-qa.json	1516	2cb5b8e53fff65d8c97d7f321f91d5f75b3898c5c1149eb956db54a612fc321d
qa/mt111-structural-qa.json	1906	4aaa7fc8e82c19c8eb8d57faf9e147b9158924787ceda6735a7cb2076e65caa0
qa/mt111-tex-pass1.log	2102	ffc5f9d6e1a16fdb0c2984739c8bab4b882d4aeb27fe0b191614a01ebbe8e389
qa/mt111-tex-pass2.log	2102	ffc5f9d6e1a16fdb0c2984739c8bab4b882d4aeb27fe0b191614a01ebbe8e389
qa/mt111-visual-browser-qa.json	1149	c77830fd4a6494c6c0d5c27833ca6ed05fc38728b422ea46c8df85ffe4595e1a
reader/ATTRIBUTION.md	1414	6f59eb6161435196a2a1e380b620a78d1eda82e14f8c15ae04d330562d91f6ad
reader/pdf/unit111-id.tex	2048	2cb08855f2b8d88066221e22bad7ceb9cf42d024ee4cf004c5f5fea9e46a2790
reader/static/reader.css	3581	4d20c2e1647fe732711c80c6153483e8d4c5bc75ed06fe6104493832dbceb55d
scripts/build_mt111.py	10147	4261a26b5670ecb0e28fc182c2dbf3cdbd2200b17150cf3601d53a711e0c6fc1
scripts/generate_release_tree_manifest.py	1011	57444480973126ddd6116daf7d6a4022e67d7c1aa99d3512b6dc4fc8e7b0a6f7
scripts/publish_s111_github.py	27204	f5211e25e55d41e8d2a2ab7dda1df9ed4cdf7e5206ab88e2810e891b30f85e6d
scripts/qa_mt111.py	10923	82d615c2fc94235f6b954970420d97b5fd909257f304859933b56e7a69ae4a32
scripts/qa_reader_mt111.py	13498	6e8c3049bbcf82dfdd702e99098371635d6950ea3e4ee042c9978028369f43c4
scripts/render_mt111_html.py	19356	87ee118ef77311cb40ec6c4f3a23a7737237d7750c87fd559031c9e67859c2a9
scripts/validate_backend.py	13633	721102d3d7ac26839b86a3010cfb2e05b9a7b9e21e412fd9ab58faa4a21f7d4b
source/id-ID/mt111.tex	26931	e0897b3b44d947c89e7b666b8bdee7e9e9bc098a6680ba09e96eb27c97a8d296
vendor/MATHJAX_PROVENANCE.md	751	45adb15dc91217447a86151a6136900396919247efef36e5ec8449b4cc683535
vendor/mathjax-3.2.2/LICENSE	11358	cfc7749b96f63bd31c3c42b5c471bf756814053e847c10f3eb003417bc523d30
vendor/mathjax-3.2.2/a11y/assistive-mml.js	6460	5b8414e36cd63d154b90beab67e5e3399c7439aff97f4b556761224f8176f657
vendor/mathjax-3.2.2/output/chtml/fonts/woff-v2/MathJax_AMS-Regular.woff	40808	3de784d07b9fa8f104c10928a878ee879cf3305cae5195cba663c9c2bb0195eb
vendor/mathjax-3.2.2/output/chtml/fonts/woff-v2/MathJax_Calligraphic-Bold.woff	9908	af04542b29eaac04550a140c5f1760a649783989426f2540855bf4157819367d
vendor/mathjax-3.2.2/output/chtml/fonts/woff-v2/MathJax_Calligraphic-Regular.woff	9600	26683bf201fb258a2237d9754616de9d4ecf4cc1cd39dd1902476df7d75f1d16
vendor/mathjax-3.2.2/output/chtml/fonts/woff-v2/MathJax_Fraktur-Bold.woff	22340	721921bab0d001ebff0206c24cb5de6ca136467bf1843a7aa32030ba061d1e92
vendor/mathjax-3.2.2/output/chtml/fonts/woff-v2/MathJax_Fraktur-Regular.woff	21480	870673df72e70f87c91a5a317d558c2c3b54392264ad79bbadc6d424ae8765fe
vendor/mathjax-3.2.2/output/chtml/fonts/woff-v2/MathJax_Main-Bold.woff	34464	88b98cad3688915e50da55553ff6ad185e0dce134b47f176e91b100f8a9b175c
vendor/mathjax-3.2.2/output/chtml/fonts/woff-v2/MathJax_Main-Italic.woff	20832	355254db9ca10a09a3b5f0929d74eb4670f44fbe864c07526a06213e0a0caf6c
vendor/mathjax-3.2.2/output/chtml/fonts/woff-v2/MathJax_Main-Regular.woff	34160	1cb1c39ea642f26a4dfed230b4aea1c3c218689421f6e9c0a7c1811693c4fa07
vendor/mathjax-3.2.2/output/chtml/fonts/woff-v2/MathJax_Math-BoldItalic.woff	19776	8ea8dbb1b02e6f730f55b4cb5d413b785b9f5c39807d0a0fa7da206a0824a457
vendor/mathjax-3.2.2/output/chtml/fonts/woff-v2/MathJax_Math-Italic.woff	19360	a009bea404f7a500ded48f8b9ad9cf16e12504b3195dd9e25975289b8256b0f0
vendor/mathjax-3.2.2/output/chtml/fonts/woff-v2/MathJax_Math-Regular.woff	19288	c01d3321e89b403c4b811aa153c4e618eda3421f92d8a072a02c8d190782a191
vendor/mathjax-3.2.2/output/chtml/fonts/woff-v2/MathJax_SansSerif-Bold.woff	15944	32792104b5ef69eded905b6d1598ed05d8087684d38e7a94d52e3c38ba16f47e
vendor/mathjax-3.2.2/output/chtml/fonts/woff-v2/MathJax_SansSerif-Italic.woff	14628	fc6ddf5df402b263cfb158aed8e89972542c34b719cd87b1db30461985f7bd5b
vendor/mathjax-3.2.2/output/chtml/fonts/woff-v2/MathJax_SansSerif-Regular.woff	12660	b418136e3b384baaadecb70bd3c48a8da9825210130b2897db808c44efc883cb
vendor/mathjax-3.2.2/output/chtml/fonts/woff-v2/MathJax_Script-Regular.woff	11852	af96f67d7accf5fd2a4a682d0b9f8b339f8ea6fe34c310c1694c8ba7f6ddc96f
vendor/mathjax-3.2.2/output/chtml/fonts/woff-v2/MathJax_Size1-Regular.woff	5792	c49810b53ecc0d87d8028762c518924197dd9d3f905b08f99ea241301085b9cb
vendor/mathjax-3.2.2/output/chtml/fonts/woff-v2/MathJax_Size2-Regular.woff	5464	30e889b58cbc51adfbb038ab1a96dc4025aa3542a3cff7712fc55ece510675e2
vendor/mathjax-3.2.2/output/chtml/fonts/woff-v2/MathJax_Size3-Regular.woff	3244	5cda41563a095bd70c78e2dda13d0f8cb922c71c90fffd0a0044c65173a66e83
vendor/mathjax-3.2.2/output/chtml/fonts/woff-v2/MathJax_Size4-Regular.woff	5148	3bc6ecaae7ecf6f8d7f8ea07bddbaca8601e2cb6e89d6aef58e78d9f6d8a398f
vendor/mathjax-3.2.2/output/chtml/fonts/woff-v2/MathJax_Typewriter-Regular.woff	17604	c56da8d69f1a0208b8e0703656c3264b6dd748bd452524c82b0385b60f6a68c1
vendor/mathjax-3.2.2/output/chtml/fonts/woff-v2/MathJax_Vector-Bold.woff	1116	36e0d72d8a7afc696a3e7a5c7369807634640de9b02257bca447bdf126221a27
vendor/mathjax-3.2.2/output/chtml/fonts/woff-v2/MathJax_Vector-Regular.woff	1136	72bc573386dd1d48c5bbd286302ca9e3400c5eb0f298e7cfbf945b9d08fc688f
vendor/mathjax-3.2.2/output/chtml/fonts/woff-v2/MathJax_Zero.woff	1368	481e39042508ae313a60618af1e37146ab93e9324c98e4c78b8f17fe55d41e0b
vendor/mathjax-3.2.2/tex-chtml.js	1160989	0a6ded5abbce13331658dd239f34382abd06492c74b71b61e8caa8112ec55fa5
