schema_version,record_type,id,unit_id,rights_id,segment_id,exercise_id,source_anchor,semantic_anchor,source_line_start,target_line_start,source_text,target_text,source_raw_tex_sha256,target_raw_tex_sha256,hint_ordinal,provenance
1.1.0,hint,O007-FREMLIN-V2-S262-HINT-262XJ-01,O007-FREMLIN-V2-S262,O007-RIGHTS-FREMLIN-DSL,O007-FREMLIN-V2-S262-SEG-262XJ,O007-FREMLIN-V2-S262-EXERCISE-262XJ,262Xj,262Xj,1193,1181,255Xd.,255Xd.,818bec5cb6b8ef824f8aa32c87763ff55db8b48d0a1ef655ce86ed880db721fa,818bec5cb6b8ef824f8aa32c87763ff55db8b48d0a1ef655ce86ed880db721fa,1,"{""basis"":""active Hint macro associated with 262Xj"",""kind"":""source-derived-hint-map""}"
1.1.0,hint,O007-FREMLIN-V2-S262-HINT-262XK-01,O007-FREMLIN-V2-S262,O007-RIGHTS-FREMLIN-DSL,O007-FREMLIN-V2-S262-SEG-262XK,O007-FREMLIN-V2-S262-EXERCISE-262XK,262Xk,262Xk,1210,1199,"show first that, for a suitable $M$,
$|f(x,t)-f(x,t')|\le M|g(x)|\|t-t'\|$ for every  $t$, $t'\in G$ and
$x\in X$.","tunjukkan terlebih dahulu bahwa, untuk suatu $M$ yang sesuai,
$|f(x,t)-f(x,t')|\le M|g(x)|\|t-t'\|$ untuk setiap $t$, $t'\in G$ dan
$x\in X$.",1932e37d47b98fc98cf02825c9fd6a5bf2bf1ad3d761a4cee3fabdfea5c9f7ce,9f4ee4e623ef46b00471bc5982e6a95884fbae57c66fbdc173d6d7bee5611f68,1,"{""basis"":""active Hint macro associated with 262Xk"",""kind"":""source-derived-hint-map""}"
1.1.0,hint,O007-FREMLIN-V2-S262-HINT-262YE-01,O007-FREMLIN-V2-S262,O007-RIGHTS-FREMLIN-DSL,O007-FREMLIN-V2-S262-SEG-262YE,O007-FREMLIN-V2-S262-EXERCISE-262YE,262Ye,262Ye,1261,1250,"262Xj, 262Xk.","262Xj, 262Xk.",16884283ca1b642fda98e37d3b351b6a44c23ac552dfd9b3b7a8ae457d5851a3,16884283ca1b642fda98e37d3b351b6a44c23ac552dfd9b3b7a8ae457d5851a3,1,"{""basis"":""active Hint macro associated with 262Ye"",""kind"":""source-derived-hint-map""}"
1.1.0,hint,O007-FREMLIN-V2-S262-HINT-262YF-01,O007-FREMLIN-V2-S262,O007-RIGHTS-FREMLIN-DSL,O007-FREMLIN-V2-S262-SEG-262YF,O007-FREMLIN-V2-S262-EXERCISE-262YF,262Yf,262Yf,1272,1262,"start with continuous functions $f$ with bounded support, and use
242O.","mulailah dengan fungsi-fungsi kontinu $f$ yang mempunyai dukungan
terbatas, dan gunakan 242O.",204c507472bb9968fb89427bc8136693e95f822199d390e38cbcfcfb29a34140,10780d9accef6567f6943bb96c2d3df03730599ac9f0f8c182fd3688dd5b1958,1,"{""basis"":""active Hint macro associated with 262Yf"",""kind"":""source-derived-hint-map""}"
1.1.0,hint,O007-FREMLIN-V2-S262-HINT-262YG-01,O007-FREMLIN-V2-S262,O007-RIGHTS-FREMLIN-DSL,O007-FREMLIN-V2-S262-SEG-262YG,O007-FREMLIN-V2-S262-EXERCISE-262YG,262Yg,262Yg,1279,1269,"{\it either} reduce to the case in which $f$ has bounded support
and use 262Yf {\it or} adapt the method of 242Xi.","{\it salah satu}: reduksikan ke kasus ketika $f$ mempunyai dukungan
terbatas dan gunakan 262Yf; {\it atau} sesuaikan metode 242Xi.",3c58f4752ebce42ee23355a88ec32dc79f67ce4c45ca1b3bd4692241f35093d4,5e5bc479dc3221c2ef1b356f6b6d8c2a8aeb8a797856094d212ff33fb3fbfbf9,1,"{""basis"":""active Hint macro associated with 262Yg"",""kind"":""source-derived-hint-map""}"
