schema_version,record_type,id,unit_id,rights_id,segment_id,order,source_anchor,semantic_anchor,source_text,target_text,source_raw_tex_sha256,target_raw_tex_sha256,importance,importance_basis,provenance
1.1.0,exercise,O007-FREMLIN-V2-S225-EXERCISE-225XA,O007-FREMLIN-V2-S225,O007-RIGHTS-FREMLIN-DSL,O007-FREMLIN-V2-S225-SEG-225XA,1,225X,225Xa,"\leader{225X}{Basic exercises (a)} 
%\spheader 225Xa
Show directly from the definition in
225B (without appealing to
225E) that any absolutely continuous real-valued function on a closed
interval $[a,b]$ is expressible as the difference of non-decreasing
absolutely continuous functions.
%225B

","\leader{225X}{Latihan dasar (a)}
%\spheader 225Xa
Tunjukkan langsung dari definisi dalam
225B (tanpa menggunakan
225E) bahwa setiap fungsi bernilai real yang kontinu mutlak pada suatu interval
tertutup $[a,b]$ dapat dinyatakan sebagai selisih fungsi-fungsi kontinu mutlak
yang tak-menurun.
%225B

",fb7a6807e069a0f7608b2d14579e9c43e96fb6141fadcd60bd78a92010c904e5,2a6a50e7ebc937c73f9a607e50073c8d607c6cf187be8154d69686baaad652c6,true,source basic-exercise block,"{""basis"":""complete ordered exercise source range"",""kind"":""source-derived-exercise-map""}"
1.1.0,exercise,O007-FREMLIN-V2-S225-EXERCISE-225XB,O007-FREMLIN-V2-S225,O007-RIGHTS-FREMLIN-DSL,O007-FREMLIN-V2-S225-SEG-225XB,2,225Xb,225Xb,"\spheader 225Xb Show directly from the definition in 225B and
the Mean Value Theorem (without appealing to 225K) that if a function
$f$ is continuous on a closed interval $[a,b]$, differentiable on the
open interval $\ooint{a,b}$, and has bounded derivative in
$\ooint{a,b}$, then $f$ is absolutely continuous, so that
$f(x)=f(a)+\int_a^xf'$ for every $x\in[a,b]$.
%225E

","\spheader 225Xb Tunjukkan langsung dari definisi dalam 225B dan
Teorema Nilai Rata-Rata (tanpa menggunakan 225K) bahwa jika suatu fungsi
$f$ kontinu pada interval tertutup $[a,b]$, terdiferensialkan pada interval
terbuka $\ooint{a,b}$, dan turunannya terbatas pada
$\ooint{a,b}$, maka $f$ kontinu mutlak, sehingga
$f(x)=f(a)+\int_a^xf'$ untuk setiap $x\in[a,b]$.
%225E

",9f7909c26a41d432595be46a5f5ceb899ae9089c0478cf300684e876f07dc994,70d664b42717811db25831cf33314747652b7837d5be5181f9d13434a08f1969,true,source basic-exercise block,"{""basis"":""complete ordered exercise source range"",""kind"":""source-derived-exercise-map""}"
1.1.0,exercise,O007-FREMLIN-V2-S225-EXERCISE-225XC,O007-FREMLIN-V2-S225,O007-RIGHTS-FREMLIN-DSL,O007-FREMLIN-V2-S225-SEG-225XC,3,225Xc,225Xc,"\spheader 225Xc Show that if $f:[a,b]\to\Bbb R$ is absolutely
continuous, then $\Var f=\int_a^b|f'|$.   \Hint{put 224I and
225E together.}
%225E

","\spheader 225Xc Tunjukkan bahwa jika $f:[a,b]\to\Bbb R$ kontinu
mutlak, maka $\Var f=\int_a^b|f'|$.   \Hint{gabungkan 224I dan
225E.}
%225E

",285eab94eb1af3486fc597e222fa7d2c6b964c49642cf8a767509e707675a2a3,36a81c3ad481e570130985a0b66745715d6909c66f019fe0d115a6123ba79e82,true,source basic-exercise block,"{""basis"":""complete ordered exercise source range"",""kind"":""source-derived-exercise-map""}"
1.1.0,exercise,O007-FREMLIN-V2-S225-EXERCISE-225XD,O007-FREMLIN-V2-S225,O007-RIGHTS-FREMLIN-DSL,O007-FREMLIN-V2-S225-SEG-225XD,4,225Xd,225Xd,"\spheader 225Xd Let $g:\Bbb R\to\Bbb R$ be a
non-decreasing function which is absolutely continuous on every bounded
interval; let $\mu_g$ be the associated Lebesgue-Stieltjes measure
(114Xa), and $\Sigma_g$ its domain.   Show that $\int_Eg'=\mu_gE$  for
any $E\in\Sigma_g$, if we allow $\infty$ as a value of the
integral.   \Hint{start with intervals $E$.}
%225E

","\spheader 225Xd Misalkan $g:\Bbb R\to\Bbb R$ suatu fungsi
tak-menurun yang kontinu mutlak pada setiap interval terbatas;
misalkan $\mu_g$ ukuran Lebesgue-Stieltjes yang bersesuaian
(114Xa), dan $\Sigma_g$ domainnya.   Tunjukkan bahwa $\int_Eg'=\mu_gE$ untuk
setiap $E\in\Sigma_g$, jika kita mengizinkan $\infty$ sebagai nilai
integral.   \Hint{mulailah dengan interval $E$.}
%225E

",700d5765402eb6088c388e6002f8ec9726392022cc8515478eb85767f9c7dac9,036677d25cf1addac24e4178dd4e4b2d6adc5815f38e30ef45e24242df181de7,true,source basic-exercise block,"{""basis"":""complete ordered exercise source range"",""kind"":""source-derived-exercise-map""}"
1.1.0,exercise,O007-FREMLIN-V2-S225-EXERCISE-225XE,O007-FREMLIN-V2-S225,O007-RIGHTS-FREMLIN-DSL,O007-FREMLIN-V2-S225-SEG-225XE,5,225Xe,225Xe,"\spheader 225Xe Let $g:[a,b]\to\Bbb R$ be a non-decreasing
absolutely continuous function, and $f:[g(a),g(b)]\to\Bbb R$ a
continuous function.   Show that $\int_{g(a)}^{g(b)}f(t)dt=
\int_a^bf(g(t))g'(t)dt$.   \Hint{set $F(x)=\int_{g(a)}^xf$,
$G=Fg$ and consider $\int_a^bG'(t)dt$.   See also 263J.}
%225E

","\spheader 225Xe Misalkan $g:[a,b]\to\Bbb R$ suatu fungsi kontinu
mutlak yang tak-menurun, dan $f:[g(a),g(b)]\to\Bbb R$ suatu fungsi
kontinu.   Tunjukkan bahwa $\int_{g(a)}^{g(b)}f(t)dt=
\int_a^bf(g(t))g'(t)dt$.   \Hint{tetapkan $F(x)=\int_{g(a)}^xf$,
$G=Fg$ dan tinjau $\int_a^bG'(t)dt$.   Lihat juga 263J.}
%225E

",d4f543bbc4cdaf8e2a607b456a33a82eea762fe48f9f95d957630b4fe46c839c,ffbbddd0bab79750c3a4685d60c016307c8b2707edfac1bbaf50bab5399a2516,true,source basic-exercise block,"{""basis"":""complete ordered exercise source range"",""kind"":""source-derived-exercise-map""}"
1.1.0,exercise,O007-FREMLIN-V2-S225-EXERCISE-225XF,O007-FREMLIN-V2-S225,O007-RIGHTS-FREMLIN-DSL,O007-FREMLIN-V2-S225-SEG-225XF,6,225Xf,225Xf,"\spheader 225Xf Suppose that $I\subseteq\Bbb R$ is any
non-trivial interval (bounded or unbounded, open, closed or half-open,
but not empty or a singleton), and $f:I\to\Bbb R$ a function.   Show
that
$f$ is absolutely continuous on every closed bounded subinterval of $I$
iff there is a function $g$ such that $\int_a^bg=f(b)-f(a)$ whenever
$a\le b$ in $I$, and in this case $g$ is integrable iff $f$ is of
bounded variation on $I$.
%225E

","\spheader 225Xf Andaikan bahwa $I\subseteq\Bbb R$ sembarang
interval tak-sepele (terbatas atau tak terbatas, terbuka, tertutup, atau
setengah terbuka, tetapi bukan himpunan kosong ataupun himpunan satu anggota),
dan $f:I\to\Bbb R$ suatu fungsi.   Tunjukkan bahwa
$f$ kontinu mutlak pada setiap subinterval tertutup dan terbatas dari $I$
jika dan hanya jika terdapat fungsi $g$ sedemikian sehingga
$\int_a^bg=f(b)-f(a)$ setiap kali
$a\le b$ dalam $I$, dan dalam hal ini $g$ terintegralkan jika dan hanya jika
$f$ mempunyai variasi terbatas pada $I$.
%225E

",b2b26ff5e6d1e26aeabc628a0426e0dcd41d471e7563560a9ae00661e2595274,2479cf9097efba0bc31754b4bae219e9edfb6d152a95222c976ae552398a7981,true,source basic-exercise block,"{""basis"":""complete ordered exercise source range"",""kind"":""source-derived-exercise-map""}"
1.1.0,exercise,O007-FREMLIN-V2-S225-EXERCISE-225XG,O007-FREMLIN-V2-S225,O007-RIGHTS-FREMLIN-DSL,O007-FREMLIN-V2-S225-SEG-225XG,7,225Xg,225Xg,"\spheader 225Xg Show that
$\biggerint_0^1\Bover{\ln x}{x-1}dx=\sum_{n=1}^{\infty}\Bover1{n^2}$.
\Hint{use 225F to find $\int_0^1x^n\ln x\,dx$, and recall that
$\bover1{1-x}=\sum_{n=0}^{\infty}x^n$ for $0\le x<1$.}
%225F

","\spheader 225Xg Tunjukkan bahwa
$\biggerint_0^1\Bover{\ln x}{x-1}dx=\sum_{n=1}^{\infty}\Bover1{n^2}$.
\Hint{gunakan 225F untuk menentukan $\int_0^1x^n\ln x\,dx$, dan ingat bahwa
$\bover1{1-x}=\sum_{n=0}^{\infty}x^n$ untuk $0\le x<1$.}
%225F

",39fb3d36516d1c91747cea1a86f4a66491f4e9efcc1ac8407b55ac0a174aa620,e666835f5de8a7e20da9058ab002cb5a5bf194d62a2a936d0d6809f28a1533c0,true,source basic-exercise block,"{""basis"":""complete ordered exercise source range"",""kind"":""source-derived-exercise-map""}"
1.1.0,exercise,O007-FREMLIN-V2-S225-EXERCISE-225XH,O007-FREMLIN-V2-S225,O007-RIGHTS-FREMLIN-DSL,O007-FREMLIN-V2-S225-SEG-225XH,8,225Xh,225Xh,"\spheader 225Xh(i) Show that $\int_0^1t^adt$ is finite for
every $a>-1$.   (ii) Show that $\int_1^{\infty}t^ae^{-t}dt$ is finite
for every $a\in\Bbb R$.   \Hint{show that there is an $M$ such
that $t^a\le Me^{t/2}$ for $t\ge 1$.}   (iii) Show that
$\Gamma(a)=\int_0^{\infty}t^{a-1}e^{-t}dt$ is defined for every $a>0$.
(iv) Show that $\Gamma(a+1)=a\Gamma(a)$ for every $a>0$.   (v) Show that
$\Gamma(n+1)=n!$ for every $n\in\Bbb N$.

($\Gamma$ is of course the {\bf gamma function}.)
%225F

","\spheader 225Xh(i) Tunjukkan bahwa $\int_0^1t^adt$ berhingga untuk
setiap $a>-1$.   (ii) Tunjukkan bahwa $\int_1^{\infty}t^ae^{-t}dt$ berhingga
untuk setiap $a\in\Bbb R$.   \Hint{tunjukkan bahwa terdapat $M$
sedemikian sehingga $t^a\le Me^{t/2}$ untuk $t\ge 1$.}   (iii) Tunjukkan bahwa
$\Gamma(a)=\int_0^{\infty}t^{a-1}e^{-t}dt$ terdefinisi untuk setiap $a>0$.
(iv) Tunjukkan bahwa $\Gamma(a+1)=a\Gamma(a)$ untuk setiap $a>0$.   (v) Tunjukkan bahwa
$\Gamma(n+1)=n!$ untuk setiap $n\in\Bbb N$.

($\Gamma$ tentu saja merupakan {\bf fungsi gama}.)
%225F

",f8a092b0cfca239127094b5b50c0a2c4c73afca3b4473671fb686c92c044d247,623736c10a670e44fc7773142dd17d4f4b92e907c9547b4b4fb85f2d57390a77,true,source basic-exercise block,"{""basis"":""complete ordered exercise source range"",""kind"":""source-derived-exercise-map""}"
1.1.0,exercise,O007-FREMLIN-V2-S225-EXERCISE-225XI,O007-FREMLIN-V2-S225,O007-RIGHTS-FREMLIN-DSL,O007-FREMLIN-V2-S225-SEG-225XI,9,225Xi,225Xi,"\spheader 225Xi Show that if $b>0$ then
$\int_0^{\infty}u^{b-1}e^{-u^2/2}du=2^{(b-2)/2}\Gamma(\bover{b}2)$.
\Hint{consider $f(t)=t^{(b-2)/2}e^{-t}$, $g(u)=u^2/2$ in 225Xe.}
%225Xe, 225Xh, 225F

","\spheader 225Xi Tunjukkan bahwa jika $b>0$, maka
$\int_0^{\infty}u^{b-1}e^{-u^2/2}du=2^{(b-2)/2}\Gamma(\bover{b}2)$.
\Hint{tinjau $f(t)=t^{(b-2)/2}e^{-t}$, $g(u)=u^2/2$ dalam 225Xe.}
%225Xe, 225Xh, 225F

",c68e33640f2bd408d371b928c86c935f432c79cf1d60c839c76bb2e178747c3e,83c46fad52e8b8933989b4ff5c57309277fb4c380234ad52f1ea02072355df48,true,source basic-exercise block,"{""basis"":""complete ordered exercise source range"",""kind"":""source-derived-exercise-map""}"
1.1.0,exercise,O007-FREMLIN-V2-S225-EXERCISE-225XJ,O007-FREMLIN-V2-S225,O007-RIGHTS-FREMLIN-DSL,O007-FREMLIN-V2-S225-SEG-225XJ,10,225Xj,225Xj,"\spheader 225Xj Suppose that $f$, $g$ are
lower semi-continuous functions, defined on subsets of $\BbbR^r$,
and taking values in $\ocint{-\infty,\infty}$.   (i) Show that $f+g$,
$f\wedge g$ and $f\vee g$ are lower semi-continuous, and that
$\alpha f$ is lower
semi-continuous for every $\alpha\ge 0$.   (ii) Show that if $f$ and $g$
are non-negative, then $f\times g$ is lower semi-continuous.
(iii) Show that if $f$ is non-negative and $g$ is continuous, then
$f\times g$ is lower semi-continuous.   (iv) Show that if $f$ is
non-decreasing then the composition $fg$ is lower semi-continuous.
%225H

","\spheader 225Xj Andaikan bahwa $f$, $g$ adalah
fungsi-fungsi semikontinu bawah yang didefinisikan pada subhimpunan-subhimpunan $\BbbR^r$,
dan bernilai dalam $\ocint{-\infty,\infty}$.   (i) Tunjukkan bahwa $f+g$,
$f\wedge g$ dan $f\vee g$ semikontinu bawah, dan bahwa
$\alpha f$ semikontinu
bawah untuk setiap $\alpha\ge 0$.   (ii) Tunjukkan bahwa jika $f$ dan $g$
nonnegatif, maka $f\times g$ semikontinu bawah.
(iii) Tunjukkan bahwa jika $f$ nonnegatif dan $g$ kontinu, maka
$f\times g$ semikontinu bawah.   (iv) Tunjukkan bahwa jika $f$
tak-menurun, maka komposisi $fg$ semikontinu bawah.
%225H

",ab717b3be95637208456550b207f25a8470b2c3a00d203ca9244f0fdd4bcb87f,ad5e0dbf0c13202d2c9c8ca28d18d16b7d8024e9c358e5ae698519f2b5317fcd,true,source basic-exercise block,"{""basis"":""complete ordered exercise source range"",""kind"":""source-derived-exercise-map""}"
1.1.0,exercise,O007-FREMLIN-V2-S225-EXERCISE-225XK,O007-FREMLIN-V2-S225,O007-RIGHTS-FREMLIN-DSL,O007-FREMLIN-V2-S225-SEG-225XK,11,225Xk,225Xk,"\spheader 225Xk Let $A$ be a non-empty family of lower
semi-continuous functions defined on subsets of $\BbbR^r$ and taking
values in $[-\infty,\infty]$.   Set $g(x)=\sup\{f(x):f\in A,\,x\in\dom
f\}$ for $x\in
D=\bigcup_{f\in A}\dom f$.   Show that $g$ is lower
semi-continuous.
%225H

","\spheader 225Xk Misalkan $A$ suatu keluarga tak kosong dari fungsi-fungsi
semikontinu bawah yang didefinisikan pada subhimpunan-subhimpunan $\BbbR^r$ dan bernilai
dalam $[-\infty,\infty]$.   Tetapkan $g(x)=\sup\{f(x):f\in A,\,x\in\dom
f\}$ untuk $x\in
D=\bigcup_{f\in A}\dom f$.   Tunjukkan bahwa $g$ semikontinu
bawah.
%225H

",f2974d129e154cb0d71daf5e494b88fa799c17cb3fadf461a6199d0df466b8c9,566133dc7cefbf143428b7279177d93c0cf2c5b8e99761561600b17252370d4a,true,source basic-exercise block,"{""basis"":""complete ordered exercise source range"",""kind"":""source-derived-exercise-map""}"
1.1.0,exercise,O007-FREMLIN-V2-S225-EXERCISE-225XL,O007-FREMLIN-V2-S225,O007-RIGHTS-FREMLIN-DSL,O007-FREMLIN-V2-S225-SEG-225XL,12,225Xl,225Xl,"\spheader 225Xl Let $f:[a,b]\to\Bbb R$ be an absolutely continuous
function, where $a\le b$.   (i) Show that $|f|:[a,b]\to\Bbb R$ is
absolutely continuous.   (ii)  Show that $gf$ is absolutely continuous
whenever $g:f[\,[a,b]\,]\to\Bbb R$ is absolutely continuous and
$g'$ is bounded.   (iii) Show that if $g:[a,b]\to\Bbb R$ is absolutely
continuous and $\inf_{x\in[a,b]}|g(x)|>0$ then
$f/g$ is absolutely continuous.
%225K

","\spheader 225Xl Misalkan $f:[a,b]\to\Bbb R$ suatu fungsi kontinu mutlak,
dengan $a\le b$.   (i) Tunjukkan bahwa $|f|:[a,b]\to\Bbb R$ kontinu
mutlak.   (ii) Tunjukkan bahwa $gf$ kontinu mutlak
setiap kali $g:f[\,[a,b]\,]\to\Bbb R$ kontinu mutlak dan
$g'$ terbatas.   (iii) Tunjukkan bahwa jika $g:[a,b]\to\Bbb R$ kontinu
mutlak dan $\inf_{x\in[a,b]}|g(x)|>0$, maka
$f/g$ kontinu mutlak.
%225K

",9d64817a6455ea45db40e0bd8c30df9f6d237ae3f98a66b4a23f538213fa36b1,660f76b8e6ddfe826d8a9dddd9c902489df19bd9bb6bb6d7f182f8314453e993,true,source basic-exercise block,"{""basis"":""complete ordered exercise source range"",""kind"":""source-derived-exercise-map""}"
1.1.0,exercise,O007-FREMLIN-V2-S225-EXERCISE-225XM,O007-FREMLIN-V2-S225,O007-RIGHTS-FREMLIN-DSL,O007-FREMLIN-V2-S225-SEG-225XM,13,225Xm,225Xm,"\spheader 225Xm Suppose that $f:[a,b]\to\Bbb R$ is continuous, and
differentiable at all but countably many
points of $[a,b]$.   Show that $f$ is absolutely continuous iff it is of
bounded variation.
%225K

","\spheader 225Xm Andaikan bahwa $f:[a,b]\to\Bbb R$ kontinu, dan
terdiferensialkan pada semua kecuali terhitung banyak
titik dari $[a,b]$. Tunjukkan bahwa $f$ kontinu mutlak jika dan hanya jika
fungsi tersebut mempunyai variasi terbatas.
%225K

",c848da6011dd3dd3727a1360019356c516bc526a030a43edb11f2d0821d27da7,e7ebfdd5ac51220be7561496cef3650fe7e88ab8494300e79d3a75b15a8ac012,true,source basic-exercise block,"{""basis"":""complete ordered exercise source range"",""kind"":""source-derived-exercise-map""}"
1.1.0,exercise,O007-FREMLIN-V2-S225-EXERCISE-225XN,O007-FREMLIN-V2-S225,O007-RIGHTS-FREMLIN-DSL,O007-FREMLIN-V2-S225-SEG-225XN,14,225Xn,225Xn,"\spheader 225Xn Let $f:\coint{0,\infty}\to\Bbb C$ be a function
which is absolutely continuous on $[0,a]$ for every
$a\in\coint{0,\infty}$ and has Laplace transform
$F(s)=\int_0^{\infty}e^{-sx}f(x)dx$ defined on $\{s:\Real s>S\}$.
Suppose also that $\lim_{x\to\infty}e^{-Sx}f(x)=0$.   Show
that $f'$ has Laplace transform $sF(s)-f(0)$ defined whenever $\Real
s>S$.   ({\it Hint\/}:  show that

\Centerline{$f(x)e^{-sx}-f(0)
=\int_0^x\Bover{d}{dt}(f(t)e^{-st})dt$}

\noindent for every $x\ge 0$.)
%225O 225F

","\spheader 225Xn Misalkan $f:\coint{0,\infty}\to\Bbb C$ suatu fungsi
yang kontinu mutlak pada $[0,a]$ untuk setiap
$a\in\coint{0,\infty}$ dan mempunyai transformasi Laplace
$F(s)=\int_0^{\infty}e^{-sx}f(x)dx$ yang terdefinisi pada $\{s:\Real s>S\}$.
Andaikan pula bahwa $\lim_{x\to\infty}e^{-Sx}f(x)=0$.   Tunjukkan
bahwa $f'$ mempunyai transformasi Laplace $sF(s)-f(0)$ yang terdefinisi setiap kali $\Real
s>S$.   ({\it Petunjuk\/}:  tunjukkan bahwa

\Centerline{$f(x)e^{-sx}-f(0)
=\int_0^x\Bover{d}{dt}(f(t)e^{-st})dt$}

\noindent untuk setiap $x\ge 0$.)
%225O 225F

",5088c529a18a6a3ab09a0f299b023cfca427a5a7ac23554c9f65afe46e4ea7e6,cb00903a1ba8eb977182b69527e330b719c9620852135d429fa25fc630e955aa,true,source basic-exercise block,"{""basis"":""complete ordered exercise source range"",""kind"":""source-derived-exercise-map""}"
1.1.0,exercise,O007-FREMLIN-V2-S225-EXERCISE-225YA,O007-FREMLIN-V2-S225,O007-RIGHTS-FREMLIN-DSL,O007-FREMLIN-V2-S225-SEG-225YA,15,225Y,225Ya,"\leader{225Y}{Further exercises (a)}
%\spheader 225Ya
Show that the composition of two absolutely
continuous functions need not be absolutely continuous.   \Hint{224Xb.}
%225B

","\leader{225Y}{Latihan lanjutan (a)}
%\spheader 225Ya
Tunjukkan bahwa komposisi dua fungsi kontinu
mutlak tidak harus kontinu mutlak.   \Hint{224Xb.}
%225B

",c3cc67ee61dfccd40b3beb542d5b37d80120e3bb6bfc6f081755878738a8acc8,17b13ea978be220e9b4b9b2a698a0e37d9ebc8f93539b987dfabde8a46f5e634,false,source further-exercise block,"{""basis"":""complete ordered exercise source range"",""kind"":""source-derived-exercise-map""}"
1.1.0,exercise,O007-FREMLIN-V2-S225-EXERCISE-225YB,O007-FREMLIN-V2-S225,O007-RIGHTS-FREMLIN-DSL,O007-FREMLIN-V2-S225-SEG-225YB,16,225Yb,225Yb,"\spheader 225Yb Let $f:[a,b]\to\Bbb R$ be a continuous function, where
$a<b$.   Set $G=\{x:x\in\ooint{a,b},\,\exists\,y\in\ocint{x,b}$ such
that $f(x)<f(y)\}$.   Show that $G$ is open and is expressible as a
disjoint union of intervals $\ooint{c,d}$ where $f(c)\le f(d)$.   Use
this to prove 225D without calling on Vitali's theorem.
%225D 2A2I

","\spheader 225Yb Misalkan $f:[a,b]\to\Bbb R$ suatu fungsi kontinu, dengan
$a<b$.   Tetapkan $G=\{x:x\in\ooint{a,b},\,\exists\,y\in\ocint{x,b}$ sedemikian
sehingga $f(x)<f(y)\}$.   Tunjukkan bahwa $G$ terbuka dan dapat dinyatakan sebagai
gabungan saling lepas dari interval-interval $\ooint{c,d}$ dengan $f(c)\le f(d)$.   Gunakan
hal ini untuk membuktikan 225D tanpa menggunakan Teorema Vitali.
%225D 2A2I

",08e036469c8519fb47cabd80dc8425a8ed4eb44533124a7d5bd2bbf9a62a9a7b,04799102284777c4cd2026a09f909c8d1c7da1e0df0e61a285b3503f19007c88,false,source further-exercise block,"{""basis"":""complete ordered exercise source range"",""kind"":""source-derived-exercise-map""}"
1.1.0,exercise,O007-FREMLIN-V2-S225-EXERCISE-225YC,O007-FREMLIN-V2-S225,O007-RIGHTS-FREMLIN-DSL,O007-FREMLIN-V2-S225-SEG-225YC,17,225Yc,225Yc,"\spheader 225Yc Let $f:[a,b]\to\Bbb R$ be a function of bounded
variation and $\gamma>0$.   Show that there is an absolutely continuous
function $g:[a,b]\to\Bbb R$ such that $|g'(x)|\le\gamma$ wherever the
derivative is defined and $\{x:x\in[a,b],\,f(x)\ne g(x)\}$ has measure
at most $\bover1{\gamma}\Var f$.   \Hint{reduce to the case of
non-decreasing $f$.   Apply 225Yb to the function
$x\mapsto f(x)-\gamma x$ and show that $\gamma\mu G\le\Var f$.
Set $g(x)=f(x)$ for $x\in\ooint{a,b}\setminus G$.}
%225Yb 225D

","\spheader 225Yc Misalkan $f:[a,b]\to\Bbb R$ suatu fungsi dengan variasi
terbatas dan $\gamma>0$.   Tunjukkan bahwa terdapat fungsi kontinu mutlak
$g:[a,b]\to\Bbb R$ sedemikian sehingga $|g'(x)|\le\gamma$ di setiap titik tempat
turunannya ada dan $\{x:x\in[a,b],\,f(x)\ne g(x)\}$ mempunyai ukuran
paling besar $\bover1{\gamma}\Var f$.   \Hint{cukup buktikan kasus
$f$ tak-menurun.   Terapkan 225Yb pada fungsi
$x\mapsto f(x)-\gamma x$ dan tunjukkan bahwa $\gamma\mu G\le\Var f$.
Tetapkan $g(x)=f(x)$ untuk $x\in\ooint{a,b}\setminus G$.}
%225Yb 225D

",1dd7124f7f479a6b035f3d42751c90f054e756d4db8b2778eebf0dec0920715c,67874d987bcf24d4cd38b582feed3a13d13281c124af39f2fe8c8c3023526a8e,false,source further-exercise block,"{""basis"":""complete ordered exercise source range"",""kind"":""source-derived-exercise-map""}"
1.1.0,exercise,O007-FREMLIN-V2-S225-EXERCISE-225YD,O007-FREMLIN-V2-S225,O007-RIGHTS-FREMLIN-DSL,O007-FREMLIN-V2-S225-SEG-225YD,18,225Yd,225Yd,"\spheader 225Yd\dvAnew{2013}
Let $f:\Bbb R\to\Bbb R$ be a function which is absolutely
continuous on every bounded interval.   Show that
$\Var f\le\bover12\Var f'+\int|f|$.
%225E mt22bits

","\spheader 225Yd\dvAnew{2013}
Misalkan $f:\Bbb R\to\Bbb R$ suatu fungsi yang kontinu
mutlak pada setiap interval terbatas.   Tunjukkan bahwa
$\Var f\le\bover12\Var f'+\int|f|$.
%225E mt22bits

",a5642930cfa3536df169d75616bab044fbba1c3361e9c1517305cc0b80015797,b04e79c7650680dcc8e55ff8abd974ffd1b8f367aef8a57e2a563391ecfaf43e,false,source further-exercise block,"{""basis"":""complete ordered exercise source range"",""kind"":""source-derived-exercise-map""}"
1.1.0,exercise,O007-FREMLIN-V2-S225-EXERCISE-225YE,O007-FREMLIN-V2-S225,O007-RIGHTS-FREMLIN-DSL,O007-FREMLIN-V2-S225-SEG-225YE,19,225Ye,225Ye,"\spheader 225Ye Let $f$ be a non-negative measurable real-valued
function defined on a subset $D$ of $\BbbR^r$, where $r\ge 1$.   Show
that for any $\epsilon>0$ there is a lower semi-continuous
function $g:\BbbR^r\to[-\infty,\infty]$ such that $g(x)\ge f(x)$ for
every $x\in D$ and $\int_Dg-f\le\epsilon$.
%225I

","\spheader 225Ye Misalkan $f$ suatu fungsi bernilai real terukur dan
nonnegatif yang didefinisikan pada suatu subhimpunan $D$ dari $\BbbR^r$, dengan $r\ge 1$.   Tunjukkan
bahwa untuk setiap $\epsilon>0$ terdapat fungsi semikontinu bawah
$g:\BbbR^r\to[-\infty,\infty]$ sedemikian sehingga $g(x)\ge f(x)$ untuk
setiap $x\in D$ dan $\int_Dg-f\le\epsilon$.
%225I

",416a0b9024f92920e9b69d3a2f89021e9f50e942bc14a0fcc61573297899d1ae,e22f732a07ab7ea559fa8df25453d97876a5ec26cabd7bc03d4c756dc2074a7b,false,source further-exercise block,"{""basis"":""complete ordered exercise source range"",""kind"":""source-derived-exercise-map""}"
1.1.0,exercise,O007-FREMLIN-V2-S225-EXERCISE-225YF,O007-FREMLIN-V2-S225,O007-RIGHTS-FREMLIN-DSL,O007-FREMLIN-V2-S225-SEG-225YF,20,225Yf,225Yf,"\spheader 225Yf Let $f$ be a measurable real-valued function
defined on a subset $D$ of $\BbbR^r$, where $r\ge 1$.   Show that for
any $\epsilon>0$ there is a lower semi-continuous function
$g:\BbbR^r\to[-\infty,\infty]$ such that $g(x)\ge f(x)$ for every
$x\in D$ and
$\mu^*\{x:x\in D,\,g(x)>f(x)\}\le\epsilon$.   \Hint{134Yd, 134Fb.}
%225I

","\spheader 225Yf Misalkan $f$ suatu fungsi bernilai real terukur
yang didefinisikan pada suatu subhimpunan $D$ dari $\BbbR^r$, dengan $r\ge 1$.   Tunjukkan bahwa untuk
setiap $\epsilon>0$ terdapat fungsi semikontinu bawah
$g:\BbbR^r\to[-\infty,\infty]$ sedemikian sehingga $g(x)\ge f(x)$ untuk setiap
$x\in D$ dan
$\mu^*\{x:x\in D,\,g(x)>f(x)\}\le\epsilon$.   \Hint{134Yd, 134Fb.}
%225I

",2229a81cc6ad2887bf600f296a3c67db3526b329a47723ed06dc255065e5f0c6,d73aa10dfa42cfed482f5819bfe3d264e80f05abd1782a06cd2175dc44df2a56,false,source further-exercise block,"{""basis"":""complete ordered exercise source range"",""kind"":""source-derived-exercise-map""}"
1.1.0,exercise,O007-FREMLIN-V2-S225-EXERCISE-225YG,O007-FREMLIN-V2-S225,O007-RIGHTS-FREMLIN-DSL,O007-FREMLIN-V2-S225-SEG-225YG,21,225Yg,225Yg,"\spheader 225Yg(i) Show that if $f$ is a Lebesgue measurable real function
then all its Dini derivates are Lebesgue measurable.
(ii) Show that if $f$ is a Borel measurable real function
then all its Dini derivates are Borel measurable.
%225J mt22bits
}%end of exercises

\endnotes{
","\spheader 225Yg(i) Tunjukkan bahwa jika $f$ suatu fungsi real terukur Lebesgue,
maka semua turunan Dini-nya terukur Lebesgue.
(ii) Tunjukkan bahwa jika $f$ suatu fungsi real terukur Borel,
maka semua turunan Dini-nya terukur Borel.
%225J mt22bits
}%end of exercises

\endnotes{
",cb9f45d875f229526ad055cf3f93a17f0c5932803d2be2d582c362c9dbf6d918,1202c7287f146694e89077efe5674d6bd8582b72994ace7386ea807bd0ee24af,false,source further-exercise block,"{""basis"":""complete ordered exercise source range"",""kind"":""source-derived-exercise-map""}"
