schema_version,record_type,id,unit_id,rights_id,segment_id,source_anchor,source_term,target_term,source_text,target_text,source_raw_tex_sha256,target_raw_tex_sha256,provenance
1.1.0,definition,O007-FREMLIN-V2-S274-DEF-274A,O007-FREMLIN-V2-S274,O007-RIGHTS-FREMLIN-DSL,O007-FREMLIN-V2-S274-SEG-274A,274A,normal distribution,distribusi normal,"\leader{274A}{The normal distribution }\cmmnt{We need some facts from
basic probability theory.

\medskip

}{\bf (a)}\cmmnt{ Recall that

\Centerline{$\int_{-\infty}^{\infty}e^{-x^2/2}dx=\sqrt{2\pi}$}

\noindent (263G).   Consequently, if we set}\dvro{ If we set}{}

\Centerline{$\mu_G E=\Bover1{\sqrt{2\pi}}\int_Ee^{-x^2/2}dx$}

\noindent for every Lebesgue measurable set $E$, $\mu_G$ is a Radon
probability measure\cmmnt{ (256E)};  we call it the {\bf standard
normal distribution}.   The corresponding distribution function is

\Centerline{$\Phi(a)
\cmmnt{\mskip5mu =\mu_G\ocint{-\infty,a}}
=\Bover1{\sqrt{2\pi}}\int_{-\infty}^ae^{-x^2/2}dx$}

\noindent for $a\in\Bbb R$;  for the rest of this section I will reserve
the symbol $\Phi$ for this function.

\cmmnt{Writing $\Sigma$ for the algebra of Lebesgue
measurable subsets of $\Bbb R$, $(\Bbb R,\Sigma,\mu_G)$ is a probability
space.   Note that it is complete, and has the same
negligible sets as Lebesgue measure, because $e^{-x^2/2}>0$ for every
$x$ (cf.\ 234Lc).}

","\leader{274A}{Distribusi normal }\cmmnt{Kita memerlukan beberapa fakta dari
teori probabilitas dasar.

\medskip

}{\bf (a)}\cmmnt{ Ingat bahwa

\Centerline{$\int_{-\infty}^{\infty}e^{-x^2/2}dx=\sqrt{2\pi}$}

\noindent (263G). Oleh karena itu, jika kita menetapkan}\dvro{ Jika kita menetapkan}{}

\Centerline{$\mu_G E=\Bover1{\sqrt{2\pi}}\int_Ee^{-x^2/2}dx$}

\noindent untuk setiap himpunan terukur Lebesgue $E$, maka $\mu_G$ adalah
ukuran probabilitas Radon\cmmnt{ (256E)}; kita menyebutnya {\bf distribusi
normal baku}. Fungsi distribusi yang bersesuaian adalah

\Centerline{$\Phi(a)
\cmmnt{\mskip5mu =\mu_G\ocint{-\infty,a}}
=\Bover1{\sqrt{2\pi}}\int_{-\infty}^ae^{-x^2/2}dx$}

\noindent untuk $a\in\Bbb R$; di seluruh bagian ini saya akan mencadangkan
lambang $\Phi$ untuk fungsi tersebut.

\cmmnt{Dengan menulis $\Sigma$ untuk aljabar himpunan bagian terukur
Lebesgue dari $\Bbb R$, $(\Bbb R,\Sigma,\mu_G)$ adalah ruang probabilitas.
Perhatikan bahwa ruang ini lengkap, dan mempunyai himpunan-himpunan terabaikan
yang sama dengan ukuran Lebesgue, karena $e^{-x^2/2}>0$ untuk setiap
$x$ (bandingkan 234Lc).}

",84a637667559a460a0e27ac9dc5810efdc693cc3d215eb5081e88c3b0c589f5b,db9fa88aa75359e405376017f502354c931a570367c3c058c688c832825d6fc6,"{""basis"":""definition-bearing source segment"",""kind"":""source-derived-definition-map""}"
