schema_version,record_type,id,unit_id,rights_id,segment_id,source_anchor,semantic_anchor,source_term,target_term,source_text,target_text,source_raw_tex_sha256,target_raw_tex_sha256,provenance
1.1.0,definition,O007-FREMLIN-V1-S121-DEF-SUBSPACE-SIGMA-ALGEBRA,O007-FREMLIN-V1-S121,O007-RIGHTS-FREMLIN-DSL,O007-FREMLIN-V1-S121-SEG-121A,121A,121A,subspace sigma-algebra,aljabar-sigma subruang,"\leader{121A}{Lemma} Let $X$ be a set and $\Sigma$ a $\sigma$-algebra of
subsets of $X$.   Let $D$ be any subset of $X$ and write
     
\Centerline{$\Sigma_D=\{E\cap D:E\in\Sigma\}$.}
     
\noindent Then $\Sigma_D$ is a $\sigma$-algebra of subsets of $D$.
     
\proof{{\bf (i)} $\emptyset=\emptyset\cap D\in\Sigma_D$ because
$\emptyset\in\Sigma$.
     
\medskip
     
{\bf (ii)} If $F\in\Sigma_D$, there is an $E\in\Sigma$ such that
$F=E\cap D$;  now $D\setminus F=(X\setminus E)\cap D\in\Sigma_D$ because
$X\setminus E\in\Sigma$.
     
\medskip
     
{\bf (iii)} If $\langle F_n\rangle_{n\in\Bbb N}$ is any sequence in
$\Sigma_D$, then for each $n\in\Bbb N$ we may choose an $E_n\in\Sigma$
such that $F_n=E_n\cap D$;  now
$\bigcup_{n\in\Bbb N}F_n=(\bigcup_{n\in\Bbb N}E_n)\cap D\in\Sigma_D$ because
$\bigcup_{n\in\Bbb N}E_n\in\Sigma$.
}%end of proof of 121A
     
\medskip
     
\noindent{\bf Notation} I will call $\Sigma_D$ the {\bf subspace
$\sigma$-algebra} of subsets of $D$, and I will say that its members are
{\bf relatively measurable} in $D$.   
$\Sigma_D$ is also sometimes called the {\bf trace} of $\Sigma$ on $D$.
     
","\leader{121A}{Lema} Misalkan $X$ suatu himpunan dan $\Sigma$ suatu
aljabar-$\sigma$ atas subhimpunan-subhimpunan $X$. Misalkan $D$
sembarang subhimpunan $X$ dan tuliskan

\Centerline{$\Sigma_D=\{E\cap D:E\in\Sigma\}$.}

\noindent Maka $\Sigma_D$ adalah aljabar-$\sigma$ atas
subhimpunan-subhimpunan $D$.

\proof{{\bf (i)} $\emptyset=\emptyset\cap D\in\Sigma_D$ karena
$\emptyset\in\Sigma$.

\medskip

{\bf (ii)} Jika $F\in\Sigma_D$, terdapat $E\in\Sigma$ sedemikian
sehingga $F=E\cap D$; sekarang
$D\setminus F=(X\setminus E)\cap D\in\Sigma_D$ karena
$X\setminus E\in\Sigma$.

\medskip

{\bf (iii)} Jika $\langle F_n\rangle_{n\in\Bbb N}$ adalah sembarang
barisan di dalam $\Sigma_D$, maka untuk setiap $n\in\Bbb N$ kita dapat
memilih $E_n\in\Sigma$ sedemikian sehingga $F_n=E_n\cap D$; sekarang
$\bigcup_{n\in\Bbb N}F_n=(\bigcup_{n\in\Bbb N}E_n)\cap D\in\Sigma_D$
karena $\bigcup_{n\in\Bbb N}E_n\in\Sigma$.
}%end of proof of 121A

\medskip

\noindent{\bf Notasi} Saya akan menyebut $\Sigma_D$ sebagai
{\bf aljabar-$\sigma$ subruang} atas subhimpunan-subhimpunan $D$, dan
saya akan mengatakan bahwa anggota-anggotanya {\bf terukur relatif}
di $D$.
$\Sigma_D$ juga kadang-kadang disebut {\bf jejak} $\Sigma$ pada $D$.

",5c764528c1f1eda777c4e2b1e86398113fcfa60e55b75634b2c91d396023a46a,9d907c108ac582bfdedef0e4d5fc3341aec2d03efdb0c4c6d39671f8e5845511,"{""basis"":""definition or definition-bearing operation retained at an exact source-to-target semantic segment"",""kind"":""source-derived-definition-map"",""source_resource_ids"":[""O007-RESOURCE-MT121-SOURCE""]}"
1.1.0,definition,O007-FREMLIN-V1-S121-DEF-RELATIVELY-MEASURABLE,O007-FREMLIN-V1-S121,O007-RIGHTS-FREMLIN-DSL,O007-FREMLIN-V1-S121-SEG-121A,121A,121A,relatively measurable,terukur relatif,"\leader{121A}{Lemma} Let $X$ be a set and $\Sigma$ a $\sigma$-algebra of
subsets of $X$.   Let $D$ be any subset of $X$ and write
     
\Centerline{$\Sigma_D=\{E\cap D:E\in\Sigma\}$.}
     
\noindent Then $\Sigma_D$ is a $\sigma$-algebra of subsets of $D$.
     
\proof{{\bf (i)} $\emptyset=\emptyset\cap D\in\Sigma_D$ because
$\emptyset\in\Sigma$.
     
\medskip
     
{\bf (ii)} If $F\in\Sigma_D$, there is an $E\in\Sigma$ such that
$F=E\cap D$;  now $D\setminus F=(X\setminus E)\cap D\in\Sigma_D$ because
$X\setminus E\in\Sigma$.
     
\medskip
     
{\bf (iii)} If $\langle F_n\rangle_{n\in\Bbb N}$ is any sequence in
$\Sigma_D$, then for each $n\in\Bbb N$ we may choose an $E_n\in\Sigma$
such that $F_n=E_n\cap D$;  now
$\bigcup_{n\in\Bbb N}F_n=(\bigcup_{n\in\Bbb N}E_n)\cap D\in\Sigma_D$ because
$\bigcup_{n\in\Bbb N}E_n\in\Sigma$.
}%end of proof of 121A
     
\medskip
     
\noindent{\bf Notation} I will call $\Sigma_D$ the {\bf subspace
$\sigma$-algebra} of subsets of $D$, and I will say that its members are
{\bf relatively measurable} in $D$.   
$\Sigma_D$ is also sometimes called the {\bf trace} of $\Sigma$ on $D$.
     
","\leader{121A}{Lema} Misalkan $X$ suatu himpunan dan $\Sigma$ suatu
aljabar-$\sigma$ atas subhimpunan-subhimpunan $X$. Misalkan $D$
sembarang subhimpunan $X$ dan tuliskan

\Centerline{$\Sigma_D=\{E\cap D:E\in\Sigma\}$.}

\noindent Maka $\Sigma_D$ adalah aljabar-$\sigma$ atas
subhimpunan-subhimpunan $D$.

\proof{{\bf (i)} $\emptyset=\emptyset\cap D\in\Sigma_D$ karena
$\emptyset\in\Sigma$.

\medskip

{\bf (ii)} Jika $F\in\Sigma_D$, terdapat $E\in\Sigma$ sedemikian
sehingga $F=E\cap D$; sekarang
$D\setminus F=(X\setminus E)\cap D\in\Sigma_D$ karena
$X\setminus E\in\Sigma$.

\medskip

{\bf (iii)} Jika $\langle F_n\rangle_{n\in\Bbb N}$ adalah sembarang
barisan di dalam $\Sigma_D$, maka untuk setiap $n\in\Bbb N$ kita dapat
memilih $E_n\in\Sigma$ sedemikian sehingga $F_n=E_n\cap D$; sekarang
$\bigcup_{n\in\Bbb N}F_n=(\bigcup_{n\in\Bbb N}E_n)\cap D\in\Sigma_D$
karena $\bigcup_{n\in\Bbb N}E_n\in\Sigma$.
}%end of proof of 121A

\medskip

\noindent{\bf Notasi} Saya akan menyebut $\Sigma_D$ sebagai
{\bf aljabar-$\sigma$ subruang} atas subhimpunan-subhimpunan $D$, dan
saya akan mengatakan bahwa anggota-anggotanya {\bf terukur relatif}
di $D$.
$\Sigma_D$ juga kadang-kadang disebut {\bf jejak} $\Sigma$ pada $D$.

",5c764528c1f1eda777c4e2b1e86398113fcfa60e55b75634b2c91d396023a46a,9d907c108ac582bfdedef0e4d5fc3341aec2d03efdb0c4c6d39671f8e5845511,"{""basis"":""definition or definition-bearing operation retained at an exact source-to-target semantic segment"",""kind"":""source-derived-definition-map"",""source_resource_ids"":[""O007-RESOURCE-MT121-SOURCE""]}"
1.1.0,definition,O007-FREMLIN-V1-S121-DEF-TRACE,O007-FREMLIN-V1-S121,O007-RIGHTS-FREMLIN-DSL,O007-FREMLIN-V1-S121-SEG-121A,121A,121A,trace of Sigma on D,jejak Sigma pada D,"\leader{121A}{Lemma} Let $X$ be a set and $\Sigma$ a $\sigma$-algebra of
subsets of $X$.   Let $D$ be any subset of $X$ and write
     
\Centerline{$\Sigma_D=\{E\cap D:E\in\Sigma\}$.}
     
\noindent Then $\Sigma_D$ is a $\sigma$-algebra of subsets of $D$.
     
\proof{{\bf (i)} $\emptyset=\emptyset\cap D\in\Sigma_D$ because
$\emptyset\in\Sigma$.
     
\medskip
     
{\bf (ii)} If $F\in\Sigma_D$, there is an $E\in\Sigma$ such that
$F=E\cap D$;  now $D\setminus F=(X\setminus E)\cap D\in\Sigma_D$ because
$X\setminus E\in\Sigma$.
     
\medskip
     
{\bf (iii)} If $\langle F_n\rangle_{n\in\Bbb N}$ is any sequence in
$\Sigma_D$, then for each $n\in\Bbb N$ we may choose an $E_n\in\Sigma$
such that $F_n=E_n\cap D$;  now
$\bigcup_{n\in\Bbb N}F_n=(\bigcup_{n\in\Bbb N}E_n)\cap D\in\Sigma_D$ because
$\bigcup_{n\in\Bbb N}E_n\in\Sigma$.
}%end of proof of 121A
     
\medskip
     
\noindent{\bf Notation} I will call $\Sigma_D$ the {\bf subspace
$\sigma$-algebra} of subsets of $D$, and I will say that its members are
{\bf relatively measurable} in $D$.   
$\Sigma_D$ is also sometimes called the {\bf trace} of $\Sigma$ on $D$.
     
","\leader{121A}{Lema} Misalkan $X$ suatu himpunan dan $\Sigma$ suatu
aljabar-$\sigma$ atas subhimpunan-subhimpunan $X$. Misalkan $D$
sembarang subhimpunan $X$ dan tuliskan

\Centerline{$\Sigma_D=\{E\cap D:E\in\Sigma\}$.}

\noindent Maka $\Sigma_D$ adalah aljabar-$\sigma$ atas
subhimpunan-subhimpunan $D$.

\proof{{\bf (i)} $\emptyset=\emptyset\cap D\in\Sigma_D$ karena
$\emptyset\in\Sigma$.

\medskip

{\bf (ii)} Jika $F\in\Sigma_D$, terdapat $E\in\Sigma$ sedemikian
sehingga $F=E\cap D$; sekarang
$D\setminus F=(X\setminus E)\cap D\in\Sigma_D$ karena
$X\setminus E\in\Sigma$.

\medskip

{\bf (iii)} Jika $\langle F_n\rangle_{n\in\Bbb N}$ adalah sembarang
barisan di dalam $\Sigma_D$, maka untuk setiap $n\in\Bbb N$ kita dapat
memilih $E_n\in\Sigma$ sedemikian sehingga $F_n=E_n\cap D$; sekarang
$\bigcup_{n\in\Bbb N}F_n=(\bigcup_{n\in\Bbb N}E_n)\cap D\in\Sigma_D$
karena $\bigcup_{n\in\Bbb N}E_n\in\Sigma$.
}%end of proof of 121A

\medskip

\noindent{\bf Notasi} Saya akan menyebut $\Sigma_D$ sebagai
{\bf aljabar-$\sigma$ subruang} atas subhimpunan-subhimpunan $D$, dan
saya akan mengatakan bahwa anggota-anggotanya {\bf terukur relatif}
di $D$.
$\Sigma_D$ juga kadang-kadang disebut {\bf jejak} $\Sigma$ pada $D$.

",5c764528c1f1eda777c4e2b1e86398113fcfa60e55b75634b2c91d396023a46a,9d907c108ac582bfdedef0e4d5fc3341aec2d03efdb0c4c6d39671f8e5845511,"{""basis"":""definition or definition-bearing operation retained at an exact source-to-target semantic segment"",""kind"":""source-derived-definition-map"",""source_resource_ids"":[""O007-RESOURCE-MT121-SOURCE""]}"
1.1.0,definition,O007-FREMLIN-V1-S121-DEF-MEASURABLE-FUNCTION,O007-FREMLIN-V1-S121,O007-RIGHTS-FREMLIN-DSL,O007-FREMLIN-V1-S121-SEG-121C,121C,121C,measurable function,fungsi terukur,"\leader{121C}{Definition} Let $X$ be a set, $\Sigma$ a $\sigma$-algebra
of subsets of $X$, and $D$ a subset of $X$.   A function $f:D\to\Bbb R$
is called {\bf measurable} (or {\bf $\Sigma$-measurable}) if it
satisfies any, or equivalently all, of the conditions (i)-(iv) of 121B.
     
If $X$ is $\Bbb R$ or $\BbbR^r$, and $\Sigma$ is its Borel
$\sigma$-algebra\cmmnt{ (111G)}, a $\Sigma$-measurable function is
called {\bf Borel measurable}.   If $X$ is $\Bbb R$ or $\BbbR^r$, and 
$\Sigma$ is
the $\sigma$-algebra of Lebesgue measurable sets\cmmnt{ (114E, 115E)},
a $\Sigma$-measurable function is called {\bf Lebesgue measurable}.
     
\cmmnt{\medskip
     
\noindent{\bf Remark} Naturally the principal case here is when $D=X$.
However, partially-defined functions are so common, and so important, in
analysis (consider, for instance, the real function $\ln\sin$) that it
seems worth while, from the beginning, to establish techniques for
handling them efficiently.
     
Many authors develop a theory of `extended real numbers' at this
point, working with $[-\infty,\infty]=\Bbb R\cup\{-\infty,\infty\}$, and
defining measurability for functions taking values in this set.   I
outline such a theory in \S135 below.
}%end of comment
     
","\leader{121C}{Definisi} Misalkan $X$ suatu himpunan, $\Sigma$ suatu
aljabar-$\sigma$ atas subhimpunan-subhimpunan $X$, dan $D$ suatu
subhimpunan $X$. Sebuah fungsi $f:D\to\Bbb R$ disebut {\bf terukur}
(atau {\bf $\Sigma$-terukur}) jika memenuhi salah satu, atau secara
ekuivalen semua, syarat (i)-(iv) dalam 121B.

Jika $X$ adalah $\Bbb R$ atau $\BbbR^r$, dan $\Sigma$ adalah
aljabar-$\sigma$ Borel-nya\cmmnt{ (111G)}, suatu fungsi $\Sigma$-terukur
disebut {\bf terukur Borel}. Jika $X$ adalah $\Bbb R$ atau $\BbbR^r$,
dan $\Sigma$ adalah aljabar-$\sigma$ himpunan-himpunan terukur
Lebesgue\cmmnt{ (114E, 115E)}, suatu fungsi $\Sigma$-terukur disebut
{\bf terukur Lebesgue}.

\cmmnt{\medskip

\noindent{\bf Catatan} Tentu saja, kasus utama di sini ialah ketika
$D=X$. Namun, fungsi-fungsi yang terdefinisi sebagian begitu umum, dan
begitu penting, dalam analisis (tinjau, misalnya, fungsi real
$\ln\sin$) sehingga tampaknya layak untuk sejak awal menetapkan
teknik-teknik yang dapat menanganinya secara efisien.

Banyak penulis mengembangkan teori `bilangan real diperluas' pada titik
ini, dengan bekerja pada
$[-\infty,\infty]=\Bbb R\cup\{-\infty,\infty\}$, dan mendefinisikan
keterukuran bagi fungsi-fungsi yang mengambil nilai dalam himpunan ini.
Saya menguraikan garis besar teori semacam itu dalam \S135 di bawah.
}%end of comment

",42f8b0c3b25316edf861f852d15e31b57ec1d746998056db59cd5c0a17555be9,8b9f835fd8f85e9eeb92d75b557e37c4a9a67caf9a34c3f35e8c27c1346ea907,"{""basis"":""definition or definition-bearing operation retained at an exact source-to-target semantic segment"",""kind"":""source-derived-definition-map"",""source_resource_ids"":[""O007-RESOURCE-MT121-SOURCE""]}"
1.1.0,definition,O007-FREMLIN-V1-S121-DEF-SIGMA-MEASURABLE,O007-FREMLIN-V1-S121,O007-RIGHTS-FREMLIN-DSL,O007-FREMLIN-V1-S121-SEG-121C,121C,121C,Sigma-measurable,terukur terhadap Sigma,"\leader{121C}{Definition} Let $X$ be a set, $\Sigma$ a $\sigma$-algebra
of subsets of $X$, and $D$ a subset of $X$.   A function $f:D\to\Bbb R$
is called {\bf measurable} (or {\bf $\Sigma$-measurable}) if it
satisfies any, or equivalently all, of the conditions (i)-(iv) of 121B.
     
If $X$ is $\Bbb R$ or $\BbbR^r$, and $\Sigma$ is its Borel
$\sigma$-algebra\cmmnt{ (111G)}, a $\Sigma$-measurable function is
called {\bf Borel measurable}.   If $X$ is $\Bbb R$ or $\BbbR^r$, and 
$\Sigma$ is
the $\sigma$-algebra of Lebesgue measurable sets\cmmnt{ (114E, 115E)},
a $\Sigma$-measurable function is called {\bf Lebesgue measurable}.
     
\cmmnt{\medskip
     
\noindent{\bf Remark} Naturally the principal case here is when $D=X$.
However, partially-defined functions are so common, and so important, in
analysis (consider, for instance, the real function $\ln\sin$) that it
seems worth while, from the beginning, to establish techniques for
handling them efficiently.
     
Many authors develop a theory of `extended real numbers' at this
point, working with $[-\infty,\infty]=\Bbb R\cup\{-\infty,\infty\}$, and
defining measurability for functions taking values in this set.   I
outline such a theory in \S135 below.
}%end of comment
     
","\leader{121C}{Definisi} Misalkan $X$ suatu himpunan, $\Sigma$ suatu
aljabar-$\sigma$ atas subhimpunan-subhimpunan $X$, dan $D$ suatu
subhimpunan $X$. Sebuah fungsi $f:D\to\Bbb R$ disebut {\bf terukur}
(atau {\bf $\Sigma$-terukur}) jika memenuhi salah satu, atau secara
ekuivalen semua, syarat (i)-(iv) dalam 121B.

Jika $X$ adalah $\Bbb R$ atau $\BbbR^r$, dan $\Sigma$ adalah
aljabar-$\sigma$ Borel-nya\cmmnt{ (111G)}, suatu fungsi $\Sigma$-terukur
disebut {\bf terukur Borel}. Jika $X$ adalah $\Bbb R$ atau $\BbbR^r$,
dan $\Sigma$ adalah aljabar-$\sigma$ himpunan-himpunan terukur
Lebesgue\cmmnt{ (114E, 115E)}, suatu fungsi $\Sigma$-terukur disebut
{\bf terukur Lebesgue}.

\cmmnt{\medskip

\noindent{\bf Catatan} Tentu saja, kasus utama di sini ialah ketika
$D=X$. Namun, fungsi-fungsi yang terdefinisi sebagian begitu umum, dan
begitu penting, dalam analisis (tinjau, misalnya, fungsi real
$\ln\sin$) sehingga tampaknya layak untuk sejak awal menetapkan
teknik-teknik yang dapat menanganinya secara efisien.

Banyak penulis mengembangkan teori `bilangan real diperluas' pada titik
ini, dengan bekerja pada
$[-\infty,\infty]=\Bbb R\cup\{-\infty,\infty\}$, dan mendefinisikan
keterukuran bagi fungsi-fungsi yang mengambil nilai dalam himpunan ini.
Saya menguraikan garis besar teori semacam itu dalam \S135 di bawah.
}%end of comment

",42f8b0c3b25316edf861f852d15e31b57ec1d746998056db59cd5c0a17555be9,8b9f835fd8f85e9eeb92d75b557e37c4a9a67caf9a34c3f35e8c27c1346ea907,"{""basis"":""definition or definition-bearing operation retained at an exact source-to-target semantic segment"",""kind"":""source-derived-definition-map"",""source_resource_ids"":[""O007-RESOURCE-MT121-SOURCE""]}"
1.1.0,definition,O007-FREMLIN-V1-S121-DEF-BOREL-MEASURABLE,O007-FREMLIN-V1-S121,O007-RIGHTS-FREMLIN-DSL,O007-FREMLIN-V1-S121-SEG-121C,121C,121C,Borel measurable,terukur Borel,"\leader{121C}{Definition} Let $X$ be a set, $\Sigma$ a $\sigma$-algebra
of subsets of $X$, and $D$ a subset of $X$.   A function $f:D\to\Bbb R$
is called {\bf measurable} (or {\bf $\Sigma$-measurable}) if it
satisfies any, or equivalently all, of the conditions (i)-(iv) of 121B.
     
If $X$ is $\Bbb R$ or $\BbbR^r$, and $\Sigma$ is its Borel
$\sigma$-algebra\cmmnt{ (111G)}, a $\Sigma$-measurable function is
called {\bf Borel measurable}.   If $X$ is $\Bbb R$ or $\BbbR^r$, and 
$\Sigma$ is
the $\sigma$-algebra of Lebesgue measurable sets\cmmnt{ (114E, 115E)},
a $\Sigma$-measurable function is called {\bf Lebesgue measurable}.
     
\cmmnt{\medskip
     
\noindent{\bf Remark} Naturally the principal case here is when $D=X$.
However, partially-defined functions are so common, and so important, in
analysis (consider, for instance, the real function $\ln\sin$) that it
seems worth while, from the beginning, to establish techniques for
handling them efficiently.
     
Many authors develop a theory of `extended real numbers' at this
point, working with $[-\infty,\infty]=\Bbb R\cup\{-\infty,\infty\}$, and
defining measurability for functions taking values in this set.   I
outline such a theory in \S135 below.
}%end of comment
     
","\leader{121C}{Definisi} Misalkan $X$ suatu himpunan, $\Sigma$ suatu
aljabar-$\sigma$ atas subhimpunan-subhimpunan $X$, dan $D$ suatu
subhimpunan $X$. Sebuah fungsi $f:D\to\Bbb R$ disebut {\bf terukur}
(atau {\bf $\Sigma$-terukur}) jika memenuhi salah satu, atau secara
ekuivalen semua, syarat (i)-(iv) dalam 121B.

Jika $X$ adalah $\Bbb R$ atau $\BbbR^r$, dan $\Sigma$ adalah
aljabar-$\sigma$ Borel-nya\cmmnt{ (111G)}, suatu fungsi $\Sigma$-terukur
disebut {\bf terukur Borel}. Jika $X$ adalah $\Bbb R$ atau $\BbbR^r$,
dan $\Sigma$ adalah aljabar-$\sigma$ himpunan-himpunan terukur
Lebesgue\cmmnt{ (114E, 115E)}, suatu fungsi $\Sigma$-terukur disebut
{\bf terukur Lebesgue}.

\cmmnt{\medskip

\noindent{\bf Catatan} Tentu saja, kasus utama di sini ialah ketika
$D=X$. Namun, fungsi-fungsi yang terdefinisi sebagian begitu umum, dan
begitu penting, dalam analisis (tinjau, misalnya, fungsi real
$\ln\sin$) sehingga tampaknya layak untuk sejak awal menetapkan
teknik-teknik yang dapat menanganinya secara efisien.

Banyak penulis mengembangkan teori `bilangan real diperluas' pada titik
ini, dengan bekerja pada
$[-\infty,\infty]=\Bbb R\cup\{-\infty,\infty\}$, dan mendefinisikan
keterukuran bagi fungsi-fungsi yang mengambil nilai dalam himpunan ini.
Saya menguraikan garis besar teori semacam itu dalam \S135 di bawah.
}%end of comment

",42f8b0c3b25316edf861f852d15e31b57ec1d746998056db59cd5c0a17555be9,8b9f835fd8f85e9eeb92d75b557e37c4a9a67caf9a34c3f35e8c27c1346ea907,"{""basis"":""definition or definition-bearing operation retained at an exact source-to-target semantic segment"",""kind"":""source-derived-definition-map"",""source_resource_ids"":[""O007-RESOURCE-MT121-SOURCE""]}"
1.1.0,definition,O007-FREMLIN-V1-S121-DEF-LEBESGUE-MEASURABLE,O007-FREMLIN-V1-S121,O007-RIGHTS-FREMLIN-DSL,O007-FREMLIN-V1-S121-SEG-121C,121C,121C,Lebesgue measurable,terukur Lebesgue,"\leader{121C}{Definition} Let $X$ be a set, $\Sigma$ a $\sigma$-algebra
of subsets of $X$, and $D$ a subset of $X$.   A function $f:D\to\Bbb R$
is called {\bf measurable} (or {\bf $\Sigma$-measurable}) if it
satisfies any, or equivalently all, of the conditions (i)-(iv) of 121B.
     
If $X$ is $\Bbb R$ or $\BbbR^r$, and $\Sigma$ is its Borel
$\sigma$-algebra\cmmnt{ (111G)}, a $\Sigma$-measurable function is
called {\bf Borel measurable}.   If $X$ is $\Bbb R$ or $\BbbR^r$, and 
$\Sigma$ is
the $\sigma$-algebra of Lebesgue measurable sets\cmmnt{ (114E, 115E)},
a $\Sigma$-measurable function is called {\bf Lebesgue measurable}.
     
\cmmnt{\medskip
     
\noindent{\bf Remark} Naturally the principal case here is when $D=X$.
However, partially-defined functions are so common, and so important, in
analysis (consider, for instance, the real function $\ln\sin$) that it
seems worth while, from the beginning, to establish techniques for
handling them efficiently.
     
Many authors develop a theory of `extended real numbers' at this
point, working with $[-\infty,\infty]=\Bbb R\cup\{-\infty,\infty\}$, and
defining measurability for functions taking values in this set.   I
outline such a theory in \S135 below.
}%end of comment
     
","\leader{121C}{Definisi} Misalkan $X$ suatu himpunan, $\Sigma$ suatu
aljabar-$\sigma$ atas subhimpunan-subhimpunan $X$, dan $D$ suatu
subhimpunan $X$. Sebuah fungsi $f:D\to\Bbb R$ disebut {\bf terukur}
(atau {\bf $\Sigma$-terukur}) jika memenuhi salah satu, atau secara
ekuivalen semua, syarat (i)-(iv) dalam 121B.

Jika $X$ adalah $\Bbb R$ atau $\BbbR^r$, dan $\Sigma$ adalah
aljabar-$\sigma$ Borel-nya\cmmnt{ (111G)}, suatu fungsi $\Sigma$-terukur
disebut {\bf terukur Borel}. Jika $X$ adalah $\Bbb R$ atau $\BbbR^r$,
dan $\Sigma$ adalah aljabar-$\sigma$ himpunan-himpunan terukur
Lebesgue\cmmnt{ (114E, 115E)}, suatu fungsi $\Sigma$-terukur disebut
{\bf terukur Lebesgue}.

\cmmnt{\medskip

\noindent{\bf Catatan} Tentu saja, kasus utama di sini ialah ketika
$D=X$. Namun, fungsi-fungsi yang terdefinisi sebagian begitu umum, dan
begitu penting, dalam analisis (tinjau, misalnya, fungsi real
$\ln\sin$) sehingga tampaknya layak untuk sejak awal menetapkan
teknik-teknik yang dapat menanganinya secara efisien.

Banyak penulis mengembangkan teori `bilangan real diperluas' pada titik
ini, dengan bekerja pada
$[-\infty,\infty]=\Bbb R\cup\{-\infty,\infty\}$, dan mendefinisikan
keterukuran bagi fungsi-fungsi yang mengambil nilai dalam himpunan ini.
Saya menguraikan garis besar teori semacam itu dalam \S135 di bawah.
}%end of comment

",42f8b0c3b25316edf861f852d15e31b57ec1d746998056db59cd5c0a17555be9,8b9f835fd8f85e9eeb92d75b557e37c4a9a67caf9a34c3f35e8c27c1346ea907,"{""basis"":""definition or definition-bearing operation retained at an exact source-to-target semantic segment"",""kind"":""source-derived-definition-map"",""source_resource_ids"":[""O007-RESOURCE-MT121-SOURCE""]}"
1.1.0,definition,O007-FREMLIN-V1-S121-DEF-POINTWISE-LIMIT,O007-FREMLIN-V1-S121,O007-RIGHTS-FREMLIN-DSL,O007-FREMLIN-V1-S121-SEG-121FA,121F,121Fa,pointwise limit,limit titik-demi-titik,"(a) Define a function $\lim_{n\to\infty}f_n$ by writing
     
\Centerline{$(\lim_{n\to\infty}f_n)(x)=\lim_{n\to\infty}f_n(x)$}
     
\noindent for all those
$x\in\bigcup_{n\in\Bbb N}\bigcap_{m\ge n}\dom f_m$ for which the limit exists in $\Bbb R$.   Then $\lim_{n\to\infty}f_n$ is
$\Sigma$-measurable.
     
     
","(a) Definisikan suatu fungsi $\lim_{n\to\infty}f_n$ dengan menuliskan

\Centerline{$(\lim_{n\to\infty}f_n)(x)=\lim_{n\to\infty}f_n(x)$}

\noindent untuk semua
$x\in\bigcup_{n\in\Bbb N}\bigcap_{m\ge n}\dom f_m$ yang limitnya ada
dalam $\Bbb R$. Maka $\lim_{n\to\infty}f_n$ merupakan fungsi
$\Sigma$-terukur.


",9a4c175ad5c84207dcdb4107978c59444fee197f3557146ebe54188fea29a804,d97bf439dce09a35e2675ccc4d1fbbb9f8bb9a538e84cbd4fd043793b1885b4d,"{""basis"":""definition or definition-bearing operation retained at an exact source-to-target semantic segment"",""kind"":""source-derived-definition-map"",""source_resource_ids"":[""O007-RESOURCE-MT121-SOURCE""]}"
1.1.0,definition,O007-FREMLIN-V1-S121-DEF-POINTWISE-SUPREMUM,O007-FREMLIN-V1-S121,O007-RIGHTS-FREMLIN-DSL,O007-FREMLIN-V1-S121-SEG-121FB,121F,121Fb,pointwise supremum,supremum titik-demi-titik,"(b) Define a function $\sup_{n\in\Bbb N}f_n$ by writing
     
\Centerline{$(\sup_{n\in\Bbb N}f_n)(x)=\sup_{n\in\Bbb N}f_n(x)$}
     
\noindent for all those $x\in\bigcap_{n\in\Bbb N}\dom f_n$ for which the
supremum exists in $\Bbb R$.   Then $\sup_{n\in\Bbb N}f_n$ is
$\Sigma$-measurable.
     
","(b) Definisikan suatu fungsi $\sup_{n\in\Bbb N}f_n$ dengan menuliskan

\Centerline{$(\sup_{n\in\Bbb N}f_n)(x)=\sup_{n\in\Bbb N}f_n(x)$}

\noindent untuk semua $x\in\bigcap_{n\in\Bbb N}\dom f_n$ yang
supremumnya ada dalam $\Bbb R$. Maka $\sup_{n\in\Bbb N}f_n$ merupakan
fungsi $\Sigma$-terukur.

",c5773bff8426050915c9bec006b374f48fbb19441d96e58f67ff9becb57a4d5f,3058de988f996515a59fb8c26b2b49e71df2c8ca505aaf73b7db3fba4ab74008,"{""basis"":""definition or definition-bearing operation retained at an exact source-to-target semantic segment"",""kind"":""source-derived-definition-map"",""source_resource_ids"":[""O007-RESOURCE-MT121-SOURCE""]}"
1.1.0,definition,O007-FREMLIN-V1-S121-DEF-POINTWISE-INFIMUM,O007-FREMLIN-V1-S121,O007-RIGHTS-FREMLIN-DSL,O007-FREMLIN-V1-S121-SEG-121FC,121F,121Fc,pointwise infimum,infimum titik-demi-titik,"(c) Define a function $\inf_{n\in\Bbb N}f_n$ by writing
     
\Centerline{$(\inf_{n\in\Bbb N}f_n)(x)=\inf_{n\in\Bbb N}f_n(x)$}
     
\noindent for all those $x\in\bigcap_{n\in\Bbb N}\dom f_n$ for which the
infimum exists in $\Bbb R$.   Then $\inf_{n\in\Bbb N}f_n$ is
$\Sigma$-measurable.
     
","(c) Definisikan suatu fungsi $\inf_{n\in\Bbb N}f_n$ dengan menuliskan

\Centerline{$(\inf_{n\in\Bbb N}f_n)(x)=\inf_{n\in\Bbb N}f_n(x)$}

\noindent untuk semua $x\in\bigcap_{n\in\Bbb N}\dom f_n$ yang
infimumnya ada dalam $\Bbb R$. Maka $\inf_{n\in\Bbb N}f_n$ merupakan
fungsi $\Sigma$-terukur.

",2a0a74af424703b972f7e7ad808c072ea2eeafa82bee240916160e1dac6ef241,6fb62061e2064f16cb471d5abcb7cc60698771446098adb5b8ceb4393755587e,"{""basis"":""definition or definition-bearing operation retained at an exact source-to-target semantic segment"",""kind"":""source-derived-definition-map"",""source_resource_ids"":[""O007-RESOURCE-MT121-SOURCE""]}"
1.1.0,definition,O007-FREMLIN-V1-S121-DEF-LIMIT-SUPERIOR,O007-FREMLIN-V1-S121,O007-RIGHTS-FREMLIN-DSL,O007-FREMLIN-V1-S121-SEG-121FD,121F,121Fd,limit superior,limit superior,"(d) Define a function $\limsup_{n\to\infty}f_n$ by writing
     
\Centerline{$(\limsup_{n\to\infty}f_n)(x)=\limsup_{n\to\infty}f_n(x)$}
     
\noindent for all those 
$x\in\bigcup_{n\in\Bbb N}\bigcap_{m\ge n}\dom f_m$ for which the 
$\limsup$ exists in $\Bbb R$.   Then $\limsup_{n\to\infty}f_n$ is
$\Sigma$-measurable.
     
","(d) Definisikan suatu fungsi $\limsup_{n\to\infty}f_n$ dengan
menuliskan

\Centerline{$(\limsup_{n\to\infty}f_n)(x)
=\limsup_{n\to\infty}f_n(x)$}

\noindent untuk semua
$x\in\bigcup_{n\in\Bbb N}\bigcap_{m\ge n}\dom f_m$ yang $\limsup$-nya
ada dalam $\Bbb R$. Maka $\limsup_{n\to\infty}f_n$ merupakan fungsi
$\Sigma$-terukur.

",d8889b6de6e9123f477de9ccc2e7f644fcd9035a2947c73423f4e3e0858561ae,5cea506b5cdf823002124f98c66c21ebd737d3d7b1367052b5f9147ae2171393,"{""basis"":""definition or definition-bearing operation retained at an exact source-to-target semantic segment"",""kind"":""source-derived-definition-map"",""source_resource_ids"":[""O007-RESOURCE-MT121-SOURCE""]}"
1.1.0,definition,O007-FREMLIN-V1-S121-DEF-LIMIT-INFERIOR,O007-FREMLIN-V1-S121,O007-RIGHTS-FREMLIN-DSL,O007-FREMLIN-V1-S121-SEG-121FE,121F,121Fe,limit inferior,limit inferior,"(e) Define a function $\liminf_{n\to\infty}f_n$ by writing
     
\Centerline{$(\liminf_{n\to\infty}f_n)(x)=\liminf_{n\to\infty}f_n(x)$}
     
\noindent for all those $x\in\bigcup_{n\in\Bbb N}\bigcap_{m\ge n}\dom
f_m$ for which the $\liminf$ exists in $\Bbb R$.   Then
$\liminf_{n\in\Bbb N}f_n$ is
$\Sigma$-measurable.
     
","(e) Definisikan suatu fungsi $\liminf_{n\to\infty}f_n$ dengan
menuliskan

\Centerline{$(\liminf_{n\to\infty}f_n)(x)
=\liminf_{n\to\infty}f_n(x)$}

\noindent untuk semua
$x\in\bigcup_{n\in\Bbb N}\bigcap_{m\ge n}\dom f_m$ yang $\liminf$-nya
ada dalam $\Bbb R$. Maka $\liminf_{n\to\infty}f_n$ merupakan fungsi
$\Sigma$-terukur.

",ee3443c617f6e1b9597b5369abe9e04fa886e08dbf90a30b124c402808cda522,4e43d29f002e63b0b2d7901ecb5e594858048699ccc9ae95735a7df06675c3b8,"{""basis"":""definition or definition-bearing operation retained at an exact source-to-target semantic segment"",""kind"":""source-derived-definition-map"",""source_resource_ids"":[""O007-RESOURCE-MT121-SOURCE""]}"
1.1.0,definition,O007-FREMLIN-V1-S121-DEF-POSITIVE-PART,O007-FREMLIN-V1-S121,O007-RIGHTS-FREMLIN-DSL,O007-FREMLIN-V1-S121-SEG-121XB,121Xb,121Xb,positive part,bagian positif,"\spheader 121Xb Let $X$ be a set and $\Sigma$ a
$\sigma$-algebra of subsets of $X$.   If $f$ and $g$ are measurable
real-valued functions defined on subsets of $X$, show that $f^+$, $f^-$,
$f\wedge g$ and $f\vee g$ are measurable, where
     
\Centerline{$f^+(x)=\max(f(x),0)$ for $x\in\dom f$,}
     
\Centerline{$f^-(x)=\max(-f(x),0)$ for $x\in\dom f$,}
     
\Centerline{$(f\vee g)(x)=\max(f(x),g(x))$ for $x\in\dom f\cap\dom g$,}
     
\Centerline{$(f\wedge g)(x)=\min(f(x),g(x))$ for
$x\in\dom f\cap\dom g$.}
%121E
     
","\spheader 121Xb Misalkan $X$ suatu himpunan dan $\Sigma$ suatu
aljabar-$\sigma$ atas subhimpunan-subhimpunan $X$. Jika $f$ dan $g$
adalah fungsi-fungsi bernilai real terukur yang didefinisikan pada
subhimpunan-subhimpunan $X$, tunjukkan bahwa $f^+$, $f^-$,
$f\wedge g$, dan $f\vee g$ terukur, dengan

\Centerline{$f^+(x)=\max(f(x),0)$ untuk $x\in\dom f$,}

\Centerline{$f^-(x)=\max(-f(x),0)$ untuk $x\in\dom f$,}

\Centerline{$(f\vee g)(x)=\max(f(x),g(x))$ untuk
$x\in\dom f\cap\dom g$,}

\Centerline{$(f\wedge g)(x)=\min(f(x),g(x))$ untuk
$x\in\dom f\cap\dom g$.}
%121E

",75d6a83f798a895d59e45257e72419683dde09986924c66af34c619bcf130c36,f9a4a71f99846c8f017b2eafdb62d1e25983b904fb0280e0b5d4b72a1ed4b90d,"{""basis"":""definition or definition-bearing operation retained at an exact source-to-target semantic segment"",""kind"":""source-derived-definition-map"",""source_resource_ids"":[""O007-RESOURCE-MT121-SOURCE""]}"
1.1.0,definition,O007-FREMLIN-V1-S121-DEF-NEGATIVE-PART,O007-FREMLIN-V1-S121,O007-RIGHTS-FREMLIN-DSL,O007-FREMLIN-V1-S121-SEG-121XB,121Xb,121Xb,negative part,bagian negatif,"\spheader 121Xb Let $X$ be a set and $\Sigma$ a
$\sigma$-algebra of subsets of $X$.   If $f$ and $g$ are measurable
real-valued functions defined on subsets of $X$, show that $f^+$, $f^-$,
$f\wedge g$ and $f\vee g$ are measurable, where
     
\Centerline{$f^+(x)=\max(f(x),0)$ for $x\in\dom f$,}
     
\Centerline{$f^-(x)=\max(-f(x),0)$ for $x\in\dom f$,}
     
\Centerline{$(f\vee g)(x)=\max(f(x),g(x))$ for $x\in\dom f\cap\dom g$,}
     
\Centerline{$(f\wedge g)(x)=\min(f(x),g(x))$ for
$x\in\dom f\cap\dom g$.}
%121E
     
","\spheader 121Xb Misalkan $X$ suatu himpunan dan $\Sigma$ suatu
aljabar-$\sigma$ atas subhimpunan-subhimpunan $X$. Jika $f$ dan $g$
adalah fungsi-fungsi bernilai real terukur yang didefinisikan pada
subhimpunan-subhimpunan $X$, tunjukkan bahwa $f^+$, $f^-$,
$f\wedge g$, dan $f\vee g$ terukur, dengan

\Centerline{$f^+(x)=\max(f(x),0)$ untuk $x\in\dom f$,}

\Centerline{$f^-(x)=\max(-f(x),0)$ untuk $x\in\dom f$,}

\Centerline{$(f\vee g)(x)=\max(f(x),g(x))$ untuk
$x\in\dom f\cap\dom g$,}

\Centerline{$(f\wedge g)(x)=\min(f(x),g(x))$ untuk
$x\in\dom f\cap\dom g$.}
%121E

",75d6a83f798a895d59e45257e72419683dde09986924c66af34c619bcf130c36,f9a4a71f99846c8f017b2eafdb62d1e25983b904fb0280e0b5d4b72a1ed4b90d,"{""basis"":""definition or definition-bearing operation retained at an exact source-to-target semantic segment"",""kind"":""source-derived-definition-map"",""source_resource_ids"":[""O007-RESOURCE-MT121-SOURCE""]}"
1.1.0,definition,O007-FREMLIN-V1-S121-DEF-POINTWISE-MAXIMUM,O007-FREMLIN-V1-S121,O007-RIGHTS-FREMLIN-DSL,O007-FREMLIN-V1-S121-SEG-121XB,121Xb,121Xb,pointwise maximum,maksimum titik-demi-titik,"\spheader 121Xb Let $X$ be a set and $\Sigma$ a
$\sigma$-algebra of subsets of $X$.   If $f$ and $g$ are measurable
real-valued functions defined on subsets of $X$, show that $f^+$, $f^-$,
$f\wedge g$ and $f\vee g$ are measurable, where
     
\Centerline{$f^+(x)=\max(f(x),0)$ for $x\in\dom f$,}
     
\Centerline{$f^-(x)=\max(-f(x),0)$ for $x\in\dom f$,}
     
\Centerline{$(f\vee g)(x)=\max(f(x),g(x))$ for $x\in\dom f\cap\dom g$,}
     
\Centerline{$(f\wedge g)(x)=\min(f(x),g(x))$ for
$x\in\dom f\cap\dom g$.}
%121E
     
","\spheader 121Xb Misalkan $X$ suatu himpunan dan $\Sigma$ suatu
aljabar-$\sigma$ atas subhimpunan-subhimpunan $X$. Jika $f$ dan $g$
adalah fungsi-fungsi bernilai real terukur yang didefinisikan pada
subhimpunan-subhimpunan $X$, tunjukkan bahwa $f^+$, $f^-$,
$f\wedge g$, dan $f\vee g$ terukur, dengan

\Centerline{$f^+(x)=\max(f(x),0)$ untuk $x\in\dom f$,}

\Centerline{$f^-(x)=\max(-f(x),0)$ untuk $x\in\dom f$,}

\Centerline{$(f\vee g)(x)=\max(f(x),g(x))$ untuk
$x\in\dom f\cap\dom g$,}

\Centerline{$(f\wedge g)(x)=\min(f(x),g(x))$ untuk
$x\in\dom f\cap\dom g$.}
%121E

",75d6a83f798a895d59e45257e72419683dde09986924c66af34c619bcf130c36,f9a4a71f99846c8f017b2eafdb62d1e25983b904fb0280e0b5d4b72a1ed4b90d,"{""basis"":""definition or definition-bearing operation retained at an exact source-to-target semantic segment"",""kind"":""source-derived-definition-map"",""source_resource_ids"":[""O007-RESOURCE-MT121-SOURCE""]}"
1.1.0,definition,O007-FREMLIN-V1-S121-DEF-POINTWISE-MINIMUM,O007-FREMLIN-V1-S121,O007-RIGHTS-FREMLIN-DSL,O007-FREMLIN-V1-S121-SEG-121XB,121Xb,121Xb,pointwise minimum,minimum titik-demi-titik,"\spheader 121Xb Let $X$ be a set and $\Sigma$ a
$\sigma$-algebra of subsets of $X$.   If $f$ and $g$ are measurable
real-valued functions defined on subsets of $X$, show that $f^+$, $f^-$,
$f\wedge g$ and $f\vee g$ are measurable, where
     
\Centerline{$f^+(x)=\max(f(x),0)$ for $x\in\dom f$,}
     
\Centerline{$f^-(x)=\max(-f(x),0)$ for $x\in\dom f$,}
     
\Centerline{$(f\vee g)(x)=\max(f(x),g(x))$ for $x\in\dom f\cap\dom g$,}
     
\Centerline{$(f\wedge g)(x)=\min(f(x),g(x))$ for
$x\in\dom f\cap\dom g$.}
%121E
     
","\spheader 121Xb Misalkan $X$ suatu himpunan dan $\Sigma$ suatu
aljabar-$\sigma$ atas subhimpunan-subhimpunan $X$. Jika $f$ dan $g$
adalah fungsi-fungsi bernilai real terukur yang didefinisikan pada
subhimpunan-subhimpunan $X$, tunjukkan bahwa $f^+$, $f^-$,
$f\wedge g$, dan $f\vee g$ terukur, dengan

\Centerline{$f^+(x)=\max(f(x),0)$ untuk $x\in\dom f$,}

\Centerline{$f^-(x)=\max(-f(x),0)$ untuk $x\in\dom f$,}

\Centerline{$(f\vee g)(x)=\max(f(x),g(x))$ untuk
$x\in\dom f\cap\dom g$,}

\Centerline{$(f\wedge g)(x)=\min(f(x),g(x))$ untuk
$x\in\dom f\cap\dom g$.}
%121E

",75d6a83f798a895d59e45257e72419683dde09986924c66af34c619bcf130c36,f9a4a71f99846c8f017b2eafdb62d1e25983b904fb0280e0b5d4b72a1ed4b90d,"{""basis"":""definition or definition-bearing operation retained at an exact source-to-target semantic segment"",""kind"":""source-derived-definition-map"",""source_resource_ids"":[""O007-RESOURCE-MT121-SOURCE""]}"
1.1.0,definition,O007-FREMLIN-V1-S121-DEF-L0-CLASS,O007-FREMLIN-V1-S121,O007-RIGHTS-FREMLIN-DSL,O007-FREMLIN-V1-S121-SEG-121XC,121Xc,121Xc,L^0 class,kelas L^0,"\sqheader 121Xc Let $(X,\Sigma,\mu)$ be a measure space.   Write
$\eusm L^0$ for the set of real-valued functions $f$ such that
($\alpha$) $\dom f$ is a conegligible subset of $X$ ($\beta$) there is a
conegligible set $E\subseteq X$ such that $f\restr E$ is measurable.
(i) Show that the set $E$ of clause ($\beta$) in the last sentence may
be taken to belong to $\Sigma$ and be included in $\dom f$.   (ii) Show
that if $f$, $g\in\eusm L^0$ and $c\in\Bbb R$, then $f+g$, $cf$,
$f\times g$, $|f|$, $f^+$, $f^-$, $f\wedge g$, $f\vee g$
all belong to $\eusm L^0$.   (iii) Show that if $f$, $g\in\eusm L^0$ and
$g\ne 0$ a.e.\ then $f/g\in\eusm L^0$.   (iv) Show that if
$\sequencen{f_n}$ is a sequence in $\eusm L^0$ then the functions
     
\Centerline{$\lim_{n\to\infty}f_n$,\quad$\sup_{n\in\Bbb N}f_n$,
\quad$\inf_{n\in\Bbb N}f_n$,\quad $\limsup_{n\to\infty}f_n$,
\quad$\liminf_{n\to\infty}f_n$}
     
\noindent belong to $\eusm L^0$ whenever they are defined almost
everywhere as real-valued functions.   (v) Show that if $f\in\eusm L^0$
and $h:\Bbb R\to\Bbb R$ is Borel measurable then $hf\in\eusm L^0$.
%121F
     
","\sqheader 121Xc Misalkan $(X,\Sigma,\mu)$ suatu ruang ukur. Tuliskan
$\eusm L^0$ untuk himpunan fungsi bernilai real $f$ sedemikian sehingga
($\alpha$) $\dom f$ adalah subhimpunan koterabaikan dari $X$
($\beta$) terdapat himpunan koterabaikan $E\subseteq X$ sedemikian
sehingga $f\restr E$ terukur.
(i) Tunjukkan bahwa himpunan $E$ pada klausa ($\beta$) dalam kalimat
terakhir dapat diambil termasuk dalam $\Sigma$ dan termuat dalam
$\dom f$. (ii) Tunjukkan bahwa jika $f$, $g\in\eusm L^0$ dan
$c\in\Bbb R$, maka $f+g$, $cf$, $f\times g$, $|f|$, $f^+$, $f^-$,
$f\wedge g$, $f\vee g$ semuanya termasuk dalam $\eusm L^0$.
(iii) Tunjukkan bahwa jika $f$, $g\in\eusm L^0$ dan $g\ne 0$ a.e.,
maka $f/g\in\eusm L^0$. (iv) Tunjukkan bahwa jika
$\sequencen{f_n}$ adalah suatu barisan di dalam $\eusm L^0$, maka
fungsi-fungsi

\Centerline{$\lim_{n\to\infty}f_n$,\quad$\sup_{n\in\Bbb N}f_n$,
\quad$\inf_{n\in\Bbb N}f_n$,\quad $\limsup_{n\to\infty}f_n$,
\quad$\liminf_{n\to\infty}f_n$}

\noindent termasuk dalam $\eusm L^0$ setiap kali fungsi-fungsi itu
terdefinisi hampir di mana-mana sebagai fungsi bernilai real.
(v) Tunjukkan bahwa jika $f\in\eusm L^0$ dan
$h:\Bbb R\to\Bbb R$ terukur Borel, maka $hf\in\eusm L^0$.
%121F

",2eb11a0d42322799f710b486a9fa092d4242598484608894d2d77f0cee6afe5c,e8a6b438ec77e706180998b5fb5af3c34d704f6de6b61f55fa5b5b593b00a108,"{""basis"":""definition or definition-bearing operation retained at an exact source-to-target semantic segment"",""kind"":""source-derived-definition-map"",""source_resource_ids"":[""O007-RESOURCE-MT121-SOURCE""]}"
1.1.0,definition,O007-FREMLIN-V1-S121-DEF-SUBSPACE-OPEN-FAMILY,O007-FREMLIN-V1-S121,O007-RIGHTS-FREMLIN-DSL,O007-FREMLIN-V1-S121-SEG-121XE,121Xe,121Xe,subspace open-set family,keluarga himpunan terbuka subruang,"\spheader 121Xe Let $D$ be any subset of $\BbbR^r$, where $r\ge 1$.
Write $\frak T_D$ for the set $\{G\cap D:G\subseteq\BbbR^r$ is
open$\}$.  (i) Show that $\frak T_D$ satisfies the properties of open
sets listed in 1A2B.   (ii) Let $\Cal B$ be the 
$\sigma$-algebra of Borel sets
in $\BbbR^r$, and $\Cal B(D)$ the subspace $\sigma$-algebra on $D$.
Show that $\Cal B(D)$ is just the $\sigma$-algebra of subsets of $D$
generated by $\frak T_D$.   \Hint{($\alpha$) observe that
$\frak T_D\subseteq\Cal B(D)$ ($\beta$) consider 
$\{E:E\subseteq\BbbR^r,\,E\cap D$ 
belongs to the $\sigma$-algebra generated by $\frak T_D\}$.}
%121K
     
","\spheader 121Xe Misalkan $D$ sembarang subhimpunan $\BbbR^r$, dengan
$r\ge 1$. Tuliskan $\frak T_D$ untuk himpunan
$\{G\cap D:G\subseteq\BbbR^r$ merupakan himpunan terbuka$\}$.
(i) Tunjukkan bahwa $\frak T_D$ memenuhi sifat-sifat himpunan terbuka
yang tercantum dalam 1A2B. (ii) Misalkan $\Cal B$ aljabar-$\sigma$
himpunan-himpunan Borel dalam $\BbbR^r$, dan $\Cal B(D)$
aljabar-$\sigma$ subruang pada $D$. Tunjukkan bahwa $\Cal B(D)$ tepat
sama dengan aljabar-$\sigma$ atas subhimpunan-subhimpunan $D$ yang
dibangkitkan oleh $\frak T_D$. \Hint{($\alpha$) amati bahwa
$\frak T_D\subseteq\Cal B(D)$ ($\beta$) tinjau
$\{E:E\subseteq\BbbR^r,\,E\cap D$ termasuk dalam aljabar-$\sigma$
yang dibangkitkan oleh $\frak T_D\}$.}
%121K

",e68ecd151a83cf1f2f1ba79df50cfebdea504a98b9af6e15638377901b7b0f34,5b79e399a2e6eed2f3677391580b5613e9c767762fc95bdbdefd427f75a763d2,"{""basis"":""definition or definition-bearing operation retained at an exact source-to-target semantic segment"",""kind"":""source-derived-definition-map"",""source_resource_ids"":[""O007-RESOURCE-MT121-SOURCE""]}"
1.1.0,definition,O007-FREMLIN-V1-S121-DEF-BOREL-SUBSPACE-SIGMA-ALGEBRA,O007-FREMLIN-V1-S121,O007-RIGHTS-FREMLIN-DSL,O007-FREMLIN-V1-S121-SEG-121XE,121Xe,121Xe,Borel subspace sigma-algebra,aljabar-sigma Borel subruang,"\spheader 121Xe Let $D$ be any subset of $\BbbR^r$, where $r\ge 1$.
Write $\frak T_D$ for the set $\{G\cap D:G\subseteq\BbbR^r$ is
open$\}$.  (i) Show that $\frak T_D$ satisfies the properties of open
sets listed in 1A2B.   (ii) Let $\Cal B$ be the 
$\sigma$-algebra of Borel sets
in $\BbbR^r$, and $\Cal B(D)$ the subspace $\sigma$-algebra on $D$.
Show that $\Cal B(D)$ is just the $\sigma$-algebra of subsets of $D$
generated by $\frak T_D$.   \Hint{($\alpha$) observe that
$\frak T_D\subseteq\Cal B(D)$ ($\beta$) consider 
$\{E:E\subseteq\BbbR^r,\,E\cap D$ 
belongs to the $\sigma$-algebra generated by $\frak T_D\}$.}
%121K
     
","\spheader 121Xe Misalkan $D$ sembarang subhimpunan $\BbbR^r$, dengan
$r\ge 1$. Tuliskan $\frak T_D$ untuk himpunan
$\{G\cap D:G\subseteq\BbbR^r$ merupakan himpunan terbuka$\}$.
(i) Tunjukkan bahwa $\frak T_D$ memenuhi sifat-sifat himpunan terbuka
yang tercantum dalam 1A2B. (ii) Misalkan $\Cal B$ aljabar-$\sigma$
himpunan-himpunan Borel dalam $\BbbR^r$, dan $\Cal B(D)$
aljabar-$\sigma$ subruang pada $D$. Tunjukkan bahwa $\Cal B(D)$ tepat
sama dengan aljabar-$\sigma$ atas subhimpunan-subhimpunan $D$ yang
dibangkitkan oleh $\frak T_D$. \Hint{($\alpha$) amati bahwa
$\frak T_D\subseteq\Cal B(D)$ ($\beta$) tinjau
$\{E:E\subseteq\BbbR^r,\,E\cap D$ termasuk dalam aljabar-$\sigma$
yang dibangkitkan oleh $\frak T_D\}$.}
%121K

",e68ecd151a83cf1f2f1ba79df50cfebdea504a98b9af6e15638377901b7b0f34,5b79e399a2e6eed2f3677391580b5613e9c767762fc95bdbdefd427f75a763d2,"{""basis"":""definition or definition-bearing operation retained at an exact source-to-target semantic segment"",""kind"":""source-derived-definition-map"",""source_resource_ids"":[""O007-RESOURCE-MT121-SOURCE""]}"
1.1.0,definition,O007-FREMLIN-V1-S121-DEF-SIGMA-TAU-MEASURABLE,O007-FREMLIN-V1-S121,O007-RIGHTS-FREMLIN-DSL,O007-FREMLIN-V1-S121-SEG-121YC,121Yc,121Yc,"(Sigma,Tau)-measurable map","peta terukur-(Sigma,Tau)","\spheader 121Yc Let $X$ and $Y$ be sets and $\Sigma$, $\Tau$
$\sigma$-algebras of subsets of $X$, $Y$ respectively.   I say that a
function $\phi:X\to Y$ is $(\Sigma,\Tau)${\bf-measurable} if
$\phi^{-1}[F]\in\Sigma$ for every $F\in\Tau$.   (i) Show that if
$\Sigma$, $\Tau$, $\Upsilon$ are $\sigma$-algebras of subsets of $X$,
$Y$, $Z$ respectively, and $\phi:X\to Y$ is $(\Sigma,\Tau)$-measurable,
$\psi:Y\to Z$ is $(\Tau,\Upsilon)$-measurable, then $\psi\phi:X\to Z$ is
$(\Sigma,\Upsilon)$-measurable.   
(ii) Suppose that $\Cal A\subseteq\Tau$ is such that $\Tau$ is the
$\sigma$-algebra of subsets of $Y$ generated by $\Cal A$ (111Gb).   Show
that $\phi:X\to Y$ is $(\Sigma,\Tau)$-measurable iff
$\phi^{-1}[A]\in\Sigma$ for every $A\in\Cal A$.
(iii) For $r\ge 1$, write
$\Cal B_r$ for the
$\sigma$-algebra of Borel subsets of $\BbbR^r$.   Show that if $X$ is
any set and $\Sigma$ is a $\sigma$-algebra of subsets of $X$, then a
function $f:X\to\BbbR^r$ is $(\Sigma,\Cal B_r)$-measurable iff
$\pi_if:X\to\Bbb R$ is $(\Sigma,\Cal B_1)$-measurable for every
$i\le r$, writing $\pi_i(x)=\xi_i$ for $i\le r$,
$x=(\xi_1,\ldots,\xi_r)\in\BbbR^r$.    (iv) Rewrite these ideas
for partially-defined functions.
%121+
     
","\spheader 121Yc Misalkan $X$ dan $Y$ himpunan-himpunan, dan $\Sigma$,
$\Tau$ masing-masing aljabar-$\sigma$ atas subhimpunan-subhimpunan
$X$, $Y$. Suatu fungsi $\phi:X\to Y$ disebut
{\bf $(\Sigma,\Tau)$-terukur} jika $\phi^{-1}[F]\in\Sigma$ untuk
setiap $F\in\Tau$.
(i) Tunjukkan bahwa jika $\Sigma$, $\Tau$, $\Upsilon$ masing-masing
adalah aljabar-$\sigma$ atas subhimpunan-subhimpunan $X$, $Y$, $Z$,
dan $\phi:X\to Y$ $(\Sigma,\Tau)$-terukur,
$\psi:Y\to Z$ $(\Tau,\Upsilon)$-terukur, maka $\psi\phi:X\to Z$
$(\Sigma,\Upsilon)$-terukur.
(ii) Andaikan $\Cal A\subseteq\Tau$ sedemikian sehingga $\Tau$
merupakan aljabar-$\sigma$ atas subhimpunan-subhimpunan $Y$ yang
dibangkitkan oleh $\Cal A$ (111Gb). Tunjukkan bahwa $\phi:X\to Y$
$(\Sigma,\Tau)$-terukur jika dan hanya jika
$\phi^{-1}[A]\in\Sigma$ untuk setiap $A\in\Cal A$.
(iii) Untuk $r\ge 1$, tuliskan $\Cal B_r$ untuk aljabar-$\sigma$
subhimpunan-subhimpunan Borel dari $\BbbR^r$. Tunjukkan bahwa jika $X$
sembarang himpunan dan $\Sigma$ suatu aljabar-$\sigma$ atas
subhimpunan-subhimpunan $X$, maka suatu fungsi $f:X\to\BbbR^r$
$(\Sigma,\Cal B_r)$-terukur jika dan hanya jika
$\pi_if:X\to\Bbb R$ $(\Sigma,\Cal B_1)$-terukur untuk setiap
$i\le r$, dengan $\pi_i(x)=\xi_i$ untuk $i\le r$,
$x=(\xi_1,\ldots,\xi_r)\in\BbbR^r$.
(iv) Rumuskan kembali gagasan-gagasan ini untuk fungsi-fungsi yang
terdefinisi sebagian.
%121+

",e0081a9761c07ef02cb8149553e7c7afb92421ce097f7127c20fe92276b4c54c,451e164ddf0d6cedfa212c567869a056a8f4c33beeeeb26b6c626f0fd0b5a125,"{""basis"":""definition or definition-bearing operation retained at an exact source-to-target semantic segment"",""kind"":""source-derived-definition-map"",""source_resource_ids"":[""O007-RESOURCE-MT121-SOURCE""]}"
1.1.0,definition,O007-FREMLIN-V1-S121-DEF-VECTOR-MEASURABLE,O007-FREMLIN-V1-S121,O007-RIGHTS-FREMLIN-DSL,O007-FREMLIN-V1-S121-SEG-121YD,121Yd,121Yd,measurable vector-valued map,peta bernilai vektor terukur,"\spheader 121Yd Let $X$ be a set and $\Sigma$ a $\sigma$-algebra
of subsets of $X$.   For $r\ge 1$, $D\subseteq X$ say that a function
$\phi:D\to\BbbR^r$ is {\bf measurable} if $\phi^{-1}[G]$ is relatively
measurable in $D$ for every open set $G\subseteq\BbbR^r$.   If
$X=\BbbR^s$ and $\Sigma$ is the 
$\sigma$-algebra $\Cal B_s$ of Borel subsets of $\BbbR^s$, 
say that $\phi$ is {\bf Borel measurable}.
(i) Show that $\phi$ is measurable in this sense iff all its
coordinate functions $\phi_i:D\to\Bbb R$ are measurable in the sense of
121C, taking $\phi(x)=(\phi_i(x),\ldots,\phi_r(x))$ for $x\in D$.   (In
particular, this definition agrees with 121C when $r=1$.)
(ii) Show that $\phi:D\to\BbbR^r$ is measurable iff it is
$(\Sigma,\Cal B_r)$-measurable in the sense of 121Yc.
(iii) Show that if $\phi:D\to\BbbR^r$ is measurable and
$\psi:E\to\BbbR^s$ is Borel measurable, where $E\subseteq\BbbR^r$,
then $\psi\phi:\phi^{-1}[E]\to\BbbR^s$ is measurable.
(iv) Show that any continuous function from a subset of
$\BbbR^s$ to $\BbbR^r$ is Borel measurable.
%121Yc
     
","\spheader 121Yd Misalkan $X$ suatu himpunan dan $\Sigma$ suatu
aljabar-$\sigma$ atas subhimpunan-subhimpunan $X$. Untuk $r\ge 1$,
$D\subseteq X$, katakan bahwa suatu fungsi $\phi:D\to\BbbR^r$
{\bf terukur} jika $\phi^{-1}[G]$ terukur relatif dalam $D$ untuk
setiap himpunan terbuka $G\subseteq\BbbR^r$. Jika $X=\BbbR^s$ dan
$\Sigma$ adalah aljabar-$\sigma$ $\Cal B_s$ dari subhimpunan-subhimpunan
Borel $\BbbR^s$, katakan bahwa $\phi$ {\bf terukur Borel}.
(i) Tunjukkan bahwa $\phi$ terukur dalam pengertian ini jika dan hanya
jika semua fungsi koordinatnya $\phi_i:D\to\Bbb R$ terukur dalam
pengertian 121C, dengan $\phi(x)=(\phi_1(x),\ldots,\phi_r(x))$ untuk
$x\in D$. (Khususnya, definisi ini sesuai dengan 121C ketika $r=1$.)
(ii) Tunjukkan bahwa $\phi:D\to\BbbR^r$ terukur jika dan hanya jika
$(\Sigma,\Cal B_r)$-terukur dalam pengertian 121Yc.
(iii) Tunjukkan bahwa jika $\phi:D\to\BbbR^r$ terukur dan
$\psi:E\to\BbbR^s$ terukur Borel, dengan $E\subseteq\BbbR^r$, maka
$\psi\phi:\phi^{-1}[E]\to\BbbR^s$ terukur.
(iv) Tunjukkan bahwa setiap fungsi kontinu dari suatu subhimpunan
$\BbbR^s$ ke $\BbbR^r$ terukur Borel.
%121Yc

",caa9f411b0d5cce59479e658051e039309c7abcd19ca2db5466a14a10cb35f3b,17d0529c8d456ee069b4671dd4dc5b14c182b92302ca8cd0c71abdddd86472f4,"{""basis"":""definition or definition-bearing operation retained at an exact source-to-target semantic segment"",""kind"":""source-derived-definition-map"",""source_resource_ids"":[""O007-RESOURCE-MT121-SOURCE""]}"
1.1.0,definition,O007-FREMLIN-V1-S121-DEF-VECTOR-BOREL-MEASURABLE,O007-FREMLIN-V1-S121,O007-RIGHTS-FREMLIN-DSL,O007-FREMLIN-V1-S121-SEG-121YD,121Yd,121Yd,Borel measurable vector-valued map,peta bernilai vektor terukur Borel,"\spheader 121Yd Let $X$ be a set and $\Sigma$ a $\sigma$-algebra
of subsets of $X$.   For $r\ge 1$, $D\subseteq X$ say that a function
$\phi:D\to\BbbR^r$ is {\bf measurable} if $\phi^{-1}[G]$ is relatively
measurable in $D$ for every open set $G\subseteq\BbbR^r$.   If
$X=\BbbR^s$ and $\Sigma$ is the 
$\sigma$-algebra $\Cal B_s$ of Borel subsets of $\BbbR^s$, 
say that $\phi$ is {\bf Borel measurable}.
(i) Show that $\phi$ is measurable in this sense iff all its
coordinate functions $\phi_i:D\to\Bbb R$ are measurable in the sense of
121C, taking $\phi(x)=(\phi_i(x),\ldots,\phi_r(x))$ for $x\in D$.   (In
particular, this definition agrees with 121C when $r=1$.)
(ii) Show that $\phi:D\to\BbbR^r$ is measurable iff it is
$(\Sigma,\Cal B_r)$-measurable in the sense of 121Yc.
(iii) Show that if $\phi:D\to\BbbR^r$ is measurable and
$\psi:E\to\BbbR^s$ is Borel measurable, where $E\subseteq\BbbR^r$,
then $\psi\phi:\phi^{-1}[E]\to\BbbR^s$ is measurable.
(iv) Show that any continuous function from a subset of
$\BbbR^s$ to $\BbbR^r$ is Borel measurable.
%121Yc
     
","\spheader 121Yd Misalkan $X$ suatu himpunan dan $\Sigma$ suatu
aljabar-$\sigma$ atas subhimpunan-subhimpunan $X$. Untuk $r\ge 1$,
$D\subseteq X$, katakan bahwa suatu fungsi $\phi:D\to\BbbR^r$
{\bf terukur} jika $\phi^{-1}[G]$ terukur relatif dalam $D$ untuk
setiap himpunan terbuka $G\subseteq\BbbR^r$. Jika $X=\BbbR^s$ dan
$\Sigma$ adalah aljabar-$\sigma$ $\Cal B_s$ dari subhimpunan-subhimpunan
Borel $\BbbR^s$, katakan bahwa $\phi$ {\bf terukur Borel}.
(i) Tunjukkan bahwa $\phi$ terukur dalam pengertian ini jika dan hanya
jika semua fungsi koordinatnya $\phi_i:D\to\Bbb R$ terukur dalam
pengertian 121C, dengan $\phi(x)=(\phi_1(x),\ldots,\phi_r(x))$ untuk
$x\in D$. (Khususnya, definisi ini sesuai dengan 121C ketika $r=1$.)
(ii) Tunjukkan bahwa $\phi:D\to\BbbR^r$ terukur jika dan hanya jika
$(\Sigma,\Cal B_r)$-terukur dalam pengertian 121Yc.
(iii) Tunjukkan bahwa jika $\phi:D\to\BbbR^r$ terukur dan
$\psi:E\to\BbbR^s$ terukur Borel, dengan $E\subseteq\BbbR^r$, maka
$\psi\phi:\phi^{-1}[E]\to\BbbR^s$ terukur.
(iv) Tunjukkan bahwa setiap fungsi kontinu dari suatu subhimpunan
$\BbbR^s$ ke $\BbbR^r$ terukur Borel.
%121Yc

",caa9f411b0d5cce59479e658051e039309c7abcd19ca2db5466a14a10cb35f3b,17d0529c8d456ee069b4671dd4dc5b14c182b92302ca8cd0c71abdddd86472f4,"{""basis"":""definition or definition-bearing operation retained at an exact source-to-target semantic segment"",""kind"":""source-derived-definition-map"",""source_resource_ids"":[""O007-RESOURCE-MT121-SOURCE""]}"
