mt1.2011/amsppt.sti	2936	dfac224a6d68b036086eb28777cc6ee94e724816ba1a1b567ab71563ed424728
mt1.2011/amsppt.sty	49226	36c3ea03501596e7f789a237e415a203791276181e18a5c9c302ad17d0adf339
mt1.2011/amssym.tex	9155	42b2d8151d310b11c8fb49ae4330bb26574e9fdc354bf490b4881c7e2980c4a9
mt1.2011/amstex.tex	80207	b26f16ec979790b64cb7ee73bbd47d9c0496cb40f3b267611e228eb4d36c8ae6
mt1.2011/empty.ps	69	ae9cf43609224fcb1b2cf0f4dc510a30c70e2d81f90ac6d4a3423d50de3aa149
mt1.2011/fremtex.tex	25849	1aa72e294bfaebc2daf24f1a2bf382aaedd905fbc60d64835abad28fc0ae9ba4
mt1.2011/mt.tex	22751	fccac08dfbd9427ead0334fcb63767b93927c03c660d6e0cb2abd95fd2901120
mt1.2011/mt01.tex	3628	ac7473c0f35a20fe4ddfd50036c7c50ee094495c65c5965b593623927835cdd4
mt1.2011/mt1.tex	7144	c58c27434928c83ab4bd5727dfeeb538d6144dca0bbf1475963ed2bff7baad3b
mt1.2011/mt10.tex	13705	583e6a9e306d6eb4776df5260d04f8296cf27bb97aa740d8003802c12f5de452
mt1.2011/mt11.tex	5875	d077c5498e6a5a1136e41b7b8eaf07a7c6b576af2c32abbbd304aec3f7c3f90b
mt1.2011/mt111.tex	24584	40857003cc5e0d5580e2db104e980e34f11f813cbdb2dc4ad444f34fa01e78a2
mt1.2011/mt112.tex	22823	3c6037e1fb81449cd9ba0bd3bc9b3eae8b5c807ecc758b1b661e8bc8db53ec5e
mt1.2011/mt113.tex	16692	34a400f9b01faa39330a22f712d885a272e09134dc4ae3ee4d6dc10d09ffd7b3
mt1.2011/mt113c1.ps	18252	05008550dc6ec69c1a81a7f49690db636f74a7d676c80597a5a5c7a68cd6b247
mt1.2011/mt113c2.ps	18011	453bdd8bdf47855be6a9409a350a54509001e86745d9a292d2afeb63a63347f4
mt1.2011/mt113c3.ps	18011	ed139a714ecb9a7298305d31469202e44b35f63bc015a5c31204acee5ac96439
mt1.2011/mt113c4.ps	23151	f814fa8153a7419e48edbc0d1ca8c47fef8d2334aa89334d088ff915d4e4ffd4
mt1.2011/mt114.tex	25717	206488ff5ba2960f4e130d162cca6df7af2935968754d77bc18b53ab084b8f97
mt1.2011/mt115.tex	27681	2d6714f1b022932a90c38bc05c11f2f3c25d6fd84e5b51050c331fcbd6367739
mt1.2011/mt12.tex	1603	bf1f5adf81e557f8958b38edd8c59f4170c8686614878c4104814c1d22548e59
mt1.2011/mt121.tex	43014	f2b93bf474cccafc75cc2bc76dadbc26e5456e620d21f092cf5fae35e6776484
mt1.2011/mt122.tex	40114	e187da4ddc39d7ed101b8bb6b6ee1af4b1ac6655672f772a3aa5e874feeed701
mt1.2011/mt123.tex	17868	5a1abb103efce40f702cc375e57c7e76387e78c7def15a64fb627d428900d742
mt1.2011/mt13.tex	1602	50f00104fa2b1b663a35b152d2946e6b5f307095b07e86fd0cc44c8793fee2d8
mt1.2011/mt131.tex	11811	94ebff73a9a8820a85e852df30088830cfee57e8cfed0fa8244f915e0b88f105
mt1.2011/mt132.tex	17074	5bb8e80daa8d659ba21fd24c1c123eb17c3f76ac57d4102438acbb2622659ed6
mt1.2011/mt133.tex	27949	4fc1253dc7b903afd0b9dc472ecdf90572991337ebccfc7e76fbb88f5bb5cf8a
mt1.2011/mt133g.ps	67379	2092a1590e45019a836a2ead99e5d2b96770689be9903ca6595d8970d8ceb185
mt1.2011/mt133ha1.ps	100482	b77ab864a235124b2b32e6c2397d6313fb0105b8e08125d07e1cc3636c8c3aac
mt1.2011/mt133ha2.ps	22167	73fd36437d1de3977c92e7ea469523cf0708dd4e1354aa397ed657c036ea66da
mt1.2011/mt134.tex	51010	a7532f33fbac71ab87fdf21b89ef12a74fe8b3f72e25ab31fa48ca03c70bb850
mt1.2011/mt134g.ps	67421	6a6ac8e091bc61fb16738abebee3e3e9b2e7877f2c995aaf6807fb0adb80390f
mt1.2011/mt134ha1.ps	100524	64fe45301c8d9446bf75eaebfcd61bf3340174bd74ab06a1856c42488988f37f
mt1.2011/mt134ha2.ps	22209	857f3c5de44f056a0089056bb2db36953d2ec85750ff1fd96df28bf0856625fe
mt1.2011/mt135.tex	26129	5b7029f431f3f4ef7a75450c45a48e7beafa8ebf688bc6e0287d58e0a3dcd893
mt1.2011/mt136.tex	22658	2c0a80f0271c2fac933eeb21cd8dd719f201dbc4fbf859b534dc5f768c05b641
mt1.2011/mt1a.tex	1102	4ebe7dc511763be44d670bb6cbd1c40eb84f8c895057c756422826ea83bf1f37
mt1.2011/mt1a1.tex	16731	482bdbe2a55bdc8f9f03c8f6fcade7d743b7b988659b9044d6bec16fa5d32289
mt1.2011/mt1a2.tex	5978	347e774290e9d396218f6ba1e91620e1e67baf98efc387df43332bd7dae74852
mt1.2011/mt1a3.tex	8391	8dbfa08eb8553477b1c39a3ea6d1f969550498f352a4ca9afe119bb7887c744c
mt1.2011/mt1conc.tex	1292	03663ade39a6227e3ed4e628fcff98f5012e1a3238c207413a1d27d0734ff16f
mt1.2011/mt1r.tex	2278	d59c6d646ebe1be1cdd1f130045c21ff13bd5e3f343901c28d318aefb4f76880
mt1.2011/mti.tex	473311	f331588e3b9fd97a04754a15bd667b6ec62c73e21946efa8ed7a39083b140070
mt1.2011/mtlogo.tex	754	ac712722ed1919e322640aa627a105bdf13ba2d30539fa13ae22691428657f42
mt1.2011/psfig.sty	28879	e7aa32f16c1c558b7ad683b6accc12f86033b2e8563fe35454922f7e2ee27710
mt1.2011/tflogo2.ps	9832	b24a710ea2f370b02a9f32ac270879acfa3401c0a56cb5a4f667d4fc8cd875f6
mt1.2011/vol1.tex	725	85598fd3e8c28b8df7cae56d3070ccb3ebbd2cfabb8b64b67beff79ab5a90388
mt1.2011/volwp.aux	5691	b4a2d9dc3b11ba7a84a0755baecd92f613659f200b2baf36b15a1bbf2451564b
mt2.2016/amsppt.sti	2936	dfac224a6d68b036086eb28777cc6ee94e724816ba1a1b567ab71563ed424728
mt2.2016/amsppt.sty	49226	36c3ea03501596e7f789a237e415a203791276181e18a5c9c302ad17d0adf339
mt2.2016/amssym.tex	9155	42b2d8151d310b11c8fb49ae4330bb26574e9fdc354bf490b4881c7e2980c4a9
mt2.2016/amstex.tex	80207	b26f16ec979790b64cb7ee73bbd47d9c0496cb40f3b267611e228eb4d36c8ae6
mt2.2016/fremtex.tex	26348	8d71b25f313dab73c302b5c0919c7f1a584d4b14c5701cbd6deb770b2fd6c65e
mt2.2016/mt.tex	25246	53aa82aa9b7724e173f00262d5a4b50209c6b4185325a62eaedf8ec19ae386f1
mt2.2016/mt02.tex	14813	46dffa00a989d92e921509c50e96010e28668e910072aea3caf5e8e29614b5b5
mt2.2016/mt2.tex	8066	1b727714ad019cf6040cbeeeacb20949482e839c6e10e547d0398c88f6647e5c
mt2.2016/mt20.tex	13484	1834f831142999e976a98d598ecc3bb16e38416e8ee27e42a6bf61655815ecea
mt2.2016/mt21.tex	1994	0f03b56afed7f91f0f4b1144dde69233befd5a4e84ef60ef17dcbb6edb0460ec
mt2.2016/mt211.tex	26533	605701d2b4adab3a7e72db845604b59b4866d1fa02284c127b02fae1a28f830b
mt2.2016/mt212.tex	27387	6daa43101299cca12ba3c6dec977799deb14bd8f220d35c99acc75fe01368d04
mt2.2016/mt213.tex	49210	708bdc627b98a2ad9543b71debd06e20f04550c13bc0459d466944fc4f7d7751
mt2.2016/mt214.tex	49513	28bcd29fc1c894ae18f67e2f5d082cc96afaa316ca4cca6005507761eaf8b563
mt2.2016/mt215.tex	25674	d018c9b7bc1b947ce64eeb8fcd5893a992bf563f611287dd79bc709adff45e18
mt2.2016/mt216.tex	25045	bacd5ea48b7b5840e7f602a73a285c0260f3b5d7c12a3fb8e68308d8ded2cec2
mt2.2016/mt22.tex	2902	1406376c53ac5dd2def9f7f676b09ff79af61a46cfba0cd0d2b50b3b84993a1d
mt2.2016/mt221.tex	12734	e99d61ec142367b23394baf39cc30a525d26d46f4c0c481f6c59184aff6efc3e
mt2.2016/mt222.tex	36080	254076a7e3cc31cf27bd804f4c62b4faf63b4f965cb30a1325bec951793312c4
mt2.2016/mt223.tex	16259	d8ed5797d9478e1f5421c5f23f36fbdfa26e833992ed067f44c006d0c3a40760
mt2.2016/mt224.tex	31804	de4302ee8f5992cda3d221d95df6280cbba9ef4b85e252736da5ced2e85fd21c
mt2.2016/mt225.tex	42546	f1eab749b74af0c8ebe717c6feb3268fdb2c608964d89e32eba0be912d8b6bc1
mt2.2016/mt226.tex	26818	8257cb375a83e7c8539b4bb550954e4c1166e236e0629099c24e04174573134e
mt2.2016/mt23.tex	2343	dbb9deede9bd5a5c5f6787e0a1026b8d7a821259cc471b16d79a33e82e12487b
mt2.2016/mt231.tex	20345	155ba0f589232260a9d12158c30d23bb9c4173aba0f7776fe7e205d60685bbc9
mt2.2016/mt232.tex	41008	5661337065d557e82cb4e484ff6445e1ad39f6b0aee3a5245d30ee2e937a0abd
mt2.2016/mt233.tex	37534	77bdce9b93ae04867d4b29a43eca2f3a147432b4a4460143bad2049a6a7b5f63
mt2.2016/mt234.tex	50690	1b50eb97cca297047460e732faec26746a91d3fab1ca97fec9c2056d0c7339ca
mt2.2016/mt235.tex	47626	1dbe8b3dd740032837a382d66c3d3e738a0702db7ae5d6980dbf75c156ae87da
mt2.2016/mt24.tex	2859	016a53e3c7640f049281e4b97659913bc9c6c53e3171a51610b7e5dce6c00120
mt2.2016/mt241.tex	34479	33d1c976b96320f8b1745fe7db4688ae5351e6d0e8942d0d5f370429e1dea3b6
mt2.2016/mt242.tex	47698	4d412f80e81282d7bd8551239a773fbee785f79336a4ba7df37edc8686b68356
mt2.2016/mt242m.ps	1466	648fa15c073777928df7ac7a902252ea32b86b3757c1f70ea14b88357a5faf39
mt2.2016/mt243.tex	36390	7df4f80bf8316c225b85ace5ef024dee4efbcffe24abc43a852d77dc5a75f593
mt2.2016/mt244.tex	63066	52c74d86acc909393aafecf2b00aaa816ac2e1bc7606e472d33b63c48f323756
mt2.2016/mt245.tex	52840	19e093b1978a9f74180552b607e7628e9960117de68ed7f35eb1236d5ea2efce
mt2.2016/mt246.tex	37739	c67d44acbfa6eb4609e7c27ea31e5388276ddf3c6f1b68e33ccbac70a6f01e35
mt2.2016/mt247.tex	20601	2bff84b77ca96c2765aab90f7cf9bceaa8aa9ce8f3f379d6b701e507a43b4e75
mt2.2016/mt25.tex	4281	c6acf50a3ae74c0dce17ad4e779224651e472bccca231179aa13a221de8cad3e
mt2.2016/mt251.tex	74191	8b40209abfa0f65a66741ea8eddfa7f5a3132b89633f0d0d96d84a811de2135e
mt2.2016/mt252.tex	75782	b4bd9d2920d34292a75d569ee9b6601b93980d7baf628dc144054877935a324c
mt2.2016/mt253.tex	51379	f5c06beaff7bf4160070d254551dfc104b9a2a57494d56cbf139297945abf1e9
mt2.2016/mt254.tex	94917	b75916c2e3e75947c5ff6318498a673a7f3134161a5556c6b055e40f05501f16
mt2.2016/mt255.tex	50407	c837735d74f688178acc82b7f004669f2fe3352e5c0293d48442777a9d5bb5b6
mt2.2016/mt256.tex	41604	de4a178837df6915bbfb714622cb9a3a2d896fb7f00120d2348ccd0d4245d2cf
mt2.2016/mt257.tex	9803	45e95ad49d7d4a0f83c485c3100ff880100c78bc72e7dc99ccffb8c31a8b7996
mt2.2016/mt26.tex	4248	883d2fe0e6bc1013dc001dbc45124d0b349b961b83e01acc554f7efe6a9abdb3
mt2.2016/mt261.tex	32141	84766c4dd0c601713d2417a59c1db0853d0257e0e5f373a03427ddd42b33887d
mt2.2016/mt262.tex	50250	8b3f83a867f4984ae6d7455ed746a124dd36c56bc379624c5c8fb8e9afd2dfa9
mt2.2016/mt263.tex	52275	debe20ba70cbc7663f5e653d79ca216973d653e818121f565c650300804b7cd5
mt2.2016/mt264.tex	44157	c94668c8ac7d23e80377a8a159a0e12c368f21bc2ebbc2cea637fe9afad83464
mt2.2016/mt265.tex	32003	09d94421b9537a68427446749f66e0f9fbcdb7543f48ff2e6e3ff3f9b10b44c4
mt2.2016/mt266.tex	12637	ad2c977b007b6ff77bbd0685e91659a9daf69cb71604a589a9cf58d407255e35
mt2.2016/mt27.tex	5810	ef5d3f67448b71183084ec24c3791a94deeef67bc28bf4d792a47671cebcda56
mt2.2016/mt271.tex	33007	fba76cf594061c9154d4b9d50dbe0b9f12a4f2677318d4492ce0676f04f52948
mt2.2016/mt272.tex	53790	811f4ee300aa44020f83fd079d660dea25ace46fb8ea96ab346afb0f39ec970f
mt2.2016/mt273.tex	42130	40a720542bd636cfb4a08e685ece476391ed8deeb7f6a7ba730c4e557b1d4871
mt2.2016/mt274.tex	41519	79aaddf52669b53cb29b6743b74cfe3810e7612bc70ca99a708f698c034213cc
mt2.2016/mt275.tex	53251	17fc385ae420f1df789111e1e0d379918617e1ed345fe335e540e8714f0803e5
mt2.2016/mt276.tex	32531	56e44a3843f7b0f492e2ab5598cd7ce0fff0eb8898b87d3c69e4cc790538b87f
mt2.2016/mt28.tex	1768	a443f73a797da3ff414d812030048c4236e74af5847c59d18233bf6f6f28ba03
mt2.2016/mt281.tex	48328	49460acf8727be4de9681de19c389c95f2f1c9d1bdc4c32ee08fe0f35f415fb3
mt2.2016/mt282.tex	65441	8fc19865685e50585a28e7f5f13d674613b7b3f96d34f300e476383ca84497d5
mt2.2016/mt283.tex	48643	27fca00efa202f0e9da2296795f7f605848d6a84fa1240cc59e8622283d7590b
mt2.2016/mt284.tex	68323	00b642972b37a0d25c8dd1675c7fb8e23e6edfca4dfda1cddd483681909512c2
mt2.2016/mt285.tex	54858	e513939a8c3d2f7be017f2b1c9402b956f1278b2161e01425bf25b4045db8e9a
mt2.2016/mt286.tex	118069	2f47392f82c5a0d5e8b9d8237ab034b7154d604536f86294a540a41bb34dcbbb
mt2.2016/mt2a.tex	1673	46d5dc2dace9503e09ea3b34c109d8dff7666381d4e3637c5203a2b3cb3d4f8e
mt2.2016/mt2a1.tex	32457	a607d9c59e33fd493cd89eb27c1b4df7141996ade369590e609bc0c119f1a47f
mt2.2016/mt2a2.tex	17548	f9dac07caa5b197188722a46de19e564b0565c9da076e6a690617f85f996942f
mt2.2016/mt2a3.tex	44169	a652e80b8c4324f9f1343d5000cd8abe7379fb5f97e6c73ab4ab077cd7059962
mt2.2016/mt2a4.tex	13738	91d5c623fee5dbc4107ebc376376746ac6f6350f900436c460dd7d934655c702
mt2.2016/mt2a5.tex	16954	e5635040be2e143739e1f69d82d8caae8c6620c5ea62376513fca174393f7904
mt2.2016/mt2a6.tex	6534	902659be1cac02e4f3e2c44388790f68901c72238cbbf796474a66b44f97150a
mt2.2016/mt2conc.tex	5781	aa845780017538099d38aaabc77f65e3b3525d73d8e4532bf83278044420a3d8
mt2.2016/mt2r.tex	8507	3ed0e30b40c627a1c24833cf8f504fb8c3fa53c44c019ffdfbceef0b6bb76d8f
mt2.2016/mti.tex	491199	4856046fd6041c567fa6a502faa19ffc4fbd4d600c3c82113717ae9a70a3a0f0
mt2.2016/mtlogo.tex	754	ac712722ed1919e322640aa627a105bdf13ba2d30539fa13ae22691428657f42
mt2.2016/psfig.sty	28879	e7aa32f16c1c558b7ad683b6accc12f86033b2e8563fe35454922f7e2ee27710
mt2.2016/tflogo2.ps	9832	30b32acb9c8e45c5c1126faf9096d7d18c0b191a9312f784eb6c07aa77c5f0f0
mt2.2016/vol2.tex	1634	086d77d88c381d8876af78d766bccef7cb8ed5a844a111f8784364becaf52614
mt2.2016/volwp.aux	5806	15fffa6f21771424896c821ef22c4d39f858543cfe41645fa22cf79e63d6ac79
