00_control/CANONICAL_USER_INSTRUCTIONS_20260821.md	10476	cf913e8cb4d487f4c6958c079b372ccbb2fb5929dd483068441e80cefd6794f2
00_control/CP0001_MT111_ADMISSION.md	3330	589b5f0d382ad6da579890f37fc71e4ec97847144d9282d906160608382bb24d
00_control/CP0002_MT112_ADMISSION.md	4064	31b1558bc5d8a261c353af04fdada5904bfac0df2f2ca8ccc8c47fbaffd4662f
00_control/CP0003_MT113_ADMISSION.md	4442	640b3b74ad93917c56ca045ea9625720b5c87366c23df56ee87c8f24bf093ff2
00_control/CP0004_MT114_ADMISSION.md	4669	9a4085e79bbe04b369fd9b1485b9aa687b24cbbfd04229df456dd626cb003bb7
00_control/CP0005_MT115_ADMISSION.md	4726	6ecaf7bb49b8230b1956cdd0410bd24478f0cb28a0d3c89630caa076763f7259
00_control/CP0006_MT121_ADMISSION.md	5752	8408bfac3320c89dfce17a1e2446ed2d4bcf54c9b1d808d34b32b82f4e40289f
00_control/CP0007_MT122_ADMISSION.md	5258	252f0c97f97f82e5dbb21c9449a15c263497a880053b599030e4fe7859877cf1
00_control/CURRENT_CURSOR.md	2468	355ecdb436c67c9a29d40a213c81c2da570486464828bc5ff3ead5905328eca1
00_control/CURRENT_GOAL_AND_WORKFLOW.md	4393	1e42344a8e968ab06916cb573cf0c5eb08f22ef1482019bfbe94c4673b1ff486
00_control/CURRENT_STATE.md	20022	a90d6b0e6955b6fa5585b6cdb9888cfe1e41bdc7c7d2a4eb65afae904e841646
00_control/DECISION_LOG.md	10987	d84687f15d4997c35e61c098719bd59e2487849350a9521f22c582b210a1014b
00_control/RIGHTS_AND_ATTRIBUTION.md	2404	9dbef98614be691d568a9870c22749588f81c85e4774e3f016a50a8b1fcfcee5
00_control/ROOT_SELECTION_HANDOFF_20260821.md	13633	c889c737b0cbaf1cfef4fe919d50538266313d7899ced78fc9374158cebac951
00_control/SOURCE_AUTHORITY.md	8622	e630802bfb0af9381f1ade10d5fc2573928998dc75eff3745f4a3cd56973aef3
00_control/SOURCE_CORRECTIONS.csv	7176	81643efa989dc2b00ea078629fb24f9cda2fa3e8b643ffc999b58909448f99c5
00_control/TASK_RECONSTRUCTION_20260821.md	10616	902cb0f5468fb28623c69aa87ccc8cb08b19d01003524d9ee804097b78ef92ef
ATTRIBUTION.md	2517	94cef23539d9591389f02d864471bdb366bc6bced9ce759eb4dfe5993f601eb2
authority/fremlin/build-support/miniltx.tex	13702	6ba5031ede43168d45d6de2d93cceae93913169c4367d56b81d524a18e42a66a
authority/fremlin/build-support/volwp.2016.aux.txt	8008	402e099d75b28b00c5d721cb1510380ce03320f87d1abcda5b7d1bbb6b3df8bd
authority/fremlin/BUILD_SUPPORT_MANIFEST.tsv	174	392ab43467f1fd84cea8edb9753f62034518cfa3b78c841f9b586865c85e6ae2
authority/fremlin/dsl.txt	8076	4505ea3ff83882f83f4f5ea2088b51a89f90fa440f6a28c08cb126d7c29e70db
authority/fremlin/mt1.2011.tar.gz	421854	1deabdecd72f2a2866eb70c4e2ab89f230083af155414023a0a8b441010a6ff2
authority/fremlin/source/mt1.2011/amsppt.sti	2936	dfac224a6d68b036086eb28777cc6ee94e724816ba1a1b567ab71563ed424728
authority/fremlin/source/mt1.2011/amsppt.sty	49226	36c3ea03501596e7f789a237e415a203791276181e18a5c9c302ad17d0adf339
authority/fremlin/source/mt1.2011/amssym.tex	9155	42b2d8151d310b11c8fb49ae4330bb26574e9fdc354bf490b4881c7e2980c4a9
authority/fremlin/source/mt1.2011/amstex.tex	80207	b26f16ec979790b64cb7ee73bbd47d9c0496cb40f3b267611e228eb4d36c8ae6
authority/fremlin/source/mt1.2011/empty.ps	69	ae9cf43609224fcb1b2cf0f4dc510a30c70e2d81f90ac6d4a3423d50de3aa149
authority/fremlin/source/mt1.2011/fremtex.tex	25849	1aa72e294bfaebc2daf24f1a2bf382aaedd905fbc60d64835abad28fc0ae9ba4
authority/fremlin/source/mt1.2011/mt.tex	22751	fccac08dfbd9427ead0334fcb63767b93927c03c660d6e0cb2abd95fd2901120
authority/fremlin/source/mt1.2011/mt01.tex	3628	ac7473c0f35a20fe4ddfd50036c7c50ee094495c65c5965b593623927835cdd4
authority/fremlin/source/mt1.2011/mt1.tex	7144	c58c27434928c83ab4bd5727dfeeb538d6144dca0bbf1475963ed2bff7baad3b
authority/fremlin/source/mt1.2011/mt10.tex	13705	583e6a9e306d6eb4776df5260d04f8296cf27bb97aa740d8003802c12f5de452
authority/fremlin/source/mt1.2011/mt11.tex	5875	d077c5498e6a5a1136e41b7b8eaf07a7c6b576af2c32abbbd304aec3f7c3f90b
authority/fremlin/source/mt1.2011/mt111.tex	24584	40857003cc5e0d5580e2db104e980e34f11f813cbdb2dc4ad444f34fa01e78a2
authority/fremlin/source/mt1.2011/mt112.tex	22823	3c6037e1fb81449cd9ba0bd3bc9b3eae8b5c807ecc758b1b661e8bc8db53ec5e
authority/fremlin/source/mt1.2011/mt113.tex	16692	34a400f9b01faa39330a22f712d885a272e09134dc4ae3ee4d6dc10d09ffd7b3
authority/fremlin/source/mt1.2011/mt113c1.ps	18252	05008550dc6ec69c1a81a7f49690db636f74a7d676c80597a5a5c7a68cd6b247
authority/fremlin/source/mt1.2011/mt113c2.ps	18011	453bdd8bdf47855be6a9409a350a54509001e86745d9a292d2afeb63a63347f4
authority/fremlin/source/mt1.2011/mt113c3.ps	18011	ed139a714ecb9a7298305d31469202e44b35f63bc015a5c31204acee5ac96439
authority/fremlin/source/mt1.2011/mt113c4.ps	23151	f814fa8153a7419e48edbc0d1ca8c47fef8d2334aa89334d088ff915d4e4ffd4
authority/fremlin/source/mt1.2011/mt114.tex	25717	206488ff5ba2960f4e130d162cca6df7af2935968754d77bc18b53ab084b8f97
authority/fremlin/source/mt1.2011/mt115.tex	27681	2d6714f1b022932a90c38bc05c11f2f3c25d6fd84e5b51050c331fcbd6367739
authority/fremlin/source/mt1.2011/mt12.tex	1603	bf1f5adf81e557f8958b38edd8c59f4170c8686614878c4104814c1d22548e59
authority/fremlin/source/mt1.2011/mt121.tex	43014	f2b93bf474cccafc75cc2bc76dadbc26e5456e620d21f092cf5fae35e6776484
authority/fremlin/source/mt1.2011/mt122.tex	40114	e187da4ddc39d7ed101b8bb6b6ee1af4b1ac6655672f772a3aa5e874feeed701
authority/fremlin/source/mt1.2011/mt123.tex	17868	5a1abb103efce40f702cc375e57c7e76387e78c7def15a64fb627d428900d742
authority/fremlin/source/mt1.2011/mt13.tex	1602	50f00104fa2b1b663a35b152d2946e6b5f307095b07e86fd0cc44c8793fee2d8
authority/fremlin/source/mt1.2011/mt131.tex	11811	94ebff73a9a8820a85e852df30088830cfee57e8cfed0fa8244f915e0b88f105
authority/fremlin/source/mt1.2011/mt132.tex	17074	5bb8e80daa8d659ba21fd24c1c123eb17c3f76ac57d4102438acbb2622659ed6
authority/fremlin/source/mt1.2011/mt133.tex	27949	4fc1253dc7b903afd0b9dc472ecdf90572991337ebccfc7e76fbb88f5bb5cf8a
authority/fremlin/source/mt1.2011/mt133g.ps	67379	2092a1590e45019a836a2ead99e5d2b96770689be9903ca6595d8970d8ceb185
authority/fremlin/source/mt1.2011/mt133ha1.ps	100482	b77ab864a235124b2b32e6c2397d6313fb0105b8e08125d07e1cc3636c8c3aac
authority/fremlin/source/mt1.2011/mt133ha2.ps	22167	73fd36437d1de3977c92e7ea469523cf0708dd4e1354aa397ed657c036ea66da
authority/fremlin/source/mt1.2011/mt134.tex	51010	a7532f33fbac71ab87fdf21b89ef12a74fe8b3f72e25ab31fa48ca03c70bb850
authority/fremlin/source/mt1.2011/mt134g.ps	67421	6a6ac8e091bc61fb16738abebee3e3e9b2e7877f2c995aaf6807fb0adb80390f
authority/fremlin/source/mt1.2011/mt134ha1.ps	100524	64fe45301c8d9446bf75eaebfcd61bf3340174bd74ab06a1856c42488988f37f
authority/fremlin/source/mt1.2011/mt134ha2.ps	22209	857f3c5de44f056a0089056bb2db36953d2ec85750ff1fd96df28bf0856625fe
authority/fremlin/source/mt1.2011/mt135.tex	26129	5b7029f431f3f4ef7a75450c45a48e7beafa8ebf688bc6e0287d58e0a3dcd893
authority/fremlin/source/mt1.2011/mt136.tex	22658	2c0a80f0271c2fac933eeb21cd8dd719f201dbc4fbf859b534dc5f768c05b641
authority/fremlin/source/mt1.2011/mt1a.tex	1102	4ebe7dc511763be44d670bb6cbd1c40eb84f8c895057c756422826ea83bf1f37
authority/fremlin/source/mt1.2011/mt1a1.tex	16731	482bdbe2a55bdc8f9f03c8f6fcade7d743b7b988659b9044d6bec16fa5d32289
authority/fremlin/source/mt1.2011/mt1a2.tex	5978	347e774290e9d396218f6ba1e91620e1e67baf98efc387df43332bd7dae74852
authority/fremlin/source/mt1.2011/mt1a3.tex	8391	8dbfa08eb8553477b1c39a3ea6d1f969550498f352a4ca9afe119bb7887c744c
authority/fremlin/source/mt1.2011/mt1conc.tex	1292	03663ade39a6227e3ed4e628fcff98f5012e1a3238c207413a1d27d0734ff16f
authority/fremlin/source/mt1.2011/mt1r.tex	2278	d59c6d646ebe1be1cdd1f130045c21ff13bd5e3f343901c28d318aefb4f76880
authority/fremlin/source/mt1.2011/mti.tex	473311	f331588e3b9fd97a04754a15bd667b6ec62c73e21946efa8ed7a39083b140070
authority/fremlin/source/mt1.2011/mtlogo.tex	754	ac712722ed1919e322640aa627a105bdf13ba2d30539fa13ae22691428657f42
authority/fremlin/source/mt1.2011/psfig.sty	28879	e7aa32f16c1c558b7ad683b6accc12f86033b2e8563fe35454922f7e2ee27710
authority/fremlin/source/mt1.2011/tflogo2.ps	9832	b24a710ea2f370b02a9f32ac270879acfa3401c0a56cb5a4f667d4fc8cd875f6
authority/fremlin/source/mt1.2011/vol1.tex	725	85598fd3e8c28b8df7cae56d3070ccb3ebbd2cfabb8b64b67beff79ab5a90388
authority/fremlin/source/mt1.2011/volwp.aux	5691	b4a2d9dc3b11ba7a84a0755baecd92f613659f200b2baf36b15a1bbf2451564b
authority/fremlin/SOURCE_MANIFEST.tsv	11879	4aa1c1b17d932f0f2eb7b5373456e1f39451d775f446cb8aa72101b6f57e8490
backend/catalog-v1.1/corpus.csv	869	b196c191f1e190eb1075ee05d180bac8e43e00cbee1d0014467e4ec96a24a9ae
backend/catalog-v1.1/corpus.jsonl	883	2c484b33a0f126b63958d0e1b47dab614f5fb4c07fe7fc0eddfab81313a7e1c9
backend/catalog-v1.1/MANIFEST.tsv	1873	3c233dfd969256524fbd267c9ab3c581798807d4bceb57e296d731c23acbd3c6
backend/catalog-v1.1/resources.csv	13104	ebf75c8b3f0ad8ac5e8d2befc21fe16310c1c611462e8f9fd3219ec33a168bfe
backend/catalog-v1.1/resources.jsonl	16221	387a7ec50340e07c657178c2271298de3eadb91642ee76066cbac1ea04578b28
backend/catalog-v1.1/rights.csv	1203	8c77d477dc2e851e944b5a4b2d2a80a598a15e26920d8c122ddfe61920e98ecd
backend/catalog-v1.1/rights.jsonl	1217	72e4f658a6b438ec43add6544b52f11e453ac2f5fa5161d0a6c351859ee3ca45
backend/catalog-v1.1/units.csv	5798	58e3d794f09970680ce6fe91e001f527aea9d278089e9c960f1a2192e67aa659
backend/catalog-v1.1/units.jsonl	7708	e8b67c0e2a64cd33b3e2ea3cb01c099da8bf830784ea024af0e78c6f161534ba
backend/catalog-v1.1/volumes.csv	1349	803cd4da90c3ad5c627f8c2b3ffd7df0a4bbf35e868fac95b1d38b05088938b9
backend/catalog-v1.1/volumes.jsonl	1605	445b7ccf194175384042e76f9b21f2fb15e3cf4188e02dc79fc0d84251b680bd
backend/catalog-v1.2/corpus.csv	869	b196c191f1e190eb1075ee05d180bac8e43e00cbee1d0014467e4ec96a24a9ae
backend/catalog-v1.2/corpus.jsonl	883	2c484b33a0f126b63958d0e1b47dab614f5fb4c07fe7fc0eddfab81313a7e1c9
backend/catalog-v1.2/MANIFEST.tsv	1972	da966c7e1cb4c3178918818d2504a9db0849a08bb32ca3f9cdd68f9af7895bf3
backend/catalog-v1.2/resources.csv	15735	ee19d43a93fecedda18e7642bd486a3137e249f966839ed58344251ded734bab
backend/catalog-v1.2/resources.jsonl	19478	21fe7b52afb45b3caa21e0ee67c572fc0a2b363ba3c6062ac2013e45b768fcd8
backend/catalog-v1.2/rights.csv	1203	8c77d477dc2e851e944b5a4b2d2a80a598a15e26920d8c122ddfe61920e98ecd
backend/catalog-v1.2/rights.jsonl	1217	72e4f658a6b438ec43add6544b52f11e453ac2f5fa5161d0a6c351859ee3ca45
backend/catalog-v1.2/units.csv	6995	1427f996eee4df761411d107231caa4108fc09ae3c17fb4ff230bd0f264f5a14
backend/catalog-v1.2/units.jsonl	9261	1abb5f26cbe3e9de45b2b727b8513176db4fdbc5f1359d232d225f31b55eb22c
backend/catalog-v1.2/volumes.csv	1374	f263aa94260fa19459a71bc680231c98adfbcd977591ca0a3e215fb46aaf0dc0
backend/catalog-v1.2/volumes.jsonl	1628	7116ade5b9bc2fe42f15a081e1d454a7bea07d35a8e4f4ea614302a1e180b4b6
backend/corpus.csv	617	aae0e92106be3535383b39c1f0101cecd00de516e89591efe79023fdb0fda081
backend/corpus.jsonl	883	a596223300e351c365b2f13f7ae1de9a7e689d2ec41f2626315f1dfe741b74b3
backend/generate_mt111.py	43241	a1cb3ea4ff5280c3db874e50376ef6e0f407c2ac7545d7862e873c9cb5ddcc36
backend/generate_mt112.py	52806	62939c4b3c398ebd0ae60f352151d13967e99e03e70d7e092b17d4df573c1fbb
backend/generate_mt113.py	50445	e0f166a04cf7723f080270f6356aa4fc58b17a3e12ad095a52d1593e3df48d3e
backend/generate_mt114.py	45442	5fd1223352319742b3945d36ff37a1f9976465c87c328333fa75fb696291bbde
backend/generate_mt115.py	60029	20237d0cf111f5e5bbc5d179dbdc368ad4194609a1dcf8aa5fa90a3b0af37dc6
backend/generate_mt121.py	76625	ee15ac35524460babd2dcb26041369eba34225fc5d90114668061a25769c46f6
backend/generate_mt122.py	123797	3cf593e2ddd429e2519116ab33a8ac4f7a504932fbd745b967807599d35e69d4
backend/mt111/artifacts.csv	1129	57c788a278a52f6ebc11c5efc795551d42910577f0748ff37ac5c005c81318a4
backend/mt111/artifacts.jsonl	1304	749e157e7ac4e57abdb1bc5644c4664df9a1d4da5929b22590cf359d178ff7dd
backend/mt111/definitions.csv	11067	845fd4f0f7fffce0dbc9e987621cb3198b090d1d8584af8d654fc6d3eaf0bc30
backend/mt111/definitions.jsonl	12873	42b15992d3e8faa7da98a99e56228c099d77af62ddc4dc46c93cb7a7cefeb160
backend/mt111/events.csv	960	aa530c6c43f9691a88b8cb077bd191e0722298d9b22e272b8a0f3a73e87a9799
backend/mt111/events.jsonl	948	b69c9878dbfbcb070cdde0eaa29b206f36b459e0a67f242671e2e3728f25e0ee
backend/mt111/exercises.csv	13848	618ab12338b09b3c744adc897f8dc31174a7052f34d48c27a205f9d3f0590931
backend/mt111/exercises.jsonl	17013	39c15c1340db84d5a9cb5c8ca2cf241736bf48e211c8dbe0fe7e738ed6c50551
backend/mt111/formulas.csv	259815	a2cd749ff6065f19a98893efa105bc29939e769036a72b8e6d3d858f894f2c66
backend/mt111/formulas.jsonl	426235	417cbd14ba4723c5dc6dd04ecf01123e3f5864f5d97a32042cb7a36fe4921b58
backend/mt111/hints.csv	2573	255431898c234c4967d5b620a2da162651a4f4ca4a46a66382adc4b4190ce7b3
backend/mt111/hints.jsonl	3116	9754d9e974898c6f1d0be6f92047346f5578d5ce298fe98905d327824648515e
backend/mt111/MANIFEST.tsv	2915	048376684666d61d40fe00d055a208f20e4364601fa7bf2f305d1d68087736ea
backend/mt111/proofs.csv	13639	c1c9645c8846b1eed681a0fbbf88bfcba1d10a11780b6077d934b6e5a64ae29c
backend/mt111/proofs.jsonl	17029	fc3f72dec68db4ba0918d402f001496bd2f565c0f9af9797a8c820aa703e5cf3
backend/mt111/relations.csv	14206	84c355cae264784cef613eb9a5aa8258793e070de3bab3350584c5c928713a9a
backend/mt111/relations.jsonl	19616	53311cc1ee61329814fea64479992b15cfd1ffe4fe65a553915f4a714848ae63
backend/mt111/results.csv	27050	9d068f053e3ad56301b7f684d68c226db99a993fef69aa0ed6561cc80e22349e
backend/mt111/results.jsonl	31083	9691c72d3f77654812bb3fead74ca2ae053f56346012970e28b18ca8cd35106d
backend/mt111/segments.csv	25743	56d34d630c83d19d1cabfb69fcdae39e79ff12d45fee1c50b24a5d01b654fff0
backend/mt111/segments.jsonl	43883	2c311f4bfb975ff3c040cfa4c8848e92f9b226322bfb40e8a2f5c68c7f304d0e
backend/mt111/terms.csv	4473	735effbeb53908ea6cf79f4d2ce062e5a5d20d7f8b35e5dbaef78ba3d2763c83
backend/mt111/terms.jsonl	5989	f6a5fc641df133bde4c77105be981746ca8a62c16f628bffa2882ded03a8265f
backend/mt111/xrefs.csv	12034	b2a765d86174a7edd767b3f214ed516043a73ae39c210a697293266633c54247
backend/mt111/xrefs.jsonl	16611	8bc9aa109bd3028aa9c1d626d946c270d4b48b9b833698a1185f9d486d9a72cc
backend/mt112/artifacts.csv	1699	f46fa003d9e2d6552f5b811676d30f98caeaeeeaafc25364b307133801919323
backend/mt112/artifacts.jsonl	2015	a4f43f6fe1f0832831cce515c14eaa96b8c51bb6e4f7933db25c353ffb12654d
backend/mt112/corrections.csv	2344	0d7aad11136d1666dfbdc948b714acdf8b9a4e1e21749f056d5dbd86cbde1c6a
backend/mt112/corrections.jsonl	2853	f2ce1d99f39b4eef9ac2ec66f45fc1a34b336d87983e90c41ae35fc01786dca4
backend/mt112/definitions.csv	37079	372fd8b1dd8804bea698733d21e7699268039e21848959fc3f6e48f8b8c88875
backend/mt112/definitions.jsonl	42477	51e7fef6863f5efbb32b976279a0e410d6f34a976d0210765d15b157f0a241de
backend/mt112/events.csv	1127	9ab2d338ea804f09cf5b73fac949c3073eddec624070a30f285f2bc3020f39e4
backend/mt112/events.jsonl	1103	44db8f27a1fcb1c8fdba534adcedd4e048ead35bd38f7b10f46b97ee90ba2cfc
backend/mt112/exercises.csv	20657	33d081fa08e7f222a561a7cd4f86de410a0225dcb2d2522547acee5c32a0fcd2
backend/mt112/exercises.jsonl	24689	ffbff2be5c13057a19879203182de322d705e681a6fe0f30a4d400bdc2cacab7
backend/mt112/formulas.csv	297602	6deb155446984359c44dce7b4d258757aa8f4397020fd8324f00810b5b33c3e0
backend/mt112/formulas.jsonl	483068	33a5f090762443be0e529a31c4cac6de99a11822461d1d75fe709d752ac71a27
backend/mt112/hints.csv	788	d2721acd90517a60b0ab3b83834614fa93617fd81b83f7e05acecf327aed2299
backend/mt112/hints.jsonl	835	462bc1c60c550eefd8355d6301711dbaf2d86b60eb546f770375cb12fc86015e
backend/mt112/MANIFEST.tsv	4521	8e0f230f0244c6eebd51416fb2921405897bedbfc5b60adbd026086d4521160e
backend/mt112/proofs.csv	10392	3da280989ed769a923b4b51e8aac3e0bf2734a8a4598e8427de97d00a0df27d6
backend/mt112/proofs.jsonl	12698	0ff5c065066ab9da5d59c77b4bcf6538bde36405e669c3b981aff10f2e41e9f8
backend/mt112/relations.csv	15516	fd485c2ec295a5e23d6e98116f5b360f80b332d4509f664200230003828ecdfd
backend/mt112/relations.jsonl	21366	2b9b2e63ca237f0882dd88fc19c5e19281c61517e3b19b3a843d07160d4dc0dc
backend/mt112/results.csv	8846	91ac3d16abb2c30bd0a3133d4f41480093c5b69274eb1166f9d58c686c0bc35a
backend/mt112/results.jsonl	10965	48bbf58d8336e32a8c8f21a6ce64b220ac8f8a8f5e99ff36b2e58094f2a2b838
backend/mt112/segments.csv	23972	4c3ad2e22a485a94a6e9b66a4218b24900599577bb922bc635329c668d9d6a84
backend/mt112/segments.jsonl	40113	e27e2613cf5dc32bd7214a5fe2f530c767c38f806b53323e1336a75f946e1444
backend/mt112/terms.csv	10758	fe11a65691c2628d680d76413947b0d7ca08deb2a7bd669b87dfda290cf978f2
backend/mt112/terms.jsonl	14214	6fc52371c1bc73709b947aac7752cd1ba7bebe2b46c627c264bcb78fea379eef
backend/mt112/xrefs.csv	9256	08888ca4a9dc71e742d441f5186fc973eff21ec94212d01c86b2cb67766c0ad0
backend/mt112/xrefs.jsonl	12815	87de77efb75bc06aae1112f39587c5458f62beb256a970aac17441dc7f7003bb
backend/mt113/artifacts.csv	1184	6299173c27387467c57e1adbdfcb81c54c5ad38a60c56db9e288938d8b87d784
backend/mt113/artifacts.jsonl	1359	51dbcd9490f57c63ea4476c36d4f35bc4f0bdc3bff7765f65338754814ce4b90
backend/mt113/assets.csv	3257	2671a759efe464d7db7a3c56346ca303e31a065f0dd21c6fd11a488582b96b67
backend/mt113/assets.jsonl	4172	be26c5e7831fd79bdf80f291ca51847805bb4da02b46762429949663e7220d7c
backend/mt113/definitions.csv	5425	12d92795eb8e5016ffd54057ca7e36be993115f863a275bcfb749f30ec22c765
backend/mt113/definitions.jsonl	6259	5c6c3a64f785db0f2493ecfabead682389c94b355ed57947a57de5a2169e7984
backend/mt113/events.csv	1515	15fbba0752020e6a4ccddbcecabbeabb24fd66a20eab05df7def8a638d3bf1fb
backend/mt113/events.jsonl	1475	2e7c02285792f38365d5cf1f52705b85b15597ef4137eecd53aa76a3f47cbeee
backend/mt113/exercises.csv	26396	9a5bcf87e7cb59f3b152d2a58f80baf6c5ee8616dc8b958a7339f73bd463eece
backend/mt113/exercises.jsonl	32093	694ef22a28c47f74b508d5e7b695493612daf4fc53865867e74a1400dedffcd3
backend/mt113/formulas.csv	246712	4a595384c2c3c08c7c07da1cca66b856ed0b2518738a3711d22447342e1f2dce
backend/mt113/formulas.jsonl	383130	a7d475b53a96ffa5118f2bfb1bd3fee3141dced19af04955375038f7f4f5715d
backend/mt113/hints.csv	1507	a68ff1dbda20a61e408fb1c55e486adc71ade9a2f1b4a6593c46fef9c06d0047
backend/mt113/hints.jsonl	1804	461da109f199e0cd201f66da33df0a4a205bb1f1396ab06b546666ea1f597397
backend/mt113/MANIFEST.tsv	4870	e1f6f50b28c5376aa0ffa2d8d0de0fcf5f1376c26da0000a416e2b09d6727ea7
backend/mt113/proofs.csv	13522	a542be9ca99c845d047c4ee9bfa4039b1e3edf048f76e1a3c564aeb32ba04a80
backend/mt113/proofs.jsonl	15730	9c2105965a7cc8642a9f7348572233285270beef8106ec8017523ba8d27cf6f8
backend/mt113/relations.csv	17550	57099f674e2da3c1664d01679906ef9d31793a15dc0a372bfaa07d8a3ef09bf4
backend/mt113/relations.jsonl	23699	057f9cb82f0736c4f6e131021a8aaf10ac52c51dec20413d2c86990314e996aa
backend/mt113/results.csv	1597	4a908f52919cba28ba3f3a851a8a824bbc65a168de0e7a2939f57eb6ea25d5e5
backend/mt113/results.jsonl	1715	9f81a9dad28e507657a2449f91a61a0b7cbe02390c1914f2d4c3c1c60a54bfea
backend/mt113/segments.csv	21854	dc4c7fd31fd681c0f64cee7a76cd7e786380208e93cf461a4a21c8a3fae6edb3
backend/mt113/segments.jsonl	36670	2b54cd4d31abc6bdccbcc2ffd47962b684dee23ec566f582def32684bccd6fd9
backend/mt113/terms.csv	4730	3c6f2256554e1c69c8d42e72b527e3f2437dfe576cbaba03affad514bc63b199
backend/mt113/terms.jsonl	6390	765fe05dc9b206526b132e73ba5d73ce0c180c424f497693e054efd5370a4cd3
backend/mt113/xrefs.csv	12366	bf85f94bb55ea78acd799e9812c0718cdfda05e049638dba6384a84113bbb1d9
backend/mt113/xrefs.jsonl	17428	d4028d682af057e4310dd79c7901484b2fd622fc86f249c316456ad31fe84466
backend/mt114/artifacts.csv	1184	5f52b913f710ddd5abe1ffc4d8fbdf845bcc533b8c733f76b7f0584b7cfa21a0
backend/mt114/artifacts.jsonl	1359	a6eb712d71ba3c119e4ffc0a72aadf1c444edfe134aee7f7a2c759ab3aa7448d
backend/mt114/assets.csv	1	01ba4719c80b6fe911b091a7c05124b64eeece964e09c058ef8f9805daca546b
backend/mt114/assets.jsonl	0	e3b0c44298fc1c149afbf4c8996fb92427ae41e4649b934ca495991b7852b855
backend/mt114/definitions.csv	10201	646a9cbfaa63b624230d180c7c0701946d6a719069f213ed394d8e2cbb5a694b
backend/mt114/definitions.jsonl	11868	77649e7d502246474468c1a701afa9f378cbb403fdd1b643ae7972e4586bdca2
backend/mt114/events.csv	1670	ac9962e54399bc58eb799126651e4019c854a25e3fde9c456660ca0e4098ec8d
backend/mt114/events.jsonl	1630	52f17595d2cca8efda2bdf2ed2e34ad90e87b93e97765975cf6c035fabe20701
backend/mt114/exercises.csv	23943	e191e69c83f8b5d6bc6ff56e077b6f00af29a29ccd4bb591970b056317325674
backend/mt114/exercises.jsonl	29432	e34c26fabe577f37f41e094cb12423a5902636b1cc2c7db62248d32e5b625328
backend/mt114/formulas.csv	265127	ec8b59dd58a763f061beb40b1f3c3d043179a1e8f2b77f169c65200e2d837f4c
backend/mt114/formulas.jsonl	434808	35d59487626487ce59e83c1ee8e6fbd563ebb4ad63a923aa47ee592e350c05bc
backend/mt114/hints.csv	6071	d01d0c5b44aac4029a21d9fcac8399a4c6d5cdb4bec54920b827dff6f978f89b
backend/mt114/hints.jsonl	7843	85c81b453d97ed734f536ad79a414acf3f6ac6b749d157fa715879df0e2ee2fa
backend/mt114/MANIFEST.tsv	4401	94af0c5ec39954d1ce44e4f9ecf7cdf6d533f0893d079de0590f415dad15c15b
backend/mt114/proofs.csv	28534	3aa55bb8766f6eba541a526e68b2b733dbba0002e0982d6e7f26745a58d660b5
backend/mt114/proofs.jsonl	34484	bd633c38c38303835b8db119c9a52abd1a28ec7e0a40da23681ece889267308a
backend/mt114/relations.csv	22374	b101d36888b587c2ef7da475eddf7790158a05df4c4420b6a478525c5fd77438
backend/mt114/relations.jsonl	30527	c6b28c763fd60d2c55f96ace88140b2c3926df2bb7ad8815b5e914003c7473cf
backend/mt114/results.csv	5900	19101ae0f4573ef18d4c4bd21e44c43b6a4d7b839a69eb4a6372f663743fbb66
backend/mt114/results.jsonl	7104	110d2bdb3022924c3549906a38b60fb43eefd77d79dd534fb742c3cd5532e38e
backend/mt114/segments.csv	27859	206211886a4fe2ccaaa309b45ac61ccfe343a117280a77b9af90b1ecca3d1428
backend/mt114/segments.jsonl	47174	253359d94634d03f7da86e219f5c875fdfbbf48f9be041e73a5891c05db14935
backend/mt114/terms.csv	5175	f60818fb0e94be1375c588c4c887b396f1bde557aa76129c8906ddbafd7039e8
backend/mt114/terms.jsonl	6941	77ca53a1d70c64432cb8384965c56ccbc50eed197c80cbf2fdff5fb0970b6ebb
backend/mt114/xrefs.csv	26216	cbf460a2968073d7197526a571d9b50e868eb8bc659ae49397b32cc58da75b3b
backend/mt114/xrefs.jsonl	37270	152a6952414184d9eff777788a055b1910dafdf39e092b7979e88181ab4eb659
backend/mt115/artifacts.csv	1341	3ae3537176fd5f4e0e61cc425164dded911cc3da3bbaad47baca76c1bc8e5031
backend/mt115/artifacts.jsonl	1512	10d3b0a41e604a05359b2ccff5cd0cfd9aeab543533fba5583ffd39203a7b1a2
backend/mt115/assets.csv	1	01ba4719c80b6fe911b091a7c05124b64eeece964e09c058ef8f9805daca546b
backend/mt115/assets.jsonl	0	e3b0c44298fc1c149afbf4c8996fb92427ae41e4649b934ca495991b7852b855
backend/mt115/corrections.csv	3474	f55750c3c6f74ea8a1e593000f28b3d1e6bf2cef943f62fac54786f090d9efe8
backend/mt115/corrections.jsonl	4183	4278a4e406eb648a27bb1466b0ac1cdd916949c5bd103f5254975790aa7df7ef
backend/mt115/definitions.csv	12966	32c5a06e7faaaba15fab6a101320aac633352a5ea66e16bcd1a823336f032fff
backend/mt115/definitions.jsonl	15089	d884d9cfe0366877b08026a8e612b32f01e29942a332cf25f4cec03d2678cba1
backend/mt115/events.csv	1721	bfbd1bc9f6ef81bb368521949a2efc7a9a73d7cd12274b796fa28e382a11e9fb
backend/mt115/events.jsonl	1675	9a9fb761003caf6ab51e6fe5c33172a3d4422f522da51dccaa8fbf9dd3b8a2e1
backend/mt115/exercises.csv	14364	cb95e768025f2f8d4fce68bba6d2af6d75d8d3b5f721e4087900ccb83ab3464a
backend/mt115/exercises.jsonl	17212	0ee956b6fee07c3bf918ec4c1ef69c118aff4874524b0fce7596c0011a169661
backend/mt115/formulas.csv	291167	03fa537b4bc0d8fa6c2fd69e0a623a7aad09c92815c5f67606ae247f282738db
backend/mt115/formulas.jsonl	456557	d57f276f9a6a4d5726572d0c73b941fa8e3f1f48bc8060dc12612ac2d328e089
backend/mt115/hints.csv	6165	4a7dc012571334732fb047020221df6da5370e723337b91247500efd746612b5
backend/mt115/hints.jsonl	7971	42be97f8aa5762d050b2069eae82ba0e0181e22aae05d542a03900d2ff89aba5
backend/mt115/MANIFEST.tsv	4925	231a5422b8ec18e0c80e0af38828cb4ebed3bec109c060c712f4856b6b0c3b9a
backend/mt115/proofs.csv	34229	888699a109242ae305ba3cf50a5e8bde9693a5b28c51e1622ce6ac0d162827cb
backend/mt115/proofs.jsonl	40859	00da6a42b40e4e885a40b220962d07086a6f447b04611ebcfe91e1f429a32cbd
backend/mt115/relations.csv	20068	913431155be7847cec168e35c8ea2fd11060b301cbd7b22b25d561ece233acee
backend/mt115/relations.jsonl	27350	6758e628dae56e8b3291ab39b375ab92a9e86bed9f4cd9d87347329b695ed00e
backend/mt115/results.csv	5702	3c70817ed7e86af3c2c263dddc33fbf97628903f70b8606134907c3634b0d77c
backend/mt115/results.jsonl	6916	4ad0c36c4fb44cfa615332a5f20942e607d1e30707fe0a0053b19afc3c5bdcfa
backend/mt115/segments.csv	23924	a1c7287596b14398a6eea27da296c3db031081a552da6a03cb65db4b508a95dc
backend/mt115/segments.jsonl	40253	7cd4aa002fea6ad78da0509f84b66fb6b7054c4ea358f36ab8544a255897c251
backend/mt115/terms.csv	7830	36a6c8e553e718bbf9eb9cfa91214ad32215a85bcaa9c6c351ea811743f1fd35
backend/mt115/terms.jsonl	10064	40add1e457e65909d9cff69994483aa2251d6a04ad40477e2b048e7ecc2bc65d
backend/mt115/xrefs.csv	31464	e99f010fd4edfd9c337e58b1e3627001d303895a402983c1c7c7ee18a3417260
backend/mt115/xrefs.jsonl	44239	9d1ade2cd9cc47cfeb554884294200b504fb2251a91ad0717889da28e3a605ca
backend/mt121/artifacts.csv	1382	9b85755a15caabe2d6fca1220896ac99e9580660b3b0792043d183da445515fe
backend/mt121/artifacts.jsonl	1551	176903fe165eaf35eaa7f7e368eb8287d8f0f725591253f2cffa374dfb0677ec
backend/mt121/assets.csv	1	01ba4719c80b6fe911b091a7c05124b64eeece964e09c058ef8f9805daca546b
backend/mt121/assets.jsonl	0	e3b0c44298fc1c149afbf4c8996fb92427ae41e4649b934ca495991b7852b855
backend/mt121/corrections.csv	5025	5fb901d2be4a7630539beabe2e9f2f4be002d2e2b6dfdc241b21a052fdd32a8a
backend/mt121/corrections.jsonl	6106	ff0dc8e7cb0a0efa613261cac56336c6fb6d0045dd76111805445a6a5bbaff2b
backend/mt121/definitions.csv	49427	c54cc944dba3440a9f5fa7fbb455ec05224fe1ce12902b8448dfc301552b4ed3
backend/mt121/definitions.jsonl	57416	3f5c68429aa7d5436d907f5e6fdcf46bfcc6e67232a21f6b8c1748dff2be16b9
backend/mt121/events.csv	1789	11e04b20d1e7e05ae53c0a70fcf69ff9c307e71d3676969bf28bcacbf7534611
backend/mt121/events.jsonl	1741	1d8ab7d570e60108c9f478ee0d935fc36269e099eaf2b6781ac4799d20cd041f
backend/mt121/exercises.csv	21190	b2df48fcd442db48f035e5143cde5046e99a338bf00281f8916efaba187e4a57
backend/mt121/exercises.jsonl	24894	761110476e043564833d7607cb3b77d1653e4259586855a436856b490b590ddc
backend/mt121/formulas.csv	635714	7b23cf1fec8500427e6ab52c4dca7884c6a49a99efe9aaf8658d5cccecfea0ba
backend/mt121/formulas.jsonl	1005216	46ee5fbb3c59ed9564493cb49c73b9bc8fb0ec406a413ab273ac67efa9b93e2a
backend/mt121/hints.csv	2552	84553dd71a9e0e944b251c5663d9ab8d5120492f10471af79fe1767609cb9d35
backend/mt121/hints.jsonl	2998	b350d17bfe1239410541b4431596326fc0a5d0b123bba3008251e62a6199a9c0
backend/mt121/MANIFEST.tsv	5023	d5d919fd9095771f676d05dc57c195ba4fe677b8ab3261466fa16f637a5ce626
backend/mt121/proofs.csv	57753	c3ee815b07b0e58834d4cca4a1224c1d1a59c3c9aa7e8c000fc4c8d43706520a
backend/mt121/proofs.jsonl	71669	0e38fc47e36cceec83056aad85ec6ed7b800882fd150ffe2c86f9ae6a4e37bb5
backend/mt121/relations.csv	42684	cea38edd28aee71d92888d86b55cb74e6b311eef577879a28b6db89f39a7797e
backend/mt121/relations.jsonl	58048	21694bfd8ebc1c38fc298a5c83fd38681dfebbb996af711f8d5de6b93a1bf701
backend/mt121/results.csv	24496	55e5dd6bdf765f802eb38758961d83798dac6086fea247d0a04558d86e55cd11
backend/mt121/results.jsonl	30777	5147ed0c00a07bf01f18419f0c63dfcf1f3aadd1a478016bf11d79e2ac025b86
backend/mt121/segments.csv	36341	f56613807b0f3eafd97408cf4dff1ae319044580d61278339a2aa3921736a034
backend/mt121/segments.jsonl	60907	dd4846b0f41b7990c63c70df32bdc8e00cbf066fc31e8a7531deb2cf37c46545
backend/mt121/terms.csv	11618	b021bff5996424a74e906ebf9d47c749eecfef4f2b2700312d0211422042406d
backend/mt121/terms.jsonl	14948	93b95462a1a807594467fb2f33fdf65603b73966eccc88f7698d3656794cc9f2
backend/mt121/xrefs.csv	42995	83261437bd88d03111c7db3bad3d6362b8459bf56ff11bb0f127405de8ce279a
backend/mt121/xrefs.jsonl	59491	a9b5b7767149430a6a172b38b312775c9e88d63d28de797c53624fdf9d0db384
backend/mt122/artifacts.csv	1395	57ec040521ba6872fda1332818410546d59af966926cd54aed505849ed2755b4
backend/mt122/artifacts.jsonl	1562	ee8e4f52cda9a174e5ff48bd392e3d6e2d75d83e3856a5eafdc432c5b7353c2d
backend/mt122/assets.csv	1	01ba4719c80b6fe911b091a7c05124b64eeece964e09c058ef8f9805daca546b
backend/mt122/assets.jsonl	0	e3b0c44298fc1c149afbf4c8996fb92427ae41e4649b934ca495991b7852b855
backend/mt122/corrections.csv	3591	be0ea46b3ea97fbbbbd7e813f54e730e702ba74de053a4de4d30af78005935e5
backend/mt122/corrections.jsonl	4290	82f02e23f55ed2412db3f7939bdcfecc57eaac78c86e7e17193b113a65e5f975
backend/mt122/definitions.csv	6847	007e2b42a54bd50b6d75f720b38e3b9d9df49e43b5608b2bd2b5cf540cfab16f
backend/mt122/definitions.jsonl	8078	8894836167f98c9f0f1f14ee9a96de09474dfef68743f9da58553af69b27adb3
backend/mt122/events.csv	1738	282905af80e4b2042fcd25e6d43179c1f67902dccbbc722af0cd3ce90ba784b5
backend/mt122/events.jsonl	1692	447e9b209236ea7567600727cdd34df52c468efd001afc0deb88b8eeaab1cd30
backend/mt122/exercises.csv	30176	aca4310973f65dadc4d0b1c4c166e78b965ae9cb4722d3ec442d7154ccc38497
backend/mt122/exercises.jsonl	35841	2c3158cebfb45edeaa1ac288774ffd8a350bb96fb3299a844371bee4ee15f2bf
backend/mt122/formulas.csv	496205	3d449deaf257747069af34f2069bb0cac0d4c6d7de44fd66b38a66684ee2f877
backend/mt122/formulas.jsonl	819975	49aad2d1dd02bd0f0aecb1c22b2b6a67021ad1babe589d85e7a6a75176143e19
backend/mt122/hints.csv	4697	9960b3cfd944344eda0f96f08e5dc92ec983538bda83e4bb7d6bea4368ee3f24
backend/mt122/hints.jsonl	5972	6d1bcbf166eb97c4d498870c35d0fa34e8c11909a20fca6d09a2801b84558d87
backend/mt122/MANIFEST.tsv	5116	cdf5b391c9112ed4c1a7d757face0a4431898d09baf5b571f7fb1e9800108cd6
backend/mt122/proofs.csv	31569	62ee03b5526f54de89f924136fc3acb17950c717e6d998aef494558f16d5ba86
backend/mt122/proofs.jsonl	36415	f866d10b2b2ab5f6091056583760003b76a4c15cfde44646663c01304f6d86ec
backend/mt122/relations.csv	23087	d1a44e3ee3451012eeba891171bdd96202dae8527024470062750de1564662e8
backend/mt122/relations.jsonl	32017	624ec7146721dc6cee5ffa2c82c9922b6ee530620f21829ec7c2b1c9dea6e95a
backend/mt122/results.csv	17077	0e5c49b161a0c1b280a79cd2b48ed471b5ce2143a07a5c01b507cc1813e544d5
backend/mt122/results.jsonl	20219	ceb3b8abfde4f29873c9134f5b8f9b225d56b41a97dc04acaa007dac854dfe9c
backend/mt122/segments.csv	44360	ce6343b47328c4166a0c841001c867062184c236398a0286c9e3b11cb2e32e51
backend/mt122/segments.jsonl	75593	b117ae96d9543ae7876e1c2907ffa5039226e37f09893e7854cd8f776cfdffa9
backend/mt122/terms.csv	4561	c48312062026aec252703b337d31cbd5c5692157b8323dc2699cb6235140af5d
backend/mt122/terms.jsonl	5827	9c4cd08c09212730f623bbbc1fc094e4d8333a980f4a8c1237a2fc8d616b5817
backend/mt122/xrefs.csv	66635	f9876a8174627f31ec5d854ab325d83d704d56c5839c7378738aa4bc968fff9c
backend/mt122/xrefs.jsonl	94402	1430ae2b0971c299307a84a23a5dea3fa7586bb6382d49ca15ec22a87cde6e98
backend/o007_backend_core.py	10338	b7d5ae95847d717938d55b3f80e6a6499c3b75d3e901bd74032f3ca4836113f1
backend/o007_nested_math.py	2917	90d8bccbc7b98f5e618194394500490c9205e339cc27d95a048d41ee4d346a9a
backend/resources.csv	2332	e79ec3768e5dbaa99ef34a57a7fd14a6c8e5135e792c74b00f834e2ca0819a8b
backend/resources.jsonl	3972	862d53b558c811fd26bebf6b04072eec8de5aa490af15224f45e8d8604270abc
backend/rights.csv	421	fae23f154f59ae5486a994a0ed2662bc6b1433e15399985627872529089bd369
backend/rights.jsonl	1217	d57e9f765b9103e6e5056955fe815040fecbbd48f2e2bc456e0657b6d92ee75d
backend/schema-v1.1.json	18186	47f7d80f021110c5facdfccc97f9ded4c79f48c4b7b5da2f3807e8cf97b2d6e6
backend/schema.json	10953	6c7291973cb43247663a29cb8a0d5b3a0905c7c626bf8648c6f679edead06255
backend/units.csv	780	527c293b040ede73c174f2951cd3c01b8f7ee52a00f4a2c422af84968a3f2ae8
backend/units.jsonl	1125	03ff0ab0aa3bf60506ce7001fa55d284c6c948102fdb05193721d3456522b167
backend/validate_mt112.py	18047	4d85a29dc30a22107b677fefab062f78a04353c0c7d7253ef14164077a49a1e4
backend/validate_mt113.py	28489	6ff4ae379cfa2cc8efc087dd53d5fb73a52cb70ad8238c4a9c011463c012e6fb
backend/validate_mt114.py	23000	8f0d605702da6ec133dae7fb6e661b1dd6b28f1639ba6eb3febcce910ce35cc5
backend/validate_mt115.py	39484	c2d819fbde6ccff9bed927e460973c499eff2d4f1ef83adc6af67218e3b4ba44
backend/validate_mt121.py	52349	c435ffae40f79dae00d82b7bbfa38776257e167497df621478170734a05ae3ca
backend/validate_mt122.py	58467	a8f21e58599723a37c911c1f449b2a6445b628f829176e4beb2282c7b9d1a3b5
backend/volumes.csv	600	6c89d1c88cc3273b08af5afc1773eee1c3f1cf511dd9d4cce83656b89fdd0347
backend/volumes.jsonl	1370	8f1568a4878c6d85a3c45b3a68ed5ce0336e7298dc80fdc6b7f752c8f594ed4e
BUILD_METADATA.json	8952	0d2d74f4cabd89f1a4e420149c041423489ea18bc3386ba2ab32f58059c7abd8
html/111/index.html	66741	57f13eef69b49072f8b2280c86091404b5c300b032feae036d99819b6fa5fb44
html/112/index.html	66339	7f8fcc7ebcf3cc06ddef5512a4df58cfbd4fa34cd44c197ab7403d4fbc2d2c63
html/113/_assets/mt113c1.png	37688	3fbab729729572723fbce6d688ebdfa7d6f73902144f0840cecb1074230b38bb
html/113/_assets/mt113c2.png	37862	41489e1039492131e49b9b5132d752dee2d19f959ab272c00e37f10f6945d6df
html/113/_assets/mt113c3.png	37892	8973110d14c4a5acbb4553e78ae8774d317f50680ab493d1176da6bcfef4b3d9
html/113/_assets/mt113c4.png	43058	795b9abab5a6ea8447a4d39ef6a6c5bb7e1413bad54ca20d600da26db0b3a7b7
html/113/index.html	52859	48163ef678d0b046c40972486bb7f6e557f8ab0795de58a6d57c384a4c47b677
html/114/index.html	71425	28d3bb645458ac80daa33b6813075e2bf47ccf3bd591d6298d294aea70b245a4
html/115/index.html	74164	b138469fe3f8eb11e3dfd6c6fd6e693eaca32107d7f709a0821dc1f1e4d7ba8b
html/121/index.html	123048	e78342f9ee7298380cec322cb043a5042f0a42ee8b6ec7531c5fb591833c2ecb
html/122/index.html	117701	9a849892249ef798398752495f22169ca889bbfdfd4d1ee50cf71c0386e7b098
html/_static/mathjax/a11y/assistive-mml.js	6460	5b8414e36cd63d154b90beab67e5e3399c7439aff97f4b556761224f8176f657
html/_static/mathjax/LICENSE	11358	cfc7749b96f63bd31c3c42b5c471bf756814053e847c10f3eb003417bc523d30
html/_static/mathjax/output/chtml/fonts/woff-v2/MathJax_AMS-Regular.woff	40808	3de784d07b9fa8f104c10928a878ee879cf3305cae5195cba663c9c2bb0195eb
html/_static/mathjax/output/chtml/fonts/woff-v2/MathJax_Calligraphic-Bold.woff	9908	af04542b29eaac04550a140c5f1760a649783989426f2540855bf4157819367d
html/_static/mathjax/output/chtml/fonts/woff-v2/MathJax_Calligraphic-Regular.woff	9600	26683bf201fb258a2237d9754616de9d4ecf4cc1cd39dd1902476df7d75f1d16
html/_static/mathjax/output/chtml/fonts/woff-v2/MathJax_Fraktur-Bold.woff	22340	721921bab0d001ebff0206c24cb5de6ca136467bf1843a7aa32030ba061d1e92
html/_static/mathjax/output/chtml/fonts/woff-v2/MathJax_Fraktur-Regular.woff	21480	870673df72e70f87c91a5a317d558c2c3b54392264ad79bbadc6d424ae8765fe
html/_static/mathjax/output/chtml/fonts/woff-v2/MathJax_Main-Bold.woff	34464	88b98cad3688915e50da55553ff6ad185e0dce134b47f176e91b100f8a9b175c
html/_static/mathjax/output/chtml/fonts/woff-v2/MathJax_Main-Italic.woff	20832	355254db9ca10a09a3b5f0929d74eb4670f44fbe864c07526a06213e0a0caf6c
html/_static/mathjax/output/chtml/fonts/woff-v2/MathJax_Main-Regular.woff	34160	1cb1c39ea642f26a4dfed230b4aea1c3c218689421f6e9c0a7c1811693c4fa07
html/_static/mathjax/output/chtml/fonts/woff-v2/MathJax_Math-BoldItalic.woff	19776	8ea8dbb1b02e6f730f55b4cb5d413b785b9f5c39807d0a0fa7da206a0824a457
html/_static/mathjax/output/chtml/fonts/woff-v2/MathJax_Math-Italic.woff	19360	a009bea404f7a500ded48f8b9ad9cf16e12504b3195dd9e25975289b8256b0f0
html/_static/mathjax/output/chtml/fonts/woff-v2/MathJax_Math-Regular.woff	19288	c01d3321e89b403c4b811aa153c4e618eda3421f92d8a072a02c8d190782a191
html/_static/mathjax/output/chtml/fonts/woff-v2/MathJax_SansSerif-Bold.woff	15944	32792104b5ef69eded905b6d1598ed05d8087684d38e7a94d52e3c38ba16f47e
html/_static/mathjax/output/chtml/fonts/woff-v2/MathJax_SansSerif-Italic.woff	14628	fc6ddf5df402b263cfb158aed8e89972542c34b719cd87b1db30461985f7bd5b
html/_static/mathjax/output/chtml/fonts/woff-v2/MathJax_SansSerif-Regular.woff	12660	b418136e3b384baaadecb70bd3c48a8da9825210130b2897db808c44efc883cb
html/_static/mathjax/output/chtml/fonts/woff-v2/MathJax_Script-Regular.woff	11852	af96f67d7accf5fd2a4a682d0b9f8b339f8ea6fe34c310c1694c8ba7f6ddc96f
html/_static/mathjax/output/chtml/fonts/woff-v2/MathJax_Size1-Regular.woff	5792	c49810b53ecc0d87d8028762c518924197dd9d3f905b08f99ea241301085b9cb
html/_static/mathjax/output/chtml/fonts/woff-v2/MathJax_Size2-Regular.woff	5464	30e889b58cbc51adfbb038ab1a96dc4025aa3542a3cff7712fc55ece510675e2
html/_static/mathjax/output/chtml/fonts/woff-v2/MathJax_Size3-Regular.woff	3244	5cda41563a095bd70c78e2dda13d0f8cb922c71c90fffd0a0044c65173a66e83
html/_static/mathjax/output/chtml/fonts/woff-v2/MathJax_Size4-Regular.woff	5148	3bc6ecaae7ecf6f8d7f8ea07bddbaca8601e2cb6e89d6aef58e78d9f6d8a398f
html/_static/mathjax/output/chtml/fonts/woff-v2/MathJax_Typewriter-Regular.woff	17604	c56da8d69f1a0208b8e0703656c3264b6dd748bd452524c82b0385b60f6a68c1
html/_static/mathjax/output/chtml/fonts/woff-v2/MathJax_Vector-Bold.woff	1116	36e0d72d8a7afc696a3e7a5c7369807634640de9b02257bca447bdf126221a27
html/_static/mathjax/output/chtml/fonts/woff-v2/MathJax_Vector-Regular.woff	1136	72bc573386dd1d48c5bbd286302ca9e3400c5eb0f298e7cfbf945b9d08fc688f
html/_static/mathjax/output/chtml/fonts/woff-v2/MathJax_Zero.woff	1368	481e39042508ae313a60618af1e37146ab93e9324c98e4c78b8f17fe55d41e0b
html/_static/mathjax/tex-chtml.js	1160989	0a6ded5abbce13331658dd239f34382abd06492c74b71b61e8caa8112ec55fa5
html/_static/reader-v2.css	872	53a5a1e8d9a456d31b1b511cf7c663d03e3924c7a96105f4091b00727f29d642
html/_static/reader-v3.css	1450	190636a60441c065771745c3dfe58ef7e999c3683ced21fdd6f9bf1904084357
html/_static/reader.css	3951	c6e031398570bb884a661885b9c2f6ae2d0d1e4bf17fde409d710f385bd5831d
html/index.html	1803	bfc3e093390c91a9700e3f33056d1983443cb242e6bb99933d19b20795bc25ce
license/Design-Science-License.txt	8076	4505ea3ff83882f83f4f5ea2088b51a89f90fa440f6a28c08cb126d7c29e70db
license/MathJax-LICENSE.txt	11358	cfc7749b96f63bd31c3c42b5c471bf756814053e847c10f3eb003417bc523d30
pdf/fondasi-teori-ukur-v1-s111-s112-s113-s114-s115-s121-s122-id.pdf	447958	16a66b9fa1bc93ea420680bda553b78491cf8dbd544a93a172f192b0f52c6342
qa/build-evidence/dvipdfmx.log	311	7f8b755de655ed3a50ea86fb05fc2ae55ad8f61c82c601fe78c55b0f67bd4eb0
qa/build-evidence/html-111.log	578	6c2ae1ac50b035f983b2005e76b1d5353e1a87bef078056e1d42a47ddbc2aed1
qa/build-evidence/html-112.log	554	269fa125c188b5d3304c5ac7f45ca898a90a1917cb193a99c36155f75fa744b6
qa/build-evidence/html-113.log	587	2cd70e15f4073ebaafbd4ca1f69ff8f9b0ae0501d4b9d231ddcd03ffbbc834e7
qa/build-evidence/html-114.log	627	938d24cce8f6156e01a93fcb76e8af22c6811782a0f0860aa4191c4812b463ab
qa/build-evidence/html-115.log	564	86d68ef7deafad6d2c801ba0fb17f0b6877ad3d99eb2b322118789be55837d05
qa/build-evidence/html-121.log	840	1a364c8bf1288608c70a9f7cc00075113dba31d23abd36bceb9c154cb541c89f
qa/build-evidence/html-122.log	846	2db55c4bb1f5c7a0a91a06ade3cc88840a3e84a00ae78d3f544d7ba6dac78ec0
qa/build-evidence/tex-pass1.log	6669	633dcce12a1b8579beaf731bf262552f696592424b41fc834275ba0380964d19
qa/build-evidence/tex-pass2.log	6669	633dcce12a1b8579beaf731bf262552f696592424b41fc834275ba0380964d19
qa/mt111-backend-validation.json	543	b5212512b118cdc8fc93d391e62229211cbbf99a82e3f956b555527627da5704
qa/mt111-build-receipt.json	1297	82d88dc075d68b9165e9d42e1be41977070506e8d55b06fe216d3e4ce284ddbb
qa/mt111-reader-qa.json	1516	2cb5b8e53fff65d8c97d7f321f91d5f75b3898c5c1149eb956db54a612fc321d
qa/mt111-structural-qa.json	1906	4aaa7fc8e82c19c8eb8d57faf9e147b9158924787ceda6735a7cb2076e65caa0
qa/mt111-visual-browser-qa.json	1149	c77830fd4a6494c6c0d5c27833ca6ed05fc38728b422ea46c8df85ffe4595e1a
qa/mt112-backend-validation.json	2625	c486f41313aa5c1ebed82a81a2b141ede6065ec1c733919e9d841f2906f2e68b
qa/mt112-build-receipt.json	3630	f54654e73aacf9f47138c5e289225117c7a15701378998d6386ce34efdeb8ae9
qa/mt112-reader-qa.json	5332	c1c81476f6da643d4361a9b641f1d3b400c8470753a78d685a9d72bd302684fc
qa/mt112-structural-qa.json	2573	21c592754888584074c5d488e9c4f591607bfb808fc796149b5f324ec0e07caa
qa/mt112-visual-browser-qa.json	2504	281a57a49a1a077efe30f74dfc47ef250b6bf8aada6760ff42a1de0924723fc5
qa/mt113-backend-validation.json	3587	954f077ddf56b2aca4a4fae734553872b381769947ac90e49a422bd92f27d45a
qa/mt113-build-metadata.json	5600	fc39385583327383638bcc6d728b381f669a743565afe3bcb92862464e08144a
qa/mt113-build-receipt.json	5358	ca21b2cd51c0984f6352f8b34c6629fde48f924743356f311d23adf99d95d183
qa/mt113-figure-qa.json	2524	a3c197191b731c89682022604280e757b7c8dd146e23089b33555f64b867199a
qa/mt113-PACKAGE_MANIFEST.tsv	33110	2c84f23f5502391335a5756500fa9b355777cd56b52ce691cf13da87eefba3c8
qa/mt113-reader-qa.json	8726	b01ee4bea31f0f1990dc3238f5f5947e32b3b4d8ee13b0fea4d967502f00be88
qa/mt113-semantic-review.json	1386	cbb5093b9f9d7909cc3fd904b398bb6003ea4745ea0244e0390bc2efcffcd79e
qa/mt113-SHA256SUMS.txt	1636	5a04b5686060640769efa7636f004cbf8a950afd57e994790416f96dc7cbbe07
qa/mt113-structural-qa.json	2152	5e853ce2dcd315d64a78a4cdeed3434a2ef40645d659f85ed3768c12a9002286
qa/mt113-visual-browser-qa.json	3515	e0434b1daacc96c19328efc18e7433fae2df39379f44031821786ab3eec9e13d
qa/mt114-backend-validation.json	3657	4dee53a16d26bf2ed0f046d62d90ef482effbee46d9b3c307b00d8eb00dd3279
qa/mt114-build-metadata.json	6305	d24078e2705b16e7f3f17b1cc8c02c87e726ca5eb734c688f0907680208a11c0
qa/mt114-build-receipt.json	6095	d6e031d52f7fc2f99b7ec3f1ab102ab678df8af375d6625fa0ffbf76efa749ce
qa/mt114-PACKAGE_MANIFEST.tsv	38123	5f92c10ce0cbc1070db5371e7ede1c9af197c8a4e8e67504bbea6cb5475244c5
qa/mt114-reader-qa.json	10278	587dc357d7a9a9e163cbd41f4f72de7309d77ba5323540b8c6d987d21cda6efe
qa/mt114-semantic-review.json	2305	2d19690b5297ad74044215280dda7548ec13c6fd787d44b6f329bb518af4f8b9
qa/mt114-SHA256SUMS.txt	1839	3b2390eaf285cb8045ad8fd344f838664cd45e4cf080a200525d4712d66e1b8e
qa/mt114-structural-qa.json	1775	ed2fb5865c41c01121cbb2a21564cfe20cdea8665f2aa977cb948be73c67270e
qa/mt114-visual-browser-qa.json	10951	fdc3cb6bb2f3047a81d86fc72ffb5102446a615196b535b0fba273b8085fc510
qa/mt115-backend-validation.json	6682	4515e60e60a877b3f4f42328e7c3dd29c9c44c78492ef696ab7b60ea4a9f1114
qa/mt115-build-metadata.json	7010	c5704d523c4b325a08f93c8fa3a803050799e3f8037c4a2f9f4480d45b08ff7b
qa/mt115-build-receipt.json	6847	2a149189b636ae794b6438236d333299277d5927972e196b0dbbab22206f2fc9
qa/mt115-PACKAGE_MANIFEST.tsv	43553	233479de374b6dae6eaf9f4f5e1d050488999464f3e40e481cee20dfc0c0d4d1
qa/mt115-pagination-evidence.json	4171	b3bf64b003ef7da76d73e17bbd0ea6b410b1bce935d00cb15c02fb6cb22d9440
qa/mt115-reader-qa.json	11976	a9110ef9a1c243b7819b3b0bcf1ab9a1a7e39439c33d0613031f3b2882cdd04a
qa/mt115-semantic-review.json	5990	ec4d6524991296c829d95c39f154cb7a2d2803faf09134831a684886fa8fd039
qa/mt115-SHA256SUMS.txt	2052	5434a8f55eead5fb66c2fea7b3db1f96fa37061ac000708dafd07e086743d995
qa/mt115-source-correction-evidence.json	3008	49d08607859de6f6fd34520de1a77554edc49935718807f97b43966f715d1e8f
qa/mt115-structural-qa.json	2492	362490dd4fafd9a36a56e6beb593a9da1257ebf6425decfcecea53096c4bc670
qa/mt115-visual-browser-qa.json	16223	bce7178551b89e8bce84eb0e2e48d4b0577e4a812e2955d07f8eb00486e76d6a
qa/mt121-backend-validation.json	10489	e508c1a01a53d8202647b2bc762bf2decda09ff5c7dffc833f7bf07585c5a007
qa/mt121-build-metadata.json	8234	bb61273694dd9a3e6451f39aa7ea72cf02dba6bd09fc306194d270e94307168e
qa/mt121-build-receipt.json	8067	15cd3396667cff1bd994b6c65295f401f7bb13bf54c1838dd360b0549d3ec05e
qa/mt121-intake-census.json	52521	73e7be68030c6f629c7ceacdee8fd8de89388ccbe348e7082ca4933b95230382
qa/mt121-PACKAGE_MANIFEST.tsv	48881	eefc121813c92192f0999e3700e62a6d4fc67b081a4b9ea50a521ceb8094792f
qa/mt121-reader-qa.json	12159	669c0b8ce0c94f0403ed0607919c575eb7afbacab1488b640b800cfe7282bfe9
qa/mt121-semantic-review.json	12433	29b6aa7a4270f080636eed984874f6de2017cbd97e962f1a99563899ebdfe67f
qa/mt121-SHA256SUMS.txt	2275	56dafb967f423d5b75af2517cc17fcead53930a3ef24e8a3043cc650327538ea
qa/mt121-source-review.json	14348	6aee370d562bacb1adf0c28ef113054e49941e8da337968efa5356e3c1b2419b
qa/mt121-structural-qa.json	4127	2bcb0fdcc7b2cd682c55fb9a2f9ad3fdf31bfee505a142737e2fb102ffc8d2b7
qa/mt121-visual-browser-qa.json	19646	4819e83c7c566cd1ea756999e12e5f147115876376830c5cde5cbc001882af32
qa/mt122-backend-validation.json	9354	f188fb55d0b102c99923dd038a62c9802017fd75bb055b9aa6b1807a300dec29
qa/mt122-browser-visual-qa.json	9641	3a3f03fe9d039a5d64605a1aca55b67a30600826b9947bb800eb90f538177e20
qa/mt122-intake-census.json	6845	41f9c6df14ec64ff7f58a961320e2fabec03da3152425fdd586c6521db091ca1
qa/mt122-pdf-visual-qa.json	7083	d59767070b9eb7c7d8f1bcb7e949501eee640f27b06e6f9b0447e6ce7cc36614
qa/mt122-semantic-review.json	7197	8319046053de3bfa5f9b4ce1f1d2ef23ff8067695b1e59bab46306f52a2eef29
qa/mt122-structural-qa.json	2756	0580383c01bb6b0ffe109663e238e28508761cbedcff65093cbf9509380a99eb
qa/PUBLICATION_RECEIPT_S111.json	1482	e8f62ff2ee1cd56cb110cc3ca755a31567e7ad5344caf6c24387e592df4217c6
qa/PUBLICATION_RECEIPT_S112.json	2789	c8f71084326a5bd4699890ae0cb3bbed74be0887bd6d976100d3dfa6c236bd43
qa/PUBLICATION_RECEIPT_S113.json	3196	efa243fd0d37e90e523a5e9d3a48adf3005de6d0ce57831a6a30e740ccb923f9
qa/PUBLICATION_RECEIPT_S114.json	3615	516339bb9dd20c9df9677f16ee08f7dc4bfbac6e7936d2e1b8c961a778b4e255
qa/PUBLICATION_RECEIPT_S115.json	4042	60b86b7c4fd9f931a52d36b0c778db46f324fb383f6012d3ed1f9914abd4b6f6
qa/PUBLICATION_RECEIPT_S121.json	4639	d4e2c1089966cb604d82c5dcdd32ff6bb923d73d9d248289cb79b2e9d0cf2882
qa/S111_RELEASE_TREE.tsv	27917	802de2266baa1feb2b31c7efed37bafe8c6336f4c23c2bc52e4c0e4a502bf2e8
qa/S112_RELEASE_TREE.tsv	34855	b0b9b44643a4a978ad2b05ba79c247262bf9adde96cbd6d400d902426da7f17c
qa/S113_RELEASE_TREE.tsv	11843	eb706efe7d4b7259940b9c4b472c9e4a419c9a5541d7b43138d3800e296e1d93
qa/S114_RELEASE_TREE.tsv	17545	9071c618b814b340dbbdb650a7a67e4fe0cee1d0aefa97e65dcd12bad1a6a91d
qa/S115_RELEASE_TREE.tsv	23757	20daa104aa467c69466ca2129a7463bd430e1ce2db5c4ab3b70d6b233cb2bdb4
qa/S121_RELEASE_TREE.tsv	29964	7920db9c94ad14249b9b6f76bad6d8816d0531badededefa201b841ea9f711d7
reader/assets/mt113c1.png	37688	3fbab729729572723fbce6d688ebdfa7d6f73902144f0840cecb1074230b38bb
reader/assets/mt113c2.png	37862	41489e1039492131e49b9b5132d752dee2d19f959ab272c00e37f10f6945d6df
reader/assets/mt113c3.png	37892	8973110d14c4a5acbb4553e78ae8774d317f50680ab493d1176da6bcfef4b3d9
reader/assets/mt113c4.png	43058	795b9abab5a6ea8447a4d39ef6a6c5bb7e1413bad54ca20d600da26db0b3a7b7
reader/ATTRIBUTION.md	2517	94cef23539d9591389f02d864471bdb366bc6bced9ce759eb4dfe5993f601eb2
reader/html/index-111-112-id.html	1371	4e1d90acfebaa43141d88a7c396af8caaceec50ced28b45ce7ad7f20ffbfe082
reader/html/index-111-113-id.html	1473	9c93eb7885bc6578978ad4d03da554d96b9a475266662c51ba22d602c7fabe28
reader/html/index-111-114-id.html	1551	2c60d13bb4f0bcc4a789ddaff20723a728271606aaf8f02aacac49ba0b55af2a
reader/html/index-111-115-121-122-id.html	1803	bfc3e093390c91a9700e3f33056d1983443cb242e6bb99933d19b20795bc25ce
reader/html/index-111-115-121-id.html	1724	f3e40fc5f6b62f898fcd9702b4e9150f08bb6369fb1a88a2a5348d7bd43e4c01
reader/html/index-111-115-id.html	1639	8154a6fff98e91662687d69289e815ecd20fd2d38d6915ae05ab5dfff34d8415
reader/pdf/mt113-dvipdfmx-images.tex	858	fa315b774b73a1d890ee418022e79902fbc0bc72b7fe448e3367addb6995f52d
reader/pdf/sections111-112-id.tex	2297	4a4238e91e96ab200b03646dfa2922fc022a1cc840c5a215b60995cade689c53
reader/pdf/sections111-113-id.tex	2466	598e137c0b44d07ade16a6ece72d032a31ef185728db1c778280a0a4c6d9c5ea
reader/pdf/sections111-114-id.tex	2629	d7ac60f7571b9c78624a9d42f7a7f7532701de17a6d15ff53899074bb2c8d73a
reader/pdf/sections111-115-121-122-id.tex	3009	e911d88de58840f938339dee344b85c2fc7bd10f059188fe57b53764920514fc
reader/pdf/sections111-115-121-id.tex	2867	a9e5c118df46cb484caec0f5a34251ce563d854e8c47313ed965d55db0ae1db1
reader/pdf/sections111-115-id.tex	2752	5bb31aba411a366c2146647ebbe64f9dda81eadb267fea083cb7d9cd6835c17a
reader/pdf/unit111-id.tex	2084	c64f9218b28eb73aed48b53f9114ad375bb95b265fca1c737fa00eb2174a1788
reader/pdf/unit112-id.tex	2158	1de8bd15e45f863078afa8c84a43609972c8f2f9ab853803c35b28f4e2b54ae3
reader/pdf/unit113-id.tex	2271	dd5e4b22fda47f6056f8b541c0872abcaa4c39cfd33b16f1fca71405583672f5
reader/pdf/unit114-id.tex	2195	51cff6403926fdb10c9622961ca8276b0044a36d6ad13237196142aa51bf07b9
reader/pdf/unit115-id.tex	2202	ad5b09dba037c22d411ec802bc1641c0aa8b64f61bfc6de80b599aa523a6b1ea
reader/pdf/unit121-id.tex	2158	b605fc112dc1abaee4b4034d9fd9078d3dbe6a7956cd3d868837dd3fb7e8adf4
reader/pdf/unit122-id.tex	2193	e9869d0ebc229f51862676343dd793baa3f779e7f22bd60a719c0df83f73f1a3
reader/static/reader-v2.css	872	53a5a1e8d9a456d31b1b511cf7c663d03e3924c7a96105f4091b00727f29d642
reader/static/reader-v3.css	1450	190636a60441c065771745c3dfe58ef7e999c3683ced21fdd6f9bf1904084357
reader/static/reader.css	3951	c6e031398570bb884a661885b9c2f6ae2d0d1e4bf17fde409d710f385bd5831d
README.md	4154	da86f9ecefc977eedb45dbbab40ef4d50e2d242f605ea3fb2b487ff144260014
scripts/build_mt111.py	10147	4261a26b5670ecb0e28fc182c2dbf3cdbd2200b17150cf3601d53a711e0c6fc1
scripts/build_mt112.py	28495	1bd45caf8ab49e4e93e93c64a5c3f4a6527ac2a4f7e4ddb266821a97bf1c466d
scripts/build_mt113.py	22785	4f281fbae2b1094253bd38c7daa75ece100ae6031d1eab5020176dfd1e18e695
scripts/build_mt113_figures.py	14549	db6f392561548bb2517c6a808417d50c378960cd801cea701d302943014a64f0
scripts/build_mt114.py	26278	7de36d5a8bffdb3e8931403fb320e894ac4ea14e74f1390f345de1c502605448
scripts/build_mt115.py	27298	4773f34367487b1484db4f9ffddcb5b7babc91a66d9b2c70be09f39cddbe6e43
scripts/build_mt121.py	32552	062624246a2996f4ed094729f4eeefb9cc6998db9f885d3c735950fc92c67bb3
scripts/build_mt122.py	34234	be50dba08a96382aaaccaec5004de8cb9dbcb735e0277243e13b6f590fad232b
scripts/generate_release_tree_manifest.py	1011	57444480973126ddd6116daf7d6a4022e67d7c1aa99d3512b6dc4fc8e7b0a6f7
scripts/qa_fremlin_unit.py	7731	289a0fd5f8c34b0fea7ccd16104a45a4dd38e07afea464341447e2ecf769fef8
scripts/qa_mt111.py	12493	ded450a2cc10ba443198e4d883b51c8c251b3f8159875149c398ae2ef5ac69ef
scripts/qa_reader_mt111.py	13498	6e8c3049bbcf82dfdd702e99098371635d6950ea3e4ee042c9978028369f43c4
scripts/qa_reader_mt112.py	73443	7323b6246d1599512ac9af7470ec47e99a811325c915fcafe8af95bd40adc474
scripts/qa_reader_mt113.py	49656	724e8a8211edcf89b73af2f029088d9d7477b7bd5d38000db4f9a2fa9ca0add8
scripts/qa_reader_mt114.py	59803	da11f192019191ac1a98c7dd2eb1ec0b7a9d16202995c1a2b41ecdfaa030453e
scripts/qa_reader_mt115.py	107144	3bd10d2d77ebbf25b582313a4c2c8459c30b1b3ef53502e129f7453f793afb43
scripts/qa_reader_mt121.py	132735	098c26956bb8f0b7d932beeec70bdebfbcb7ccd0a58e0ec3a1ad324113063b45
scripts/qa_reader_mt122.py	162107	696002d4b56061f741479854c835fc2c243fbbb921314c6aeeca60496b18ddc0
scripts/render_fremlin_unit_html.py	197	47b8067a5ddc05d28ea6c65a53561e56f1c36e93fbdb99737c003e9f6f54eb3d
scripts/render_mt111_html.py	32750	9f4e55da9e1ece9d332957ef7fdb4a160c99d7e2dc0bf071a8e66a7e2ba241fe
scripts/render_mt112_html.py	1652	0d0395f159c6f61b409a3c761a51843bc6451528dd2ff6c6111d20ac36c4cd53
scripts/render_mt113_html.py	2752	15de46097f62625b369dd458dba482e2d06885ae04ea643a15443aef411f3a38
scripts/render_mt114_html.py	5327	830d2a6e94e1f7ab2923bf1b77620dbdef4222bde20434878903d682cb89d633
scripts/render_mt115_html.py	9923	66ef5a51ff43b710fb74f6795eb8cf38bce2b0b840140f38af8a9ea10c5989a7
scripts/render_mt121_html.py	9513	933a30b907fb2b6dfd8e32b03bb7d9bd1e435186f33443765c9068d4e4a8dbf3
scripts/render_mt122_html.py	7087	a8fceb7c982cd369439fa457807516605e0aeb505f8703095f1dd4b99702f298
scripts/validate_backend.py	13633	721102d3d7ac26839b86a3010cfb2e05b9a7b9e21e412fd9ab58faa4a21f7d4b
SHA256SUMS.txt	2862	bfe481d20a1538f88609e58270fc25906c3e69284db2df1ee92571a5e6a04c02
source/id-ID/mt111.tex	26931	e0897b3b44d947c89e7b666b8bdee7e9e9bc098a6680ba09e96eb27c97a8d296
source/id-ID/mt112.tex	24549	9e2600fe79f0cc7c42d7bde3312111954740e4d38cc7ad4410cede9097e12256
source/id-ID/mt113.tex	18215	d0153a75bc626ceaca05ddd96c682dd0a9cbec9cf4a95265f267ac1f57e8ecaf
source/id-ID/mt114.tex	28148	3d29f5c0dea66737852e085632cbf51d77c1bb391fe59916b39c5c9ab9db2030
source/id-ID/mt115.tex	30520	0cadff37a61d891231702b6dac5ab978285d3e55094659f30dd740f656f730a7
source/id-ID/mt121.tex	43931	76a5d90e6a647d158d2aecd32eaeaa4384063ef0d09f105c40c49205555a9f53
source/id-ID/mt122.tex	44853	898783f7dc36acb07721f891525c215a53788ae7974dacd27590f51449b847f7
vendor/mathjax-3.2.2/a11y/assistive-mml.js	6460	5b8414e36cd63d154b90beab67e5e3399c7439aff97f4b556761224f8176f657
vendor/mathjax-3.2.2/LICENSE	11358	cfc7749b96f63bd31c3c42b5c471bf756814053e847c10f3eb003417bc523d30
vendor/mathjax-3.2.2/output/chtml/fonts/woff-v2/MathJax_AMS-Regular.woff	40808	3de784d07b9fa8f104c10928a878ee879cf3305cae5195cba663c9c2bb0195eb
vendor/mathjax-3.2.2/output/chtml/fonts/woff-v2/MathJax_Calligraphic-Bold.woff	9908	af04542b29eaac04550a140c5f1760a649783989426f2540855bf4157819367d
vendor/mathjax-3.2.2/output/chtml/fonts/woff-v2/MathJax_Calligraphic-Regular.woff	9600	26683bf201fb258a2237d9754616de9d4ecf4cc1cd39dd1902476df7d75f1d16
vendor/mathjax-3.2.2/output/chtml/fonts/woff-v2/MathJax_Fraktur-Bold.woff	22340	721921bab0d001ebff0206c24cb5de6ca136467bf1843a7aa32030ba061d1e92
vendor/mathjax-3.2.2/output/chtml/fonts/woff-v2/MathJax_Fraktur-Regular.woff	21480	870673df72e70f87c91a5a317d558c2c3b54392264ad79bbadc6d424ae8765fe
vendor/mathjax-3.2.2/output/chtml/fonts/woff-v2/MathJax_Main-Bold.woff	34464	88b98cad3688915e50da55553ff6ad185e0dce134b47f176e91b100f8a9b175c
vendor/mathjax-3.2.2/output/chtml/fonts/woff-v2/MathJax_Main-Italic.woff	20832	355254db9ca10a09a3b5f0929d74eb4670f44fbe864c07526a06213e0a0caf6c
vendor/mathjax-3.2.2/output/chtml/fonts/woff-v2/MathJax_Main-Regular.woff	34160	1cb1c39ea642f26a4dfed230b4aea1c3c218689421f6e9c0a7c1811693c4fa07
vendor/mathjax-3.2.2/output/chtml/fonts/woff-v2/MathJax_Math-BoldItalic.woff	19776	8ea8dbb1b02e6f730f55b4cb5d413b785b9f5c39807d0a0fa7da206a0824a457
vendor/mathjax-3.2.2/output/chtml/fonts/woff-v2/MathJax_Math-Italic.woff	19360	a009bea404f7a500ded48f8b9ad9cf16e12504b3195dd9e25975289b8256b0f0
vendor/mathjax-3.2.2/output/chtml/fonts/woff-v2/MathJax_Math-Regular.woff	19288	c01d3321e89b403c4b811aa153c4e618eda3421f92d8a072a02c8d190782a191
vendor/mathjax-3.2.2/output/chtml/fonts/woff-v2/MathJax_SansSerif-Bold.woff	15944	32792104b5ef69eded905b6d1598ed05d8087684d38e7a94d52e3c38ba16f47e
vendor/mathjax-3.2.2/output/chtml/fonts/woff-v2/MathJax_SansSerif-Italic.woff	14628	fc6ddf5df402b263cfb158aed8e89972542c34b719cd87b1db30461985f7bd5b
vendor/mathjax-3.2.2/output/chtml/fonts/woff-v2/MathJax_SansSerif-Regular.woff	12660	b418136e3b384baaadecb70bd3c48a8da9825210130b2897db808c44efc883cb
vendor/mathjax-3.2.2/output/chtml/fonts/woff-v2/MathJax_Script-Regular.woff	11852	af96f67d7accf5fd2a4a682d0b9f8b339f8ea6fe34c310c1694c8ba7f6ddc96f
vendor/mathjax-3.2.2/output/chtml/fonts/woff-v2/MathJax_Size1-Regular.woff	5792	c49810b53ecc0d87d8028762c518924197dd9d3f905b08f99ea241301085b9cb
vendor/mathjax-3.2.2/output/chtml/fonts/woff-v2/MathJax_Size2-Regular.woff	5464	30e889b58cbc51adfbb038ab1a96dc4025aa3542a3cff7712fc55ece510675e2
vendor/mathjax-3.2.2/output/chtml/fonts/woff-v2/MathJax_Size3-Regular.woff	3244	5cda41563a095bd70c78e2dda13d0f8cb922c71c90fffd0a0044c65173a66e83
vendor/mathjax-3.2.2/output/chtml/fonts/woff-v2/MathJax_Size4-Regular.woff	5148	3bc6ecaae7ecf6f8d7f8ea07bddbaca8601e2cb6e89d6aef58e78d9f6d8a398f
vendor/mathjax-3.2.2/output/chtml/fonts/woff-v2/MathJax_Typewriter-Regular.woff	17604	c56da8d69f1a0208b8e0703656c3264b6dd748bd452524c82b0385b60f6a68c1
vendor/mathjax-3.2.2/output/chtml/fonts/woff-v2/MathJax_Vector-Bold.woff	1116	36e0d72d8a7afc696a3e7a5c7369807634640de9b02257bca447bdf126221a27
vendor/mathjax-3.2.2/output/chtml/fonts/woff-v2/MathJax_Vector-Regular.woff	1136	72bc573386dd1d48c5bbd286302ca9e3400c5eb0f298e7cfbf945b9d08fc688f
vendor/mathjax-3.2.2/output/chtml/fonts/woff-v2/MathJax_Zero.woff	1368	481e39042508ae313a60618af1e37146ab93e9324c98e4c78b8f17fe55d41e0b
vendor/mathjax-3.2.2/tex-chtml.js	1160989	0a6ded5abbce13331658dd239f34382abd06492c74b71b61e8caa8112ec55fa5
vendor/MATHJAX_PROVENANCE.md	751	45adb15dc91217447a86151a6136900396919247efef36e5ec8449b4cc683535
