schema_version,record_type,id,unit_id,subject_id,relation_type,object_id,order,provenance
1.1.0,relation,O007-FREMLIN-V2-S263-REL-0001,O007-FREMLIN-V2-S263,O007-FREMLIN-V2-S263-SEG-263-INTRO,precedes,O007-FREMLIN-V2-S263-SEG-263A,1,"{""basis"":""exact source order"",""kind"":""semantic-relation""}"
1.1.0,relation,O007-FREMLIN-V2-S263-REL-0002,O007-FREMLIN-V2-S263,O007-FREMLIN-V2-S263-SEG-263A,precedes,O007-FREMLIN-V2-S263-SEG-263B,2,"{""basis"":""exact source order"",""kind"":""semantic-relation""}"
1.1.0,relation,O007-FREMLIN-V2-S263-REL-0003,O007-FREMLIN-V2-S263,O007-FREMLIN-V2-S263-SEG-263B,precedes,O007-FREMLIN-V2-S263-SEG-263C,3,"{""basis"":""exact source order"",""kind"":""semantic-relation""}"
1.1.0,relation,O007-FREMLIN-V2-S263-REL-0004,O007-FREMLIN-V2-S263,O007-FREMLIN-V2-S263-SEG-263C,precedes,O007-FREMLIN-V2-S263-SEG-263D,4,"{""basis"":""exact source order"",""kind"":""semantic-relation""}"
1.1.0,relation,O007-FREMLIN-V2-S263-REL-0005,O007-FREMLIN-V2-S263,O007-FREMLIN-V2-S263-SEG-263D,precedes,O007-FREMLIN-V2-S263-SEG-263E,5,"{""basis"":""exact source order"",""kind"":""semantic-relation""}"
1.1.0,relation,O007-FREMLIN-V2-S263-REL-0006,O007-FREMLIN-V2-S263,O007-FREMLIN-V2-S263-SEG-263E,precedes,O007-FREMLIN-V2-S263-SEG-263EB,6,"{""basis"":""exact source order"",""kind"":""semantic-relation""}"
1.1.0,relation,O007-FREMLIN-V2-S263-REL-0007,O007-FREMLIN-V2-S263,O007-FREMLIN-V2-S263-SEG-263EB,precedes,O007-FREMLIN-V2-S263-SEG-263EC,7,"{""basis"":""exact source order"",""kind"":""semantic-relation""}"
1.1.0,relation,O007-FREMLIN-V2-S263-REL-0008,O007-FREMLIN-V2-S263,O007-FREMLIN-V2-S263-SEG-263EC,precedes,O007-FREMLIN-V2-S263-SEG-263F,8,"{""basis"":""exact source order"",""kind"":""semantic-relation""}"
1.1.0,relation,O007-FREMLIN-V2-S263-REL-0009,O007-FREMLIN-V2-S263,O007-FREMLIN-V2-S263-SEG-263F,precedes,O007-FREMLIN-V2-S263-SEG-263G,9,"{""basis"":""exact source order"",""kind"":""semantic-relation""}"
1.1.0,relation,O007-FREMLIN-V2-S263-REL-0010,O007-FREMLIN-V2-S263,O007-FREMLIN-V2-S263-SEG-263G,precedes,O007-FREMLIN-V2-S263-SEG-263H,10,"{""basis"":""exact source order"",""kind"":""semantic-relation""}"
1.1.0,relation,O007-FREMLIN-V2-S263-REL-0011,O007-FREMLIN-V2-S263,O007-FREMLIN-V2-S263-SEG-263H,precedes,O007-FREMLIN-V2-S263-SEG-263I,11,"{""basis"":""exact source order"",""kind"":""semantic-relation""}"
1.1.0,relation,O007-FREMLIN-V2-S263-REL-0012,O007-FREMLIN-V2-S263,O007-FREMLIN-V2-S263-SEG-263I,precedes,O007-FREMLIN-V2-S263-SEG-263J,12,"{""basis"":""exact source order"",""kind"":""semantic-relation""}"
1.1.0,relation,O007-FREMLIN-V2-S263-REL-0013,O007-FREMLIN-V2-S263,O007-FREMLIN-V2-S263-SEG-263J,precedes,O007-FREMLIN-V2-S263-SEG-263X,13,"{""basis"":""exact source order"",""kind"":""semantic-relation""}"
1.1.0,relation,O007-FREMLIN-V2-S263-REL-0014,O007-FREMLIN-V2-S263,O007-FREMLIN-V2-S263-SEG-263X,precedes,O007-FREMLIN-V2-S263-SEG-263XA,14,"{""basis"":""exact source order"",""kind"":""semantic-relation""}"
1.1.0,relation,O007-FREMLIN-V2-S263-REL-0015,O007-FREMLIN-V2-S263,O007-FREMLIN-V2-S263-SEG-263XA,precedes,O007-FREMLIN-V2-S263-SEG-263XB,15,"{""basis"":""exact source order"",""kind"":""semantic-relation""}"
1.1.0,relation,O007-FREMLIN-V2-S263-REL-0016,O007-FREMLIN-V2-S263,O007-FREMLIN-V2-S263-SEG-263XB,precedes,O007-FREMLIN-V2-S263-SEG-263XC,16,"{""basis"":""exact source order"",""kind"":""semantic-relation""}"
1.1.0,relation,O007-FREMLIN-V2-S263-REL-0017,O007-FREMLIN-V2-S263,O007-FREMLIN-V2-S263-SEG-263XC,precedes,O007-FREMLIN-V2-S263-SEG-263XD,17,"{""basis"":""exact source order"",""kind"":""semantic-relation""}"
1.1.0,relation,O007-FREMLIN-V2-S263-REL-0018,O007-FREMLIN-V2-S263,O007-FREMLIN-V2-S263-SEG-263XD,precedes,O007-FREMLIN-V2-S263-SEG-263XE,18,"{""basis"":""exact source order"",""kind"":""semantic-relation""}"
1.1.0,relation,O007-FREMLIN-V2-S263-REL-0019,O007-FREMLIN-V2-S263,O007-FREMLIN-V2-S263-SEG-263XE,precedes,O007-FREMLIN-V2-S263-SEG-263XF,19,"{""basis"":""exact source order"",""kind"":""semantic-relation""}"
1.1.0,relation,O007-FREMLIN-V2-S263-REL-0020,O007-FREMLIN-V2-S263,O007-FREMLIN-V2-S263-SEG-263XF,precedes,O007-FREMLIN-V2-S263-SEG-263XG,20,"{""basis"":""exact source order"",""kind"":""semantic-relation""}"
1.1.0,relation,O007-FREMLIN-V2-S263-REL-0021,O007-FREMLIN-V2-S263,O007-FREMLIN-V2-S263-SEG-263XG,precedes,O007-FREMLIN-V2-S263-SEG-263Y,21,"{""basis"":""exact source order"",""kind"":""semantic-relation""}"
1.1.0,relation,O007-FREMLIN-V2-S263-REL-0022,O007-FREMLIN-V2-S263,O007-FREMLIN-V2-S263-SEG-263Y,precedes,O007-FREMLIN-V2-S263-SEG-263YA,22,"{""basis"":""exact source order"",""kind"":""semantic-relation""}"
1.1.0,relation,O007-FREMLIN-V2-S263-REL-0023,O007-FREMLIN-V2-S263,O007-FREMLIN-V2-S263-SEG-263YA,precedes,O007-FREMLIN-V2-S263-SEG-263YB,23,"{""basis"":""exact source order"",""kind"":""semantic-relation""}"
1.1.0,relation,O007-FREMLIN-V2-S263-REL-0024,O007-FREMLIN-V2-S263,O007-FREMLIN-V2-S263-SEG-263YB,precedes,O007-FREMLIN-V2-S263-SEG-263YC,24,"{""basis"":""exact source order"",""kind"":""semantic-relation""}"
1.1.0,relation,O007-FREMLIN-V2-S263-REL-0025,O007-FREMLIN-V2-S263,O007-FREMLIN-V2-S263-SEG-263YC,precedes,O007-FREMLIN-V2-S263-SEG-263YD,25,"{""basis"":""exact source order"",""kind"":""semantic-relation""}"
1.1.0,relation,O007-FREMLIN-V2-S263-REL-0026,O007-FREMLIN-V2-S263,O007-FREMLIN-V2-S263-SEG-263YD,precedes,O007-FREMLIN-V2-S263-SEG-263YE,26,"{""basis"":""exact source order"",""kind"":""semantic-relation""}"
1.1.0,relation,O007-FREMLIN-V2-S263-REL-0027,O007-FREMLIN-V2-S263,O007-FREMLIN-V2-S263-SEG-263YE,precedes,O007-FREMLIN-V2-S263-SEG-263YF,27,"{""basis"":""exact source order"",""kind"":""semantic-relation""}"
1.1.0,relation,O007-FREMLIN-V2-S263-REL-0028,O007-FREMLIN-V2-S263,O007-FREMLIN-V2-S263-SEG-263YF,precedes,O007-FREMLIN-V2-S263-SEG-263,28,"{""basis"":""exact source order"",""kind"":""semantic-relation""}"
1.1.0,relation,O007-FREMLIN-V2-S263-REL-0029,O007-FREMLIN-V2-S263,O007-FREMLIN-V2-S263-SEG-263XA,semantic-child-of,O007-FREMLIN-V2-S263-SEG-263X,29,"{""basis"":""implicit Xa or Ya source identity"",""kind"":""semantic-relation""}"
1.1.0,relation,O007-FREMLIN-V2-S263-REL-0030,O007-FREMLIN-V2-S263,O007-FREMLIN-V2-S263-SEG-263YA,semantic-child-of,O007-FREMLIN-V2-S263-SEG-263Y,30,"{""basis"":""implicit Xa or Ya source identity"",""kind"":""semantic-relation""}"
1.1.0,relation,O007-FREMLIN-V2-S263-REL-0031,O007-FREMLIN-V2-S263,O007-FREMLIN-V2-S263-PROOF-263A,proof-of,O007-FREMLIN-V2-S263-RESULT-263A,31,"{""basis"":""complete proof association"",""kind"":""semantic-relation""}"
1.1.0,relation,O007-FREMLIN-V2-S263-REL-0032,O007-FREMLIN-V2-S263,O007-FREMLIN-V2-S263-PROOF-263C,proof-of,O007-FREMLIN-V2-S263-RESULT-263C,32,"{""basis"":""complete proof association"",""kind"":""semantic-relation""}"
1.1.0,relation,O007-FREMLIN-V2-S263-REL-0033,O007-FREMLIN-V2-S263,O007-FREMLIN-V2-S263-PROOF-263D,proof-of,O007-FREMLIN-V2-S263-RESULT-263D,33,"{""basis"":""complete proof association"",""kind"":""semantic-relation""}"
1.1.0,relation,O007-FREMLIN-V2-S263-REL-0034,O007-FREMLIN-V2-S263,O007-FREMLIN-V2-S263-PROOF-263F,proof-of,O007-FREMLIN-V2-S263-RESULT-263F,34,"{""basis"":""complete proof association"",""kind"":""semantic-relation""}"
1.1.0,relation,O007-FREMLIN-V2-S263-REL-0035,O007-FREMLIN-V2-S263,O007-FREMLIN-V2-S263-PROOF-263H,proof-of,O007-FREMLIN-V2-S263-RESULT-263H,35,"{""basis"":""complete proof association"",""kind"":""semantic-relation""}"
1.1.0,relation,O007-FREMLIN-V2-S263-REL-0036,O007-FREMLIN-V2-S263,O007-FREMLIN-V2-S263-PROOF-263I,proof-of,O007-FREMLIN-V2-S263-RESULT-263I,36,"{""basis"":""complete proof association"",""kind"":""semantic-relation""}"
1.1.0,relation,O007-FREMLIN-V2-S263-REL-0037,O007-FREMLIN-V2-S263,O007-FREMLIN-V2-S263-PROOF-263J,proof-of,O007-FREMLIN-V2-S263-RESULT-263J,37,"{""basis"":""complete proof association"",""kind"":""semantic-relation""}"
1.1.0,relation,O007-FREMLIN-V2-S263-REL-0038,O007-FREMLIN-V2-S263,O007-FREMLIN-V2-S263-HINT-263XA-01,hint-for,O007-FREMLIN-V2-S263-EXERCISE-263XA,38,"{""basis"":""active Hint macro association"",""kind"":""semantic-relation""}"
1.1.0,relation,O007-FREMLIN-V2-S263-REL-0039,O007-FREMLIN-V2-S263,O007-FREMLIN-V2-S263-HINT-263XB-01,hint-for,O007-FREMLIN-V2-S263-EXERCISE-263XB,39,"{""basis"":""active Hint macro association"",""kind"":""semantic-relation""}"
1.1.0,relation,O007-FREMLIN-V2-S263-REL-0040,O007-FREMLIN-V2-S263,O007-FREMLIN-V2-S263-HINT-263YA-01,hint-for,O007-FREMLIN-V2-S263-EXERCISE-263YA,40,"{""basis"":""active Hint macro association"",""kind"":""semantic-relation""}"
1.1.0,relation,O007-FREMLIN-V2-S263-REL-0041,O007-FREMLIN-V2-S263,O007-FREMLIN-V2-S263-HINT-263YB-01,hint-for,O007-FREMLIN-V2-S263-EXERCISE-263YB,41,"{""basis"":""active Hint macro association"",""kind"":""semantic-relation""}"
1.1.0,relation,O007-FREMLIN-V2-S263-REL-0042,O007-FREMLIN-V2-S263,O007-FREMLIN-V2-S263-HINT-263YD-01,hint-for,O007-FREMLIN-V2-S263-EXERCISE-263YD,42,"{""basis"":""active Hint macro association"",""kind"":""semantic-relation""}"
1.1.0,relation,O007-FREMLIN-V2-S263-REL-0043,O007-FREMLIN-V2-S263,O007-FREMLIN-V2-S263-HINT-263YE-01,hint-for,O007-FREMLIN-V2-S263-EXERCISE-263YE,43,"{""basis"":""active Hint macro association"",""kind"":""semantic-relation""}"
1.1.0,relation,O007-FREMLIN-V2-S263-REL-0044,O007-FREMLIN-V2-S263,O007-CORR-0256,corrects,O007-FREMLIN-V2-S263,44,"{""basis"":""source-correction ledger unit binding"",""kind"":""semantic-relation""}"
1.1.0,relation,O007-FREMLIN-V2-S263-REL-0045,O007-FREMLIN-V2-S263,O007-CORR-0257,corrects,O007-FREMLIN-V2-S263,45,"{""basis"":""source-correction ledger unit binding"",""kind"":""semantic-relation""}"
1.1.0,relation,O007-FREMLIN-V2-S263-REL-0046,O007-FREMLIN-V2-S263,O007-CORR-0258,corrects,O007-FREMLIN-V2-S263,46,"{""basis"":""source-correction ledger unit binding"",""kind"":""semantic-relation""}"
1.1.0,relation,O007-FREMLIN-V2-S263-REL-0047,O007-FREMLIN-V2-S263,O007-CORR-0259,corrects,O007-FREMLIN-V2-S263,47,"{""basis"":""source-correction ledger unit binding"",""kind"":""semantic-relation""}"
1.1.0,relation,O007-FREMLIN-V2-S263-REL-0048,O007-FREMLIN-V2-S263,O007-CORR-0260,corrects,O007-FREMLIN-V2-S263,48,"{""basis"":""source-correction ledger unit binding"",""kind"":""semantic-relation""}"
1.1.0,relation,O007-FREMLIN-V2-S263-REL-0049,O007-FREMLIN-V2-S263,O007-CORR-0261,corrects,O007-FREMLIN-V2-S263,49,"{""basis"":""source-correction ledger unit binding"",""kind"":""semantic-relation""}"
1.1.0,relation,O007-FREMLIN-V2-S263-REL-0050,O007-FREMLIN-V2-S263,O007-CORR-0262,corrects,O007-FREMLIN-V2-S263,50,"{""basis"":""source-correction ledger unit binding"",""kind"":""semantic-relation""}"
