schema_version,record_type,id,unit_id,rights_id,segment_id,source_anchor,source_label,target_label,source_text,target_text,source_raw_tex_sha256,target_raw_tex_sha256,provenance
1.1.0,result,O007-FREMLIN-V2-S215-RESULT-215A,O007-FREMLIN-V2-S215,O007-RIGHTS-FREMLIN-DSL,O007-FREMLIN-V2-S215-SEG-215A,215A,215A,215A,"\leader{215A}{The principle of \dvrocolon{exhaustion}}\cmmnt{ The 
following is an example of the use of one of the most important methods 
in measure theory. 
      
\medskip 
      
\noindent}{\bf Lemma} Let $(X,\Sigma,\mu)$ be any measure space and 
$\Cal E\subseteq\Sigma$ a non-empty set such that 
$\sup_{n\in\Bbb N}\mu F_n$ is finite for every non-decreasing sequence 
$\sequencen{F_n}$ in $\Cal E$. 
      
(a) There is a 
non-decreasing sequence $\sequencen{F_n}$ in $\Cal E$ such that, for 
every $E\in\Sigma$, {\it either} there is an $n\in\Bbb N$ such that 
$E\cup F_n$ is not included in any member of $\Cal E$ {\it or}, setting 
$F=\bigcup_{n\in\Bbb N}F_n$, 
      
\Centerline{$\lim_{n\to\infty}\mu(E\setminus F_n) 
=\mu(E\setminus F)=0$.} 
      
\noindent In particular, if $E\in\Cal E$ and 
$E\supseteq F$, then 
$E\setminus F$ is negligible. 
      
(b) If $\Cal E$ is upwards-directed, then there is a non-decreasing 
sequence $\sequencen{F_n}$ in $\Cal E$ such that, setting 
$F=\bigcup_{n\in\Bbb N}F_n$, $\mu F=\sup_{E\in\Cal E}\mu E$ and 
$E\setminus F$ is negligible for every $E\in\Cal E$, so that $F$ is an 
essential supremum of $\Cal E$ in $\Sigma$\cmmnt{ in the sense of 
211G}. 
      
(c) If the union of any non-decreasing sequence in $\Cal E$ belongs to 
$\Cal E$, then there is an $F\in\Cal E$ such that $E\setminus F$ is 
negligible whenever $E\in\Cal E$ and $F\subseteq E$. 
      
","\leader{215A}{Prinsip \dvrocolon{penghabisan}}\cmmnt{ Pernyataan berikut
merupakan contoh penggunaan salah satu metode terpenting dalam teori ukuran.

\medskip

\noindent}{\bf Lema} Misalkan $(X,\Sigma,\mu)$ sembarang ruang ukur dan
$\Cal E\subseteq\Sigma$ suatu keluarga tak-kosong sedemikian sehingga
$\sup_{n\in\Bbb N}\mu F_n$ berhingga untuk setiap barisan tak-menurun
$\sequencen{F_n}$ dalam $\Cal E$.

(a) Terdapat suatu barisan tak-menurun $\sequencen{F_n}$ dalam $\Cal E$
sedemikian sehingga, untuk setiap $E\in\Sigma$, {\it salah satu} dari dua
hal berikut berlaku: terdapat $n\in\Bbb N$ sedemikian sehingga $E\cup F_n$
tidak termuat dalam satu pun anggota $\Cal E$; {\it atau}, dengan menetapkan
$F=\bigcup_{n\in\Bbb N}F_n$,

\Centerline{$\lim_{n\to\infty}\mu(E\setminus F_n)
=\mu(E\setminus F)=0$.}

\noindent Khususnya, jika $E\in\Cal E$ dan $E\supseteq F$, maka
$E\setminus F$ terabaikan.

(b) Jika $\Cal E$ terarah ke atas, maka terdapat suatu barisan tak-menurun
$\sequencen{F_n}$ dalam $\Cal E$ sedemikian sehingga, dengan menetapkan
$F=\bigcup_{n\in\Bbb N}F_n$, berlaku $\mu F=\sup_{E\in\Cal E}\mu E$ dan
$E\setminus F$ terabaikan untuk setiap $E\in\Cal E$; dengan demikian $F$
merupakan supremum esensial dari $\Cal E$ dalam $\Sigma$\cmmnt{ dalam
pengertian 211G}.

(c) Jika gabungan setiap barisan tak-menurun dalam $\Cal E$ merupakan anggota
$\Cal E$, maka terdapat $F\in\Cal E$ sedemikian sehingga $E\setminus F$
terabaikan untuk setiap $E\in\Cal E$ dengan $F\subseteq E$.

",c9f7b74de07fb1f5b67dcaacd8392ff0cca21932b7ecc3b990fe24c5564488a7,85be91bea32ea28cfa1b4a808e0632da377bfdcd983ab04bf873a9dd88bf51b7,"{""basis"":""formal statement bounded by its complete proof macro"",""kind"":""source-derived-result-map""}"
1.1.0,result,O007-FREMLIN-V2-S215-RESULT-215B,O007-FREMLIN-V2-S215,O007-RIGHTS-FREMLIN-DSL,O007-FREMLIN-V2-S215-SEG-215B,215B,215B,215B,"\leader{215B}{}\cmmnt{ $\sigma$-finite spaces are so important that I 
think it is worth spelling out the following facts. 
      
\medskip 
      
\noindent}{\bf Proposition} Let $(X,\Sigma,\mu)$ be a semi-finite 
measure space.   Write $\Cal N$ for the family of $\mu$-negligible sets 
and $\Sigma^f$ for the family of measurable sets of finite measure. 
Then the following are equiveridical: 
      
(i) $(X,\Sigma,\mu)$ is $\sigma$-finite; 
      
(ii) every disjoint family in $\Sigma^f\setminus\Cal N$ is countable; 
      
(iii) every disjoint family in $\Sigma\setminus\Cal N$ is countable; 
      
(iv) for every $\Cal E\subseteq\Sigma$ there is a countable set 
$\Cal E_0\subseteq\Cal E$ such that $E\setminus\bigcup\Cal E_0$ is 
negligible for every $E\in\Cal E$; 
      
(v) for every non-empty upwards-directed $\Cal E\subseteq\Sigma$ there 
is a non-decreasing sequence $\sequencen{F_n}$ in $\Cal E$ such that 
$E\setminus\bigcup_{n\in\Bbb N}F_n$ is negligible for every 
$E\in\Cal E$; 
      
(vi) for every non-empty $\Cal E\subseteq\Sigma$, there is a 
non-decreasing sequence $\sequencen{F_n}$ in $\Cal E$ such that 
$E\setminus\bigcup_{n\in\Bbb N}F_n$ is negligible whenever $E\in\Cal E$ 
and $E\supseteq F_n$ for every $n\in\Bbb N$; 
      
(vii) {\it either} $\mu X=0$ {\it or} there is a probability measure 
$\nu$ on $X$ with the same domain and the same negligible sets as $\mu$; 
      
(viii) there is a measurable integrable function $f:X\to\ocint{0,1}$; 
      
(ix) either $\mu X=0$ or there is a measurable function 
$f:X\to\ooint{0,\infty}$ such that $\int fd\mu=1$. 
      
","\leader{215B}{}\cmmnt{ Ruang $\sigma$-hingga begitu penting sehingga
fakta-fakta berikut layak dinyatakan secara terperinci.

\medskip

\noindent}{\bf Proposisi} Misalkan $(X,\Sigma,\mu)$ suatu ruang ukur
semihingga. Tuliskan $\Cal N$ untuk keluarga himpunan $\mu$-terabaikan
dan $\Sigma^f$ untuk keluarga himpunan terukur berukuran berhingga.
Pernyataan-pernyataan berikut ekuivalen:

(i) $(X,\Sigma,\mu)$ bersifat $\sigma$-hingga;

(ii) setiap keluarga saling lepas dalam $\Sigma^f\setminus\Cal N$
terhitung;

(iii) setiap keluarga saling lepas dalam $\Sigma\setminus\Cal N$
terhitung;

(iv) untuk setiap $\Cal E\subseteq\Sigma$ terdapat himpunan terhitung
$\Cal E_0\subseteq\Cal E$ sedemikian sehingga
$E\setminus\bigcup\Cal E_0$ terabaikan untuk setiap $E\in\Cal E$;

(v) untuk setiap $\Cal E\subseteq\Sigma$ yang tak-kosong dan terarah ke
atas, terdapat suatu barisan tak-menurun $\sequencen{F_n}$ dalam
$\Cal E$ sedemikian sehingga
$E\setminus\bigcup_{n\in\Bbb N}F_n$ terabaikan untuk setiap
$E\in\Cal E$;

(vi) untuk setiap $\Cal E\subseteq\Sigma$ yang tak-kosong, terdapat suatu
barisan tak-menurun $\sequencen{F_n}$ dalam $\Cal E$ sedemikian sehingga
$E\setminus\bigcup_{n\in\Bbb N}F_n$ terabaikan untuk setiap $E\in\Cal E$
yang memenuhi $E\supseteq F_n$ untuk setiap $n\in\Bbb N$;

(vii) {\it $\mu X=0$}, {\it atau} terdapat suatu ukuran
peluang $\nu$ pada $X$ dengan domain dan himpunan-himpunan terabaikan yang
sama dengan $\mu$;

(viii) terdapat suatu fungsi terukur dan terintegralkan
$f:X\to\ocint{0,1}$;

(ix) $\mu X=0$, atau terdapat suatu fungsi terukur
$f:X\to\ooint{0,\infty}$ sedemikian sehingga $\int fd\mu=1$.

",7b9f7d551d0231f56fe3a72075b97942d0b43e7361e005a21c2a244ac07419ca,63db9725c8c554329c0d836c492840984b342cf2f4783c0cfa8d064cb211f549,"{""basis"":""formal statement bounded by its complete proof macro"",""kind"":""source-derived-result-map""}"
1.1.0,result,O007-FREMLIN-V2-S215-RESULT-215C,O007-FREMLIN-V2-S215,O007-RIGHTS-FREMLIN-DSL,O007-FREMLIN-V2-S215-SEG-215C,215C,215C,215C,"\leader{215C}{Corollary} Let $(X,\Sigma,\mu)$ be a $\sigma$-finite 
measure space, and suppose that $\Cal E\subseteq\Sigma$ is any non-empty 
set. 
      
(a) There is a non-decreasing sequence $\sequencen{F_n}$ in $\Cal E$ 
such that, for every $E\in\Sigma$, {\it either} there is an $n\in\Bbb N$ 
such that $E\cup F_n$ is not included in any member of $\Cal E$ {\it or} 
$E\setminus\bigcup_{n\in\Bbb N}F_n$ is negligible. 
      
(b) If $\Cal E$ is upwards-directed, then there is a non-decreasing 
sequence $\sequencen{F_n}$ in $\Cal E$ such that 
$\bigcup_{n\in\Bbb N}F_n$ is an essential supremum of $\Cal E$ in 
$\Sigma$. 
      
(c) If the union of any non-decreasing sequence in $\Cal E$ belongs to 
$\Cal E$, then there is an $F\in\Cal E$ such that $E\setminus F$ is 
negligible whenever $E\in\Cal E$ and $F\subseteq E$. 
      
","\leader{215C}{Akibat} Misalkan $(X,\Sigma,\mu)$ suatu ruang ukur
$\sigma$-hingga, dan andaikan $\Cal E\subseteq\Sigma$ sembarang keluarga
tak-kosong.

(a) Terdapat suatu barisan tak-menurun $\sequencen{F_n}$ dalam $\Cal E$
sedemikian sehingga, untuk setiap $E\in\Sigma$, {\it salah satu} dari
dua hal berikut berlaku: terdapat $n\in\Bbb N$ sedemikian sehingga
$E\cup F_n$ tidak termuat dalam satu pun anggota $\Cal E$; {\it atau}
$E\setminus\bigcup_{n\in\Bbb N}F_n$ terabaikan.

(b) Jika $\Cal E$ terarah ke atas, maka terdapat suatu barisan tak-menurun
$\sequencen{F_n}$ dalam $\Cal E$ sedemikian sehingga
$\bigcup_{n\in\Bbb N}F_n$ merupakan supremum esensial dari $\Cal E$
dalam $\Sigma$.

(c) Jika gabungan setiap barisan tak-menurun dalam $\Cal E$ merupakan anggota
$\Cal E$, maka terdapat $F\in\Cal E$ sedemikian sehingga
$E\setminus F$ terabaikan untuk setiap $E\in\Cal E$ dengan $F\subseteq E$.

",ff7cc061eae2f9c15239772ceb28a4a4fb3902ccc5d2bc43cf47c31dc27bc9d5,897365f88a02ecef8327149b9e0e9ccbce2a3c98b0454010d170ab557ac7e094,"{""basis"":""formal statement bounded by its complete proof macro"",""kind"":""source-derived-result-map""}"
1.1.0,result,O007-FREMLIN-V2-S215-RESULT-215D,O007-FREMLIN-V2-S215,O007-RIGHTS-FREMLIN-DSL,O007-FREMLIN-V2-S215-SEG-215D,215D,215D,215D,"\leader{215D}{}\cmmnt{ As a further example of the use of the 
principle of exhaustion, I give a fundamental fact about atomless 
measure spaces. 
      
\medskip 
      
\noindent}{\bf Proposition} Let $(X,\Sigma,\mu)$ be an atomless measure 
space.   If $E\in\Sigma$ and $0\le\alpha\le\mu E<\infty$, there is an 
$F\in\Sigma$ such that $F\subseteq E$ and $\mu F=\alpha$. 
      
","\leader{215D}{}\cmmnt{ Sebagai contoh lain penggunaan prinsip penghabisan,
saya memberikan sebuah fakta mendasar mengenai ruang ukur tanpa atom.

\medskip

\noindent}{\bf Proposisi} Misalkan $(X,\Sigma,\mu)$ suatu ruang ukur tanpa
atom. Jika $E\in\Sigma$ dan $0\le\alpha\le\mu E<\infty$, maka terdapat
$F\in\Sigma$ sedemikian sehingga $F\subseteq E$ dan $\mu F=\alpha$.

",8693ea79eb24d46bb0f46f228a3e095c9ccd9967d647e14d668763e402e88af6,b4e2b004e0c0655c070dd18d54a91a3f7ee1112f46a8fc4185bc2ad851efe9d3,"{""basis"":""formal statement bounded by its complete proof macro"",""kind"":""source-derived-result-map""}"
1.1.0,result,O007-FREMLIN-V2-S215-RESULT-215E,O007-FREMLIN-V2-S215,O007-RIGHTS-FREMLIN-DSL,O007-FREMLIN-V2-S215-SEG-215E,*215E,*215E,*215E,"\leader{*215E}{}\cmmnt{ One of the basic properties of Lebesgue measure is
that singleton subsets (and therefore countable subsets) are negligible.
This is of course associated with the fact that Lebesgue measure is
atomless (211Md).   It is easy to construct measures for which singleton
sets are negligible but there are atoms (e.g., the countable-cocountable
measures of 211R).   It takes a little more ingenuity to construct
atomless measures in which not all singleton sets are negligible
(216Ye).   The following result gives conditions under which this
can't happen.

\medskip

\noindent}{\bf Proposition}\dvAnew{2015} 
Let $(X,\Sigma,\mu)$ be an atomless measure space and $x\in X$.   

(a) If $\mu^*\{x\}$ is finite then $\{x\}$ is negligible.

(b) If $\mu$ has locally determined negligible sets then $\{x\}$ is
negligible.

(c) If $\mu$ is localizable then $\{x\}$ is negligible.

","\leader{*215E}{}\cmmnt{ Salah satu sifat dasar ukuran Lebesgue ialah bahwa
himpunan bagian beranggota tunggal (dan karenanya himpunan bagian terhitung)
terabaikan.
Hal ini tentu berkaitan dengan kenyataan bahwa ukuran Lebesgue bersifat tanpa atom
(211Md). Mudah mengonstruksi ukuran yang membuat setiap himpunan beranggota
tunggal terabaikan tetapi tetap memiliki atom (misalnya ukuran
terhitung-koterhitung dalam 211R). Perlu sedikit siasat tambahan untuk
mengonstruksi ukuran tanpa atom yang di dalamnya tidak semua himpunan
beranggota tunggal terabaikan
(216Ye). Hasil berikut memberikan syarat-syarat yang mencegah hal tersebut.

\medskip

\noindent}{\bf Proposisi}\dvAnew{2015}
Misalkan $(X,\Sigma,\mu)$ suatu ruang ukur tanpa atom dan $x\in X$.

(a) Jika $\mu^*\{x\}$ berhingga, maka $\{x\}$ terabaikan.

(b) Jika $\mu$ memiliki himpunan-himpunan terabaikan yang ditentukan
secara lokal, maka $\{x\}$ terabaikan.

(c) Jika $\mu$ dapat dilokalkan, maka $\{x\}$ terabaikan.

",2663fe1759d383fe2a6873fcda305165fed2455a4c6e110a914e3e93f862cfc2,6f1d8327f7940577102a14b9c2cab2917199b9dd17855c209a2f9dc6b5f9d8c4,"{""basis"":""formal statement bounded by its complete proof macro"",""kind"":""source-derived-result-map""}"
