schema_version,record_type,id,unit_id,segment_id,exercise_id,source_anchor,semantic_anchor,source_text,target_text,source_raw_tex_sha256,target_raw_tex_sha256,hint_ordinal,rights_id,provenance
1.0.0,hint,O007-FREMLIN-V1-S111-HINT-111YA-01,O007-FREMLIN-V1-S111,O007-FREMLIN-V1-S111-SEG-111YA,O007-FREMLIN-V1-S111-EXERCISE-111YA,111Y,111Ya,"show that
$\{E:E+a\text{ is a Borel set}\}$ is a $\sigma$-algebra
containing all open sets.","tunjukkan bahwa
$\{E:E+a\text{ adalah himpunan Borel}\}$ adalah aljabar-$\sigma$ yang memuat
semua himpunan terbuka.",040a4280f79574db807def025add936f9365cb2f45f4cc5fb78848235c3d91af,5586ede61d921b80529185e9f2707921e63f89cdc596ee891a673235c140741c,1,O007-RIGHTS-FREMLIN-DSL,"{""basis"":""exact active Hint macro associated with its source exercise"",""kind"":""source-derived-hint-map"",""source_resource_ids"":[""O007-RESOURCE-MT111-SOURCE""]}"
1.0.0,hint,O007-FREMLIN-V1-S111-HINT-111YD-01,O007-FREMLIN-V1-S111,O007-FREMLIN-V1-S111-SEG-111YD,O007-FREMLIN-V1-S111-EXERCISE-111YD,111Yd,111Yd,"show
that the family of subsets of $\BbbR^2$ whose sections are all Borel
sets is a $\sigma$-algebra of subsets of $\BbbR^2$ containing all the
open sets.","tunjukkan bahwa keluarga subhimpunan-subhimpunan $\BbbR^2$ yang
semua penampangnya merupakan himpunan Borel adalah aljabar-$\sigma$ pada
$\BbbR^2$ yang memuat semua himpunan terbuka.",533b3b2f8faf24ce994f46e0438f49388b6660bcef669ff419a8ecad007ba570,1ebf5917014771a2650d286ac208f4c7af75b0b6334e374ace1da4de218cdafc,1,O007-RIGHTS-FREMLIN-DSL,"{""basis"":""exact active Hint macro associated with its source exercise"",""kind"":""source-derived-hint-map"",""source_resource_ids"":[""O007-RESOURCE-MT111-SOURCE""]}"
1.0.0,hint,O007-FREMLIN-V1-S111-HINT-111YE-01,O007-FREMLIN-V1-S111,O007-FREMLIN-V1-S111-SEG-111YE,O007-FREMLIN-V1-S111-EXERCISE-111YE,111Ye,111Ye,"for $x$,
$y\in G$ say that $x\sim y$ if every point between $x$ and $y$ belongs
to $G$.   Show that $\sim$ is an equivalence relation.   Let $\Cal I$ be
the set of equivalence classes.","untuk $x$, $y\in G$,
nyatakan $x\sim y$ jika setiap titik di antara $x$ dan $y$ termasuk
dalam $G$. Tunjukkan bahwa $\sim$ merupakan relasi ekuivalensi.
Misalkan $\Cal I$ adalah himpunan kelas-kelas ekuivalensinya.",089dc64e0941c4169ad4c456b9f42e3cfb3101b2f295ca0ecf96619626a5366f,b33c8973b7eaf82c632c1ada4d144cb9e7bc5263d9f89dbe176fea5626df054b,1,O007-RIGHTS-FREMLIN-DSL,"{""basis"":""exact active Hint macro associated with its source exercise"",""kind"":""source-derived-hint-map"",""source_resource_ids"":[""O007-RESOURCE-MT111-SOURCE""]}"
