11/index.html	12674	a4fd03aed8d0d5e4b99bcf4577ce4166afdcaf3897cfc56fff1bf4da021c0d41
111/index.html	67167	79402cb032fcff74ac1d76ded017533b9f3e9e8110ae959ca53bd9675d79b22c
112/index.html	66597	a82d84714cdb7e08778ff5e1bdb0802f12521bd2bb557a99014ec9865ad40175
113/_assets/mt113c1.png	37688	3fbab729729572723fbce6d688ebdfa7d6f73902144f0840cecb1074230b38bb
113/_assets/mt113c2.png	37862	41489e1039492131e49b9b5132d752dee2d19f959ab272c00e37f10f6945d6df
113/_assets/mt113c3.png	37892	8973110d14c4a5acbb4553e78ae8774d317f50680ab493d1176da6bcfef4b3d9
113/_assets/mt113c4.png	43058	795b9abab5a6ea8447a4d39ef6a6c5bb7e1413bad54ca20d600da26db0b3a7b7
113/index.html	53123	b1acf7ddce1cc17bfda1e9a86289cf9586aa7591cad1826560ac262014324e08
114/index.html	71682	a365bbd6d5238b568f85eab1d6069e3fe477d59e158faba6ff8243cbff6af2d8
115/index.html	74428	f407caa36ed52b4d5e3ab87edd2ebb4347672f0fccd7099f7e07905dca810ba0
12/index.html	5904	247414dc5449858bdc4a5a558b7c544fc0579c7c5b18d3c815fdaf67987cae5c
121/index.html	123312	f73008fee3caf4cfa4d14fd3d8f54116283fbd74c837359ff8185058fe11631b
122/index.html	117948	461a30fe9ffc67dce155fe0ce1d36bc5172e20a998c90a9cecc50a28d801c118
123/index.html	51270	51328ea77b0ac9e2fe22e4024ebfb05f3f9241bff6482690732424023a00e17c
13/index.html	5891	c6d65a739c5688e13ce60c246352e3717cf99422db3ed74deeb8f35b9c939c62
131/index.html	39050	b19845cf5db410874312bb481aed6691cac2a0d15d4347e3b3f22e098988e76a
132/index.html	52679	b1f819910e0c800f385ad5a6a7b3684de77b5761f5214da3d52e9db5ea3fae4d
133/index.html	78607	80de130a4ea9b30049da8a57a02a55e5f1f292f2bed370b28c0e38fd2769f097
134/_assets/mt134g.png	7711	7d768ce3b37e2bf6563067db9c743c512356d216d011227a01869e4e5464a969
134/_assets/mt134ha1.png	23598	dfae5894ef508a9569320f99b81873ee0d6a06484ca465e5afe30fa7bfffcbce
134/_assets/mt134ha2.png	13030	9c1af7d8f08f5f2ad14f2e4d67a56fcc999ed47f6e7908695c3689dcb18587b9
134/index.html	131773	a40b0d9dfeb1bdc030aab8edb387a8c8c2f1c2988d44269e84240c8844ad451c
135/index.html	79479	1dc491b3fc2b1d61c3592484934c3688435acb5a2ed8e3f060690589175e6f37
136/index.html	77719	0262cac25900bc814138c9af2aec551e08cfb29f80d55370861d2527e1e2ed21
1A1/index.html	44462	e77620b5b5a0c2725e14ed4903c949cbaa30ddf9741345fb8654c57b17d20281
1A2/index.html	20602	4b106a8f1eeb2edbf8df697403029c4c2d9fc8af08714f7c8ab07e00c2d51a37
1A3/index.html	25888	5537af862611dd97a5afa2d53fe72bba139f6d1743abc87a14fe0783213e6337
_downloads/fondasi-teori-ukuran-jilid-1-id.pdf	807217	340af91eb1a31cbfaba20f578209b6e3dd0eacd7ea05f6e23183be9e9fee486f
_static/mathjax/LICENSE	11358	cfc7749b96f63bd31c3c42b5c471bf756814053e847c10f3eb003417bc523d30
_static/mathjax/a11y/assistive-mml.js	6460	5b8414e36cd63d154b90beab67e5e3399c7439aff97f4b556761224f8176f657
_static/mathjax/output/chtml/fonts/woff-v2/MathJax_AMS-Regular.woff	40808	3de784d07b9fa8f104c10928a878ee879cf3305cae5195cba663c9c2bb0195eb
_static/mathjax/output/chtml/fonts/woff-v2/MathJax_Calligraphic-Bold.woff	9908	af04542b29eaac04550a140c5f1760a649783989426f2540855bf4157819367d
_static/mathjax/output/chtml/fonts/woff-v2/MathJax_Calligraphic-Regular.woff	9600	26683bf201fb258a2237d9754616de9d4ecf4cc1cd39dd1902476df7d75f1d16
_static/mathjax/output/chtml/fonts/woff-v2/MathJax_Fraktur-Bold.woff	22340	721921bab0d001ebff0206c24cb5de6ca136467bf1843a7aa32030ba061d1e92
_static/mathjax/output/chtml/fonts/woff-v2/MathJax_Fraktur-Regular.woff	21480	870673df72e70f87c91a5a317d558c2c3b54392264ad79bbadc6d424ae8765fe
_static/mathjax/output/chtml/fonts/woff-v2/MathJax_Main-Bold.woff	34464	88b98cad3688915e50da55553ff6ad185e0dce134b47f176e91b100f8a9b175c
_static/mathjax/output/chtml/fonts/woff-v2/MathJax_Main-Italic.woff	20832	355254db9ca10a09a3b5f0929d74eb4670f44fbe864c07526a06213e0a0caf6c
_static/mathjax/output/chtml/fonts/woff-v2/MathJax_Main-Regular.woff	34160	1cb1c39ea642f26a4dfed230b4aea1c3c218689421f6e9c0a7c1811693c4fa07
_static/mathjax/output/chtml/fonts/woff-v2/MathJax_Math-BoldItalic.woff	19776	8ea8dbb1b02e6f730f55b4cb5d413b785b9f5c39807d0a0fa7da206a0824a457
_static/mathjax/output/chtml/fonts/woff-v2/MathJax_Math-Italic.woff	19360	a009bea404f7a500ded48f8b9ad9cf16e12504b3195dd9e25975289b8256b0f0
_static/mathjax/output/chtml/fonts/woff-v2/MathJax_Math-Regular.woff	19288	c01d3321e89b403c4b811aa153c4e618eda3421f92d8a072a02c8d190782a191
_static/mathjax/output/chtml/fonts/woff-v2/MathJax_SansSerif-Bold.woff	15944	32792104b5ef69eded905b6d1598ed05d8087684d38e7a94d52e3c38ba16f47e
_static/mathjax/output/chtml/fonts/woff-v2/MathJax_SansSerif-Italic.woff	14628	fc6ddf5df402b263cfb158aed8e89972542c34b719cd87b1db30461985f7bd5b
_static/mathjax/output/chtml/fonts/woff-v2/MathJax_SansSerif-Regular.woff	12660	b418136e3b384baaadecb70bd3c48a8da9825210130b2897db808c44efc883cb
_static/mathjax/output/chtml/fonts/woff-v2/MathJax_Script-Regular.woff	11852	af96f67d7accf5fd2a4a682d0b9f8b339f8ea6fe34c310c1694c8ba7f6ddc96f
_static/mathjax/output/chtml/fonts/woff-v2/MathJax_Size1-Regular.woff	5792	c49810b53ecc0d87d8028762c518924197dd9d3f905b08f99ea241301085b9cb
_static/mathjax/output/chtml/fonts/woff-v2/MathJax_Size2-Regular.woff	5464	30e889b58cbc51adfbb038ab1a96dc4025aa3542a3cff7712fc55ece510675e2
_static/mathjax/output/chtml/fonts/woff-v2/MathJax_Size3-Regular.woff	3244	5cda41563a095bd70c78e2dda13d0f8cb922c71c90fffd0a0044c65173a66e83
_static/mathjax/output/chtml/fonts/woff-v2/MathJax_Size4-Regular.woff	5148	3bc6ecaae7ecf6f8d7f8ea07bddbaca8601e2cb6e89d6aef58e78d9f6d8a398f
_static/mathjax/output/chtml/fonts/woff-v2/MathJax_Typewriter-Regular.woff	17604	c56da8d69f1a0208b8e0703656c3264b6dd748bd452524c82b0385b60f6a68c1
_static/mathjax/output/chtml/fonts/woff-v2/MathJax_Vector-Bold.woff	1116	36e0d72d8a7afc696a3e7a5c7369807634640de9b02257bca447bdf126221a27
_static/mathjax/output/chtml/fonts/woff-v2/MathJax_Vector-Regular.woff	1136	72bc573386dd1d48c5bbd286302ca9e3400c5eb0f298e7cfbf945b9d08fc688f
_static/mathjax/output/chtml/fonts/woff-v2/MathJax_Zero.woff	1368	481e39042508ae313a60618af1e37146ab93e9324c98e4c78b8f17fe55d41e0b
_static/mathjax/tex-chtml.js	1160989	0a6ded5abbce13331658dd239f34382abd06492c74b71b61e8caa8112ec55fa5
_static/reader-v2.css	872	53a5a1e8d9a456d31b1b511cf7c663d03e3924c7a96105f4091b00727f29d642
_static/reader-v3.css	1450	190636a60441c065771745c3dfe58ef7e999c3683ced21fdd6f9bf1904084357
_static/reader-v4.css	1939	a94fdace71707235bebb3512405dcbd9759742d85fca2c24c34ba9aab0d8954a
_static/reader.css	4219	d39d1f00977d3560b1d86ed7a12767ab20f50014cf9ae496e32c5a3eb25fdef3
bagian-awal/index.html	5651	40f6ab1491fde5795d081e208663d721e48af413a2c8e25500bccb075e97e061
indeks/index.html	116790	46ccfa0e8d9db29d23eae29b11a8696649559c95dc5c741005b8db7c7dd0681f
index.html	11708	084812e380bb7c5f5d4c61b6b8ab4016e27693e43708990fc924dfb5893163e8
konkordansi/index.html	6186	fd85f4ebd02b385239bb53cc2e8205cf7fafba5965b41d7ce2b8ca789607c0ab
lampiran/index.html	5381	f841f54efdb52b62d452b71ce4736458186659836423d13eefecb57ed307e28b
pendahuluan-jilid-1/index.html	13007	4247373d708921e1143640ff6b69398cf245002f1dae185838c6c07b0b4ebe55
pendahuluan-umum/index.html	13147	022df330268ff202210d5c7e7b1822a20cee1f0bf5adf4fcd623f792bb3a6ae8
referensi/index.html	6273	ab00dedb23b529c81371c31ab6fce5fe6fbb770831d14717ba4485d9724359ab
