schema_version,record_type,id,unit_id,segment_id,relation_type,object_id,order,source_anchor,semantic_anchor,target_reference,resolution_status,source_locator,provenance
1.1.0,xref,O007-FREMLIN-V1-S123-XREF-001,O007-FREMLIN-V1-S123,O007-FREMLIN-V1-S123-SEG-123A,result-reference,O007-FREMLIN-V1-S122-SEG-122NC,1,123A,123A,122Nc,resolved-in-corpus,"authority/fremlin/source/mt1.2011/mt123.tex:28: a conegligible set $\dom f_n\subseteq X$, as in 122Nc, and the limit","{""basis"":""literal printed source expression '122Nc'; ranges expand to typed atomic edges"",""kind"":""source-cross-reference"",""source_resource_ids"":[""O007-RESOURCE-MT123-SOURCE""]}"
1.1.0,xref,O007-FREMLIN-V1-S123-XREF-002,O007-FREMLIN-V1-S123,O007-FREMLIN-V1-S123-SEG-123A,result-reference,O007-FREMLIN-V1-S121-SEG-121FA,2,123A,123A,121Fa,resolved-in-corpus,authority/fremlin/source/mt1.2011/mt123.tex:34: \noindent as in 121Fa.}  \dvro{The}{You would miss no important idea if,"{""basis"":""literal printed source expression '121Fa'; ranges expand to typed atomic edges"",""kind"":""source-cross-reference"",""source_resource_ids"":[""O007-RESOURCE-MT123-SOURCE""]}"
1.1.0,xref,O007-FREMLIN-V1-S123-XREF-003,O007-FREMLIN-V1-S123,O007-FREMLIN-V1-S123-SEG-123AA,result-reference,O007-FREMLIN-V1-S122-SEG-122OD,3,123A,123Aa,122Od,resolved-in-corpus,"authority/fremlin/source/mt1.2011/mt123.tex:44: that, by 122Od, $\sequencen{\int f_n}$ is a","{""basis"":""literal printed source expression '122Od'; ranges expand to typed atomic edges"",""kind"":""source-cross-reference"",""source_resource_ids"":[""O007-RESOURCE-MT123-SOURCE""]}"
1.1.0,xref,O007-FREMLIN-V1-S123-XREF-004,O007-FREMLIN-V1-S123,O007-FREMLIN-V1-S123-SEG-123AA,result-reference,O007-FREMLIN-V1-S122-SEG-122P,4,123A,123Aa,122P,resolved-in-corpus,authority/fremlin/source/mt1.2011/mt123.tex:52: $f_n\restr E_n$ is measurable (122P);  let $E^*$ be a measurable,"{""basis"":""literal printed source expression '122P'; ranges expand to typed atomic edges"",""kind"":""source-cross-reference"",""source_resource_ids"":[""O007-RESOURCE-MT123-SOURCE""]}"
1.1.0,xref,O007-FREMLIN-V1-S123-XREF-005,O007-FREMLIN-V1-S123,O007-FREMLIN-V1-S123-SEG-123AA,result-reference,O007-FREMLIN-V1-S112-SEG-112CE,5,123A,123Aa,112Ce,resolved-in-corpus,"authority/fremlin/source/mt1.2011/mt123.tex:73: \noindent (112Ce).   In particular, $\mu H(a)<\infty$ for every $a$.","{""basis"":""literal printed source expression '112Ce'; ranges expand to typed atomic edges"",""kind"":""source-cross-reference"",""source_resource_ids"":[""O007-RESOURCE-MT123-SOURCE""]}"
1.1.0,xref,O007-FREMLIN-V1-S123-XREF-006,O007-FREMLIN-V1-S123,O007-FREMLIN-V1-S123-SEG-123AA,result-reference,O007-FREMLIN-V1-S121-SEG-121EH,6,123A,123Aa,121Eh,resolved-in-corpus,"authority/fremlin/source/mt1.2011/mt123.tex:92: Because every $f_n\restr E$ is measurable (121Eh), so is","{""basis"":""literal printed source expression '121Eh'; ranges expand to typed atomic edges"",""kind"":""source-cross-reference"",""source_resource_ids"":[""O007-RESOURCE-MT123-SOURCE""]}"
1.1.0,xref,O007-FREMLIN-V1-S123-XREF-007,O007-FREMLIN-V1-S123,O007-FREMLIN-V1-S123-SEG-123AA,result-reference,O007-FREMLIN-V1-S121-SEG-121FA,7,123A,123Aa,121Fa,resolved-in-corpus,authority/fremlin/source/mt1.2011/mt123.tex:93: $f\restr E=\lim_{n\to\infty}f_n\restr E$ (121Fa).,"{""basis"":""literal printed source expression '121Fa'; ranges expand to typed atomic edges"",""kind"":""source-cross-reference"",""source_resource_ids"":[""O007-RESOURCE-MT123-SOURCE""]}"
1.1.0,xref,O007-FREMLIN-V1-S123-XREF-008,O007-FREMLIN-V1-S123,O007-FREMLIN-V1-S123-SEG-123AA,result-reference,O007-FREMLIN-V1-S122-SEG-122G,8,123A,123Aa,122G,resolved-in-corpus,"authority/fremlin/source/mt1.2011/mt123.tex:101: in the proof of 122G, $H=\{x:g(x)\ne 0\}$ has finite measure, and","{""basis"":""literal printed source expression '122G'; ranges expand to typed atomic edges"",""kind"":""source-cross-reference"",""source_resource_ids"":[""O007-RESOURCE-MT123-SOURCE""]}"
1.1.0,xref,O007-FREMLIN-V1-S123-XREF-009,O007-FREMLIN-V1-S123,O007-FREMLIN-V1-S123-SEG-123AA,result-reference,O007-FREMLIN-V1-S112-SEG-112CF,9,123A,123Aa,112Cf,resolved-in-corpus,authority/fremlin/source/mt1.2011/mt123.tex:114: Consequently $\lim_{n\to\infty}\mu G_n=0$ (112Cf).,"{""basis"":""literal printed source expression '112Cf'; ranges expand to typed atomic edges"",""kind"":""source-cross-reference"",""source_resource_ids"":[""O007-RESOURCE-MT123-SOURCE""]}"
1.1.0,xref,O007-FREMLIN-V1-S123-XREF-010,O007-FREMLIN-V1-S123,O007-FREMLIN-V1-S123-SEG-123AA,result-reference,O007-FREMLIN-V1-S122-SEG-122JA,10,123A,123Aa,122Ja,resolved-in-corpus,"authority/fremlin/source/mt1.2011/mt123.tex:134: satisfies the conditions of Lemma 122Ja,","{""basis"":""literal printed source expression '122Ja'; ranges expand to typed atomic edges"",""kind"":""source-cross-reference"",""source_resource_ids"":[""O007-RESOURCE-MT123-SOURCE""]}"
1.1.0,xref,O007-FREMLIN-V1-S123-XREF-011,O007-FREMLIN-V1-S123,O007-FREMLIN-V1-S123-SEG-123AA,result-reference,O007-FREMLIN-V1-S122-SEG-122K,11,123A,123Aa,122K,resolved-in-corpus,"authority/fremlin/source/mt1.2011/mt123.tex:136: most $c$, by Definition 122K.   Because $f\eae f\restr E$, $f$ also is","{""basis"":""literal printed source expression '122K'; ranges expand to typed atomic edges"",""kind"":""source-cross-reference"",""source_resource_ids"":[""O007-RESOURCE-MT123-SOURCE""]}"
1.1.0,xref,O007-FREMLIN-V1-S123-XREF-012,O007-FREMLIN-V1-S123,O007-FREMLIN-V1-S123-SEG-123AA,result-reference,O007-FREMLIN-V1-S122-SEG-122RB,12,123A,123Aa,122Rb,resolved-in-corpus,"authority/fremlin/source/mt1.2011/mt123.tex:137: integrable, with the same integral (122Rb).   On the other hand,","{""basis"":""literal printed source expression '122Rb'; ranges expand to typed atomic edges"",""kind"":""source-cross-reference"",""source_resource_ids"":[""O007-RESOURCE-MT123-SOURCE""]}"
1.1.0,xref,O007-FREMLIN-V1-S123-XREF-013,O007-FREMLIN-V1-S123,O007-FREMLIN-V1-S123-SEG-123AA,result-reference,O007-FREMLIN-V1-S122-SEG-122OD,13,123A,123Aa,122Od,resolved-in-corpus,"authority/fremlin/source/mt1.2011/mt123.tex:139: each $n$, so $\int f\ge\sup_{n\in\Bbb N}\int f_n=c$, by 122Od.","{""basis"":""literal printed source expression '122Od'; ranges expand to typed atomic edges"",""kind"":""source-cross-reference"",""source_resource_ids"":[""O007-RESOURCE-MT123-SOURCE""]}"
1.1.0,xref,O007-FREMLIN-V1-S123-XREF-014,O007-FREMLIN-V1-S123,O007-FREMLIN-V1-S123-SEG-123AB,result-reference,O007-FREMLIN-V1-S122-SEG-122G,14,123A,123Ab,122G,resolved-in-corpus,authority/fremlin/source/mt1.2011/mt123.tex:156: case 122G.,"{""basis"":""literal printed source expression '122G'; ranges expand to typed atomic edges"",""kind"":""source-cross-reference"",""source_resource_ids"":[""O007-RESOURCE-MT123-SOURCE""]}"
1.1.0,xref,O007-FREMLIN-V1-S123-XREF-015,O007-FREMLIN-V1-S123,O007-FREMLIN-V1-S123-SEG-123B,result-reference,O007-FREMLIN-V1-S121-SEG-121FC,15,123B,123B,121Fc,resolved-in-corpus,"authority/fremlin/source/mt1.2011/mt123.tex:177: $g_n=\inf_{m\ge n}f'_m$;  then each $g_n$ is measurable (121Fc),","{""basis"":""literal printed source expression '121Fc'; ranges expand to typed atomic edges"",""kind"":""source-cross-reference"",""source_resource_ids"":[""O007-RESOURCE-MT123-SOURCE""]}"
1.1.0,xref,O007-FREMLIN-V1-S123-XREF-016,O007-FREMLIN-V1-S123,O007-FREMLIN-V1-S123-SEG-123B,result-reference,O007-FREMLIN-V1-S122-SEG-122P,16,123B,123B,122P,resolved-in-corpus,"authority/fremlin/source/mt1.2011/mt123.tex:179: and $g_n\leae f_n$, so $g_n$ is integrable (122P) with","{""basis"":""literal printed source expression '122P'; ranges expand to typed atomic edges"",""kind"":""source-cross-reference"",""source_resource_ids"":[""O007-RESOURCE-MT123-SOURCE""]}"
1.1.0,xref,O007-FREMLIN-V1-S123-XREF-017,O007-FREMLIN-V1-S123,O007-FREMLIN-V1-S123-SEG-123B,result-reference,O007-FREMLIN-V1-S123-SEG-123A,17,123B,123B,123A,resolved-in-unit,"authority/fremlin/source/mt1.2011/mt123.tex:183: conditions of B.Levi's theorem (123A), and $g=\lim_{n\to\infty}g_n$","{""basis"":""literal printed source expression '123A'; ranges expand to typed atomic edges"",""kind"":""source-cross-reference"",""source_resource_ids"":[""O007-RESOURCE-MT123-SOURCE""]}"
1.1.0,xref,O007-FREMLIN-V1-S123-XREF-018,O007-FREMLIN-V1-S123,O007-FREMLIN-V1-S123-SEG-123C,result-reference,O007-FREMLIN-V1-S123-SEG-123B,18,123C,123C,123B,resolved-in-unit,"authority/fremlin/source/mt1.2011/mt123.tex:206: with $\int \tilde f\le \tilde c$, by Fatou's Lemma (123B).","{""basis"":""literal printed source expression '123B'; ranges expand to typed atomic edges"",""kind"":""source-cross-reference"",""source_resource_ids"":[""O007-RESOURCE-MT123-SOURCE""]}"
1.1.0,xref,O007-FREMLIN-V1-S123-XREF-019,O007-FREMLIN-V1-S123,O007-FREMLIN-V1-S123-SEG-123DA,result-reference,O007-FREMLIN-V1-S122-SEG-122O,19,123D,123Da,122O,resolved-in-corpus,authority/fremlin/source/mt1.2011/mt123.tex:268: \noindent for each $n$.   (This step uses 122O.)   If we set,"{""basis"":""literal printed source expression '122O'; ranges expand to typed atomic edges"",""kind"":""source-cross-reference"",""source_resource_ids"":[""O007-RESOURCE-MT123-SOURCE""]}"
1.1.0,xref,O007-FREMLIN-V1-S123-XREF-020,O007-FREMLIN-V1-S123,O007-FREMLIN-V1-S123-SEG-123D,exercise-reference,,20,123D,123D,252Ye,selected-corpus-pending,authority/fremlin/source/mt1.2011/mt123.tex:295: both hypotheses and conclusion weakened (252Ye).,"{""basis"":""literal printed source expression '252Ye'; ranges expand to typed atomic edges"",""kind"":""source-cross-reference"",""source_resource_ids"":[""O007-RESOURCE-MT123-SOURCE""]}"
1.1.0,xref,O007-FREMLIN-V1-S123-XREF-021,O007-FREMLIN-V1-S123,O007-FREMLIN-V1-S123-SEG-123YA,exercise-reference,O007-FREMLIN-V1-S112-SEG-112XF,21,123Y,123Ya,112Xf,resolved-in-corpus,"authority/fremlin/source/mt1.2011/mt123.tex:362: $Y$ (112Xf).   Show that if $h:Y\to\Bbb R$ is any function, then $h$","{""basis"":""literal printed source expression '112Xf'; ranges expand to typed atomic edges"",""kind"":""source-cross-reference"",""source_resource_ids"":[""O007-RESOURCE-MT123-SOURCE""]}"
1.1.0,xref,O007-FREMLIN-V1-S123-XREF-022,O007-FREMLIN-V1-S123,O007-FREMLIN-V1-S123-SEG-123YB,exercise-reference,O007-FREMLIN-V1-S123-SEG-123XC,22,123Yb,123Yb,123Xc,resolved-in-unit,authority/fremlin/source/mt1.2011/mt123.tex:366: \header{123Yb}{\bf (b)} Explain how to adapt 123Xc to the case in which,"{""basis"":""literal printed source expression '123Xc'; ranges expand to typed atomic edges"",""kind"":""source-cross-reference"",""source_resource_ids"":[""O007-RESOURCE-MT123-SOURCE""]}"
1.1.0,xref,O007-FREMLIN-V1-S123-XREF-023,O007-FREMLIN-V1-S123,O007-FREMLIN-V1-S123-SEG-123YD,result-reference,,23,123Yd,123Yd,134B,selected-corpus-pending,authority/fremlin/source/mt1.2011/mt123.tex:385: non-measurable subset of $\Bbb R$;  see 134B for such a set.),"{""basis"":""literal printed source expression '134B'; ranges expand to typed atomic edges"",""kind"":""source-cross-reference"",""source_resource_ids"":[""O007-RESOURCE-MT123-SOURCE""]}"
1.1.0,xref,O007-FREMLIN-V1-S123-XREF-024,O007-FREMLIN-V1-S123,O007-FREMLIN-V1-S123-SEG-123-NOTES,result-reference,O007-FREMLIN-V1-S123-SEG-123D,24,123,123,123D,resolved-in-unit,authority/fremlin/source/mt1.2011/mt123.tex:410: \Notesheader{123} I hope that 123D and its special case 123Xc will help,"{""basis"":""literal printed source expression '123D'; ranges expand to typed atomic edges"",""kind"":""source-cross-reference"",""source_resource_ids"":[""O007-RESOURCE-MT123-SOURCE""]}"
1.1.0,xref,O007-FREMLIN-V1-S123-XREF-025,O007-FREMLIN-V1-S123,O007-FREMLIN-V1-S123-SEG-123-NOTES,exercise-reference,O007-FREMLIN-V1-S123-SEG-123XC,25,123,123,123Xc,resolved-in-unit,authority/fremlin/source/mt1.2011/mt123.tex:410: \Notesheader{123} I hope that 123D and its special case 123Xc will help,"{""basis"":""literal printed source expression '123Xc'; ranges expand to typed atomic edges"",""kind"":""source-cross-reference"",""source_resource_ids"":[""O007-RESOURCE-MT123-SOURCE""]}"
1.1.0,xref,O007-FREMLIN-V1-S123-XREF-026,O007-FREMLIN-V1-S123,O007-FREMLIN-V1-S123-SEG-123-NOTES,exercise-reference,O007-FREMLIN-V1-S123-SEG-123XC,26,123,123,123Xc,resolved-in-unit,"authority/fremlin/source/mt1.2011/mt123.tex:432: from, the standard general theorems.)   For instance, in 123Xc, the fact","{""basis"":""literal printed source expression '123Xc'; ranges expand to typed atomic edges"",""kind"":""source-cross-reference"",""source_resource_ids"":[""O007-RESOURCE-MT123-SOURCE""]}"
1.1.0,xref,O007-FREMLIN-V1-S123-XREF-027,O007-FREMLIN-V1-S123,O007-FREMLIN-V1-S123-SEG-123-NOTES,result-reference,O007-FREMLIN-V1-S123-SEG-123A,27,123,123,123A,resolved-in-unit,authority/fremlin/source/mt1.2011/mt123.tex:438: The limits used in 123A-123C are all limits of sequences;  it is of,"{""basis"":""literal printed source expression '123A-123C'; ranges expand to typed atomic edges"",""kind"":""source-cross-reference"",""source_resource_ids"":[""O007-RESOURCE-MT123-SOURCE""]}"
1.1.0,xref,O007-FREMLIN-V1-S123-XREF-028,O007-FREMLIN-V1-S123,O007-FREMLIN-V1-S123-SEG-123-NOTES,result-reference,O007-FREMLIN-V1-S123-SEG-123B,28,123,123,123B,resolved-in-unit,authority/fremlin/source/mt1.2011/mt123.tex:438: The limits used in 123A-123C are all limits of sequences;  it is of,"{""basis"":""literal printed source expression '123A-123C'; ranges expand to typed atomic edges"",""kind"":""source-cross-reference"",""source_resource_ids"":[""O007-RESOURCE-MT123-SOURCE""]}"
1.1.0,xref,O007-FREMLIN-V1-S123-XREF-029,O007-FREMLIN-V1-S123,O007-FREMLIN-V1-S123-SEG-123-NOTES,result-reference,O007-FREMLIN-V1-S123-SEG-123C,29,123,123,123C,resolved-in-unit,authority/fremlin/source/mt1.2011/mt123.tex:438: The limits used in 123A-123C are all limits of sequences;  it is of,"{""basis"":""literal printed source expression '123A-123C'; ranges expand to typed atomic edges"",""kind"":""source-cross-reference"",""source_resource_ids"":[""O007-RESOURCE-MT123-SOURCE""]}"
1.1.0,xref,O007-FREMLIN-V1-S123-XREF-030,O007-FREMLIN-V1-S123,O007-FREMLIN-V1-S123-SEG-123-NOTES,result-reference,O007-FREMLIN-V1-S123-SEG-123D,30,123,123,123D,resolved-in-unit,"authority/fremlin/source/mt1.2011/mt123.tex:443: other types of limit.   I describe some in 123D, 123Xb and 123Xc(iii).","{""basis"":""literal printed source expression '123D'; ranges expand to typed atomic edges"",""kind"":""source-cross-reference"",""source_resource_ids"":[""O007-RESOURCE-MT123-SOURCE""]}"
1.1.0,xref,O007-FREMLIN-V1-S123-XREF-031,O007-FREMLIN-V1-S123,O007-FREMLIN-V1-S123-SEG-123-NOTES,exercise-reference,O007-FREMLIN-V1-S123-SEG-123XB,31,123,123,123Xb,resolved-in-unit,"authority/fremlin/source/mt1.2011/mt123.tex:443: other types of limit.   I describe some in 123D, 123Xb and 123Xc(iii).","{""basis"":""literal printed source expression '123Xb'; ranges expand to typed atomic edges"",""kind"":""source-cross-reference"",""source_resource_ids"":[""O007-RESOURCE-MT123-SOURCE""]}"
1.1.0,xref,O007-FREMLIN-V1-S123-XREF-032,O007-FREMLIN-V1-S123,O007-FREMLIN-V1-S123-SEG-123-NOTES,exercise-clause-reference,O007-FREMLIN-V1-S123-SEG-123XC,32,123,123,123Xc(iii),resolved-in-unit,"authority/fremlin/source/mt1.2011/mt123.tex:443: other types of limit.   I describe some in 123D, 123Xb and 123Xc(iii).","{""basis"":""literal printed source expression '123Xc(iii)'; ranges expand to typed atomic edges"",""kind"":""source-cross-reference"",""source_resource_ids"":[""O007-RESOURCE-MT123-SOURCE""]}"
1.1.0,xref,O007-FREMLIN-V1-S123-XREF-033,O007-FREMLIN-V1-S123,O007-FREMLIN-V1-S123-SEG-123-NOTES,exercise-reference,O007-FREMLIN-V1-S123-SEG-123YC,33,123,123,123Yc,resolved-in-unit,authority/fremlin/source/mt1.2011/mt123.tex:455: arises with a similar extension of Fatou's lemma (123Yc-123Yd).,"{""basis"":""literal printed source expression '123Yc-123Yd'; ranges expand to typed atomic edges"",""kind"":""source-cross-reference"",""source_resource_ids"":[""O007-RESOURCE-MT123-SOURCE""]}"
1.1.0,xref,O007-FREMLIN-V1-S123-XREF-034,O007-FREMLIN-V1-S123,O007-FREMLIN-V1-S123-SEG-123-NOTES,exercise-reference,O007-FREMLIN-V1-S123-SEG-123YD,34,123,123,123Yd,resolved-in-unit,authority/fremlin/source/mt1.2011/mt123.tex:455: arises with a similar extension of Fatou's lemma (123Yc-123Yd).,"{""basis"":""literal printed source expression '123Yc-123Yd'; ranges expand to typed atomic edges"",""kind"":""source-cross-reference"",""source_resource_ids"":[""O007-RESOURCE-MT123-SOURCE""]}"
