schema_version,record_type,id,unit_id,rights_id,segment_id,exercise_id,source_anchor,semantic_anchor,source_text,target_text,source_raw_tex_sha256,target_raw_tex_sha256,hint_ordinal,provenance
1.1.0,hint,O007-FREMLIN-V1-S114-HINT-114XC-01,O007-FREMLIN-V1-S114,O007-RIGHTS-FREMLIN-DSL,O007-FREMLIN-V1-S114-SEG-114XC,O007-FREMLIN-V1-S114-EXERCISE-114XC,114Xc,114Xc,"Consider sets $E$ of the form $\bigcup_{j\in\Bbb N}I_j$, where
$\sequence{j}{I_j}$ is a sequence of half-open intervals.","Tinjau himpunan-himpunan $E$ berbentuk
$\bigcup_{j\in\Bbb N}I_j$, dengan $\sequence{j}{I_j}$ suatu barisan
interval setengah terbuka.",2415fad51b5dc813834570a74148b7fe6a02bf62b029f621419c03da372707cc,a93b33f2bfe3efbf2221532d63d75bb1404645809e8a4175ed86c56d3318eced,1,"{""basis"":""exact active Hint macro associated with exercise 114Xc"",""kind"":""source-derived-hint-map"",""source_resource_ids"":[""O007-RESOURCE-MT114-SOURCE""]}"
1.1.0,hint,O007-FREMLIN-V1-S114-HINT-114XE-01,O007-FREMLIN-V1-S114,O007-RIGHTS-FREMLIN-DSL,O007-FREMLIN-V1-S114-SEG-114XE,O007-FREMLIN-V1-S114-EXERCISE-114XE,114Xe,114Xe,"let
$\langle J_j\rangle_{j\in\Bbb N}$ be a sequence of half-open intervals
such that $E\subseteq\bigcup_{j\in\Bbb N}J_j$ and
$\sum_{j=0}^{\infty}\mu J_j\le\mu E+\bover{1}{2}\epsilon$.   Now take a
suitably large $m$ and express $\bigcup_{j\le m}J_j$ as a disjoint union
of half-open intervals.","misalkan
$\langle J_j\rangle_{j\in\Bbb N}$ suatu barisan interval setengah
terbuka sedemikian sehingga
$E\subseteq\bigcup_{j\in\Bbb N}J_j$ dan
$\sum_{j=0}^{\infty}\mu J_j\le\mu E+\bover{1}{2}\epsilon$. Sekarang
ambil $m$ yang cukup besar dan nyatakan $\bigcup_{j\le m}J_j$ sebagai
gabungan saling lepas interval-interval setengah terbuka.",995cdfa695f959e64f6c68d47b2dde0dde26bbddd5f70341e5fde06f9fe4b50f,171425eebe6e7fede09501da68b4cf5ea7c48f0093ec39e2963ab71f9e551df2,1,"{""basis"":""exact active Hint macro associated with exercise 114Xe"",""kind"":""source-derived-hint-map"",""source_resource_ids"":[""O007-RESOURCE-MT114-SOURCE""]}"
1.1.0,hint,O007-FREMLIN-V1-S114-HINT-114YD-01,O007-FREMLIN-V1-S114,O007-RIGHTS-FREMLIN-DSL,O007-FREMLIN-V1-S114-SEG-114YD,O007-FREMLIN-V1-S114-EXERCISE-114YD,114Yd,114Yd,"consider first the case of
bounded $E$.",tinjau terlebih dahulu kasus $E$ berbatas.,64663c01a2b1fe8fb01122770897438dd5657a86f377f63706c7cfd001d90975,f276d63d958e183a94f3cbfcd33105d2a7804053e7a3eaa34bf16fe71ce76677,1,"{""basis"":""exact active Hint macro associated with exercise 114Yd"",""kind"":""source-derived-hint-map"",""source_resource_ids"":[""O007-RESOURCE-MT114-SOURCE""]}"
1.1.0,hint,O007-FREMLIN-V1-S114-HINT-114YD-02,O007-FREMLIN-V1-S114,O007-RIGHTS-FREMLIN-DSL,O007-FREMLIN-V1-S114-SEG-114YD,O007-FREMLIN-V1-S114-EXERCISE-114YD,114Yd,114Yd,"use (ii) to find $H_2$, and then consider the complement of
$E$.","gunakan (ii) untuk menemukan $H_2$, lalu tinjau komplemen $E$.",a8e0a293a05c79fb7a23876de942b7afea33888adee78bfafc10ad0f03b8f7f5,8fa6141d57e10360d4971c18d5662002774c8d6d2abad3dfaedaa2f0b201d987,2,"{""basis"":""exact active Hint macro associated with exercise 114Yd"",""kind"":""source-derived-hint-map"",""source_resource_ids"":[""O007-RESOURCE-MT114-SOURCE""]}"
1.1.0,hint,O007-FREMLIN-V1-S114-HINT-114YE-01,O007-FREMLIN-V1-S114,O007-RIGHTS-FREMLIN-DSL,O007-FREMLIN-V1-S114-SEG-114YE,O007-FREMLIN-V1-S114-EXERCISE-114YE,114Ye,114Ye,"Use 114Yd to show that for each $n$ there are
measurable sets $F_n$, $H_n$ such that $F_n\subseteq[-n,n]\cap
E\subseteq H_n$ and $H_n\setminus F_n$ is negligible.","Gunakan 114Yd untuk menunjukkan bahwa bagi setiap
$n$ terdapat himpunan-himpunan terukur $F_n$, $H_n$ sedemikian sehingga
$F_n\subseteq[-n,n]\cap E\subseteq H_n$ dan $H_n\setminus F_n$
terabaikan.",56f025318520e26d517f1c5b381a2f174c74e31047dc10f14acebc5c3649fe69,a4432a548a73c009dd16115fc136ce9f2e04c8a3dbf8d5b4512b0533275ec9eb,1,"{""basis"":""exact active Hint macro associated with exercise 114Ye"",""kind"":""source-derived-hint-map"",""source_resource_ids"":[""O007-RESOURCE-MT114-SOURCE""]}"
1.1.0,hint,O007-FREMLIN-V1-S114-HINT-114YG-01,O007-FREMLIN-V1-S114,O007-RIGHTS-FREMLIN-DSL,O007-FREMLIN-V1-S114-SEG-114YG,O007-FREMLIN-V1-S114-EXERCISE-114YG,114Yg,114Yg,"first consider open sets $E$, and
then use 114Yd(i) as extended in 114Yf.","tinjau terlebih dahulu himpunan-himpunan terbuka $E$, kemudian
gunakan 114Yd(i) sebagaimana diperluas dalam 114Yf.",f3aaa21deaa9abfbe5cb0c3f672964bda6d98b48a5bbde8550240a47be1d0b7b,ea0fc73a8b7a491f71f100b68bd5a2a8fcd844855c5daa997acb9ae741e6c0a4,1,"{""basis"":""exact active Hint macro associated with exercise 114Yg"",""kind"":""source-derived-hint-map"",""source_resource_ids"":[""O007-RESOURCE-MT114-SOURCE""]}"
1.1.0,hint,O007-FREMLIN-V1-S114-HINT-114YK-01,O007-FREMLIN-V1-S114,O007-RIGHTS-FREMLIN-DSL,O007-FREMLIN-V1-S114-SEG-114YK,O007-FREMLIN-V1-S114-EXERCISE-114YK,114Yk,114Yk,"estimate the outer measure of
$\bigcup_{n\ge n_0}\bigcup_{|m|\le kn}
[\bover{m}{n}-\bover1{n^3},\bover{m}{n}+\bover1{n^3}]$ for $n_0$,
$k\ge 1$.","taksir ukuran luar dari
$\bigcup_{n\ge n_0}\bigcup_{|m|\le kn}
[\bover{m}{n}-\bover1{n^3},\bover{m}{n}+\bover1{n^3}]$ untuk $n_0$,
$k\ge 1$.",7c5f360484cf3c810cf99f14d4c2f0851e972d883c8e6129c32e64e6b75afd22,12a022234a73997e934bdfa9781e9e4889b04890d980d8941ee6d887e0460f24,1,"{""basis"":""exact active Hint macro associated with exercise 114Yk"",""kind"":""source-derived-hint-map"",""source_resource_ids"":[""O007-RESOURCE-MT114-SOURCE""]}"
1.1.0,hint,O007-FREMLIN-V1-S114-HINT-114YL-01,O007-FREMLIN-V1-S114,O007-RIGHTS-FREMLIN-DSL,O007-FREMLIN-V1-S114-SEG-114YL,O007-FREMLIN-V1-S114-EXERCISE-114YL,114Yl,114Yl,"in 114Xe, show that we can take the
$I_j$ to have rational endpoints.","dalam 114Xe, tunjukkan bahwa kita
dapat mengambil $I_j$ yang titik-titik ujungnya rasional.",fa92366ad09e7d0361ffe53a352d2862a469378449d0c1c19a3ec3b480d78ffd,62f2f9a62763809d492108646d6c60b12139e5597aa915b41244b7e07493eef3,1,"{""basis"":""exact active Hint macro associated with exercise 114Yl"",""kind"":""source-derived-hint-map"",""source_resource_ids"":[""O007-RESOURCE-MT114-SOURCE""]}"
