path	bytes	sha256
00_READ_FIRST_FONDASI_TEORI_UKURAN_JILID_1.pdf	807217	340af91eb1a31cbfaba20f578209b6e3dd0eacd7ea05f6e23183be9e9fee486f
00_control/CANONICAL_USER_INSTRUCTIONS_20260821.md	10476	cf913e8cb4d487f4c6958c079b372ccbb2fb5929dd483068441e80cefd6794f2
00_control/CP0001_MT111_ADMISSION.md	3330	589b5f0d382ad6da579890f37fc71e4ec97847144d9282d906160608382bb24d
00_control/CP0002_MT112_ADMISSION.md	4064	31b1558bc5d8a261c353af04fdada5904bfac0df2f2ca8ccc8c47fbaffd4662f
00_control/CP0003_MT113_ADMISSION.md	4442	640b3b74ad93917c56ca045ea9625720b5c87366c23df56ee87c8f24bf093ff2
00_control/CP0004_MT114_ADMISSION.md	4669	9a4085e79bbe04b369fd9b1485b9aa687b24cbbfd04229df456dd626cb003bb7
00_control/CP0005_MT115_ADMISSION.md	4726	6ecaf7bb49b8230b1956cdd0410bd24478f0cb28a0d3c89630caa076763f7259
00_control/CP0006_MT121_ADMISSION.md	5752	8408bfac3320c89dfce17a1e2446ed2d4bcf54c9b1d808d34b32b82f4e40289f
00_control/CP0007_MT122_ADMISSION.md	5258	252f0c97f97f82e5dbb21c9449a15c263497a880053b599030e4fe7859877cf1
00_control/CP0008_MT123_ADMISSION.md	5660	3f67cc8c6ac9383b1eab3d207171ea87e7ab19fbd45fbd7ea279029695c21ccc
00_control/CP0009_MT131_ADMISSION.md	8798	66809340577f295977c839b4dcd7fb1cd361a05ded1be22f7373a1488b37be53
00_control/CP0010_MT132_ADMISSION.md	5934	46d4a67c1d2b762948d5682c2b532df222fdb16f55d03971726cffaf0c2f480e
00_control/CP0011_MT136_ADMISSION.md	5854	9804715548e8371e492d6e3251c1524321959fd05ac4f3590d30c2cdb4949283
00_control/CP0012_VOLUME1_ADMISSION.md	5959	6c36d58e10de8ccdca0f5e7954d34e67be7a294895adae3dd2afc2f5c3763eab
00_control/CURRENT_CURSOR.md	11461	4ded4b232f3cbb5d04a3572d706ac445d23ac03cd83e17d123e826dac319518c
00_control/CURRENT_GOAL_AND_WORKFLOW.md	4296	d50c22c39baacba344f0722c4faf5116c12f7f1b44a9253d750c3c2a18ee8be8
00_control/CURRENT_STATE.md	35336	b3dcccb3a33e53837017c19d01e2ef2ce5e5c29ad48ca519de0fbb48e83f996d
00_control/DECISION_LOG.md	23440	817377854a3da93c31324f976b4642d472b0604a44205a903d3844787f6ca2a5
00_control/RIGHTS_AND_ATTRIBUTION.md	2406	c17edd12bbace3d2e7eb3bd6b28e0ad1035c9491d3e1e98f17f2a76723341ead
00_control/ROOT_SELECTION_HANDOFF_20260821.md	13633	c889c737b0cbaf1cfef4fe919d50538266313d7899ced78fc9374158cebac951
00_control/SOURCE_AUTHORITY.md	8622	e630802bfb0af9381f1ade10d5fc2573928998dc75eff3745f4a3cd56973aef3
00_control/SOURCE_CORRECTIONS.csv	20991	98f9a6d8dee1b76ca73db40ef822c572dfe986858277cace9fd5f0e97cf5babf
00_control/TERMINOLOGY_DECISIONS.md	5358	f3add336e5d0bc12d21829189c785b9b431a2b4f58b0f09958351d47faed3925
00_control/VOLUME1_CLOSURE_SCOPE.md	5065	8ca6c78f48931636bc1322603a8eb1b61ca1580b3babdb438812729c173e1d4f
00_control/ZENODO_LINEAGE.md	6251	bc3c2a554a9c3495e28a97848b4ed801b5e3c06a7aabfad4ff2db1882cb779a3
ATTRIBUTION.md	936	614b6ed0d8d410e0f5ddd66e0ae277a795be0ca53b3774b2fb233e790bc1b3c3
BUILD_METADATA.json	1216	9f97b9892abd0aed27c04532297b2b13928ae0a7ed32ef558116f6dfb93a06ce
LICENSE	8076	4505ea3ff83882f83f4f5ea2088b51a89f90fa440f6a28c08cb126d7c29e70db
README.md	1739	df54c42814946ed196eb3122d7ca77c31227b62996e416789072b3190f07b90c
THIRD_PARTY_LICENSES/MathJax-3.2.2-Apache-2.0.txt	11358	cfc7749b96f63bd31c3c42b5c471bf756814053e847c10f3eb003417bc523d30
authority/fremlin/BUILD_SUPPORT_MANIFEST.tsv	174	392ab43467f1fd84cea8edb9753f62034518cfa3b78c841f9b586865c85e6ae2
authority/fremlin/SOURCE_MANIFEST.tsv	11879	4aa1c1b17d932f0f2eb7b5373456e1f39451d775f446cb8aa72101b6f57e8490
authority/fremlin/build-support/miniltx.tex	13702	6ba5031ede43168d45d6de2d93cceae93913169c4367d56b81d524a18e42a66a
authority/fremlin/build-support/volwp.2016.aux.txt	8008	402e099d75b28b00c5d721cb1510380ce03320f87d1abcda5b7d1bbb6b3df8bd
authority/fremlin/dsl.txt	8076	4505ea3ff83882f83f4f5ea2088b51a89f90fa440f6a28c08cb126d7c29e70db
authority/fremlin/mt1.2011.tar.gz	421854	1deabdecd72f2a2866eb70c4e2ab89f230083af155414023a0a8b441010a6ff2
authority/fremlin/mt2.2016.tar.gz	897116	77413c3c2f1a97f0e29b538d957d6dce59a23c0c8b8b287d20b023572e105145
authority/fremlin/source/mt1.2011/amsppt.sti	2936	dfac224a6d68b036086eb28777cc6ee94e724816ba1a1b567ab71563ed424728
authority/fremlin/source/mt1.2011/amsppt.sty	49226	36c3ea03501596e7f789a237e415a203791276181e18a5c9c302ad17d0adf339
authority/fremlin/source/mt1.2011/amssym.tex	9155	42b2d8151d310b11c8fb49ae4330bb26574e9fdc354bf490b4881c7e2980c4a9
authority/fremlin/source/mt1.2011/amstex.tex	80207	b26f16ec979790b64cb7ee73bbd47d9c0496cb40f3b267611e228eb4d36c8ae6
authority/fremlin/source/mt1.2011/empty.ps	69	ae9cf43609224fcb1b2cf0f4dc510a30c70e2d81f90ac6d4a3423d50de3aa149
authority/fremlin/source/mt1.2011/fremtex.tex	25849	1aa72e294bfaebc2daf24f1a2bf382aaedd905fbc60d64835abad28fc0ae9ba4
authority/fremlin/source/mt1.2011/mt.tex	22751	fccac08dfbd9427ead0334fcb63767b93927c03c660d6e0cb2abd95fd2901120
authority/fremlin/source/mt1.2011/mt01.tex	3628	ac7473c0f35a20fe4ddfd50036c7c50ee094495c65c5965b593623927835cdd4
authority/fremlin/source/mt1.2011/mt1.tex	7144	c58c27434928c83ab4bd5727dfeeb538d6144dca0bbf1475963ed2bff7baad3b
authority/fremlin/source/mt1.2011/mt10.tex	13705	583e6a9e306d6eb4776df5260d04f8296cf27bb97aa740d8003802c12f5de452
authority/fremlin/source/mt1.2011/mt11.tex	5875	d077c5498e6a5a1136e41b7b8eaf07a7c6b576af2c32abbbd304aec3f7c3f90b
authority/fremlin/source/mt1.2011/mt111.tex	24584	40857003cc5e0d5580e2db104e980e34f11f813cbdb2dc4ad444f34fa01e78a2
authority/fremlin/source/mt1.2011/mt112.tex	22823	3c6037e1fb81449cd9ba0bd3bc9b3eae8b5c807ecc758b1b661e8bc8db53ec5e
authority/fremlin/source/mt1.2011/mt113.tex	16692	34a400f9b01faa39330a22f712d885a272e09134dc4ae3ee4d6dc10d09ffd7b3
authority/fremlin/source/mt1.2011/mt113c1.ps	18252	05008550dc6ec69c1a81a7f49690db636f74a7d676c80597a5a5c7a68cd6b247
authority/fremlin/source/mt1.2011/mt113c2.ps	18011	453bdd8bdf47855be6a9409a350a54509001e86745d9a292d2afeb63a63347f4
authority/fremlin/source/mt1.2011/mt113c3.ps	18011	ed139a714ecb9a7298305d31469202e44b35f63bc015a5c31204acee5ac96439
authority/fremlin/source/mt1.2011/mt113c4.ps	23151	f814fa8153a7419e48edbc0d1ca8c47fef8d2334aa89334d088ff915d4e4ffd4
authority/fremlin/source/mt1.2011/mt114.tex	25717	206488ff5ba2960f4e130d162cca6df7af2935968754d77bc18b53ab084b8f97
authority/fremlin/source/mt1.2011/mt115.tex	27681	2d6714f1b022932a90c38bc05c11f2f3c25d6fd84e5b51050c331fcbd6367739
authority/fremlin/source/mt1.2011/mt12.tex	1603	bf1f5adf81e557f8958b38edd8c59f4170c8686614878c4104814c1d22548e59
authority/fremlin/source/mt1.2011/mt121.tex	43014	f2b93bf474cccafc75cc2bc76dadbc26e5456e620d21f092cf5fae35e6776484
authority/fremlin/source/mt1.2011/mt122.tex	40114	e187da4ddc39d7ed101b8bb6b6ee1af4b1ac6655672f772a3aa5e874feeed701
authority/fremlin/source/mt1.2011/mt123.tex	17868	5a1abb103efce40f702cc375e57c7e76387e78c7def15a64fb627d428900d742
authority/fremlin/source/mt1.2011/mt13.tex	1602	50f00104fa2b1b663a35b152d2946e6b5f307095b07e86fd0cc44c8793fee2d8
authority/fremlin/source/mt1.2011/mt131.tex	11811	94ebff73a9a8820a85e852df30088830cfee57e8cfed0fa8244f915e0b88f105
authority/fremlin/source/mt1.2011/mt132.tex	17074	5bb8e80daa8d659ba21fd24c1c123eb17c3f76ac57d4102438acbb2622659ed6
authority/fremlin/source/mt1.2011/mt133.tex	27949	4fc1253dc7b903afd0b9dc472ecdf90572991337ebccfc7e76fbb88f5bb5cf8a
authority/fremlin/source/mt1.2011/mt133g.ps	67379	2092a1590e45019a836a2ead99e5d2b96770689be9903ca6595d8970d8ceb185
authority/fremlin/source/mt1.2011/mt133ha1.ps	100482	b77ab864a235124b2b32e6c2397d6313fb0105b8e08125d07e1cc3636c8c3aac
authority/fremlin/source/mt1.2011/mt133ha2.ps	22167	73fd36437d1de3977c92e7ea469523cf0708dd4e1354aa397ed657c036ea66da
authority/fremlin/source/mt1.2011/mt134.tex	51010	a7532f33fbac71ab87fdf21b89ef12a74fe8b3f72e25ab31fa48ca03c70bb850
authority/fremlin/source/mt1.2011/mt134g.ps	67421	6a6ac8e091bc61fb16738abebee3e3e9b2e7877f2c995aaf6807fb0adb80390f
authority/fremlin/source/mt1.2011/mt134ha1.ps	100524	64fe45301c8d9446bf75eaebfcd61bf3340174bd74ab06a1856c42488988f37f
authority/fremlin/source/mt1.2011/mt134ha2.ps	22209	857f3c5de44f056a0089056bb2db36953d2ec85750ff1fd96df28bf0856625fe
authority/fremlin/source/mt1.2011/mt135.tex	26129	5b7029f431f3f4ef7a75450c45a48e7beafa8ebf688bc6e0287d58e0a3dcd893
authority/fremlin/source/mt1.2011/mt136.tex	22658	2c0a80f0271c2fac933eeb21cd8dd719f201dbc4fbf859b534dc5f768c05b641
authority/fremlin/source/mt1.2011/mt1a.tex	1102	4ebe7dc511763be44d670bb6cbd1c40eb84f8c895057c756422826ea83bf1f37
authority/fremlin/source/mt1.2011/mt1a1.tex	16731	482bdbe2a55bdc8f9f03c8f6fcade7d743b7b988659b9044d6bec16fa5d32289
authority/fremlin/source/mt1.2011/mt1a2.tex	5978	347e774290e9d396218f6ba1e91620e1e67baf98efc387df43332bd7dae74852
authority/fremlin/source/mt1.2011/mt1a3.tex	8391	8dbfa08eb8553477b1c39a3ea6d1f969550498f352a4ca9afe119bb7887c744c
authority/fremlin/source/mt1.2011/mt1conc.tex	1292	03663ade39a6227e3ed4e628fcff98f5012e1a3238c207413a1d27d0734ff16f
authority/fremlin/source/mt1.2011/mt1r.tex	2278	d59c6d646ebe1be1cdd1f130045c21ff13bd5e3f343901c28d318aefb4f76880
authority/fremlin/source/mt1.2011/mti.tex	473311	f331588e3b9fd97a04754a15bd667b6ec62c73e21946efa8ed7a39083b140070
authority/fremlin/source/mt1.2011/mtlogo.tex	754	ac712722ed1919e322640aa627a105bdf13ba2d30539fa13ae22691428657f42
authority/fremlin/source/mt1.2011/psfig.sty	28879	e7aa32f16c1c558b7ad683b6accc12f86033b2e8563fe35454922f7e2ee27710
authority/fremlin/source/mt1.2011/tflogo2.ps	9832	b24a710ea2f370b02a9f32ac270879acfa3401c0a56cb5a4f667d4fc8cd875f6
authority/fremlin/source/mt1.2011/vol1.tex	725	85598fd3e8c28b8df7cae56d3070ccb3ebbd2cfabb8b64b67beff79ab5a90388
authority/fremlin/source/mt1.2011/volwp.aux	5691	b4a2d9dc3b11ba7a84a0755baecd92f613659f200b2baf36b15a1bbf2451564b
backend/catalog-v1.6/MANIFEST.tsv	1090	038989c09845564ca4d7ad1773d85dc195ab2c12ff91ea415846a7a850afd881
backend/catalog-v1.6/corpus.csv	871	1574f7ef65587331ccb899ec092bc2bb6badfc3ee9580ee278c0379a832ab2d3
backend/catalog-v1.6/corpus.jsonl	885	c12a35596c0ce0ebaeea7ef856a55083916bf4957ff221144942a2edd76003d5
backend/catalog-v1.6/resources.csv	29575	fc495d197653557acb3f1ef8d93580feb1271fd7fc5925e6aa76c16b6d735821
backend/catalog-v1.6/resources.jsonl	37122	919b62ef25f2203debd054d4dda4e3583a4a77e15c74d79100730398ef9f0c19
backend/catalog-v1.6/rights.csv	1203	8c77d477dc2e851e944b5a4b2d2a80a598a15e26920d8c122ddfe61920e98ecd
backend/catalog-v1.6/rights.jsonl	1217	72e4f658a6b438ec43add6544b52f11e453ac2f5fa5161d0a6c351859ee3ca45
backend/catalog-v1.6/units.csv	14220	38f89727be96350d49c74b67a308f862e3643d7f5a7fdde18171100a9e0636d8
backend/catalog-v1.6/units.jsonl	19518	5d54f3d4c7cb09c08565a208f27b07dbb049b0fdb29b5e22b4b479e36c86fb59
backend/catalog-v1.6/volumes.csv	1424	ea78bd18038c8510e453f227ffb90bc49bb88560536b824b966e55072831c4fd
backend/catalog-v1.6/volumes.jsonl	1674	d704e02f72dd413fbdb7565340c6208e76f961051bfdd55ecc911df4474eab11
backend/catalog-v1.7/MANIFEST.tsv	1092	af296e36d42c6178c6b45f6da60c01cc39591f4ce1e7beeca4dd0cb622b3362d
backend/catalog-v1.7/corpus.csv	871	1574f7ef65587331ccb899ec092bc2bb6badfc3ee9580ee278c0379a832ab2d3
backend/catalog-v1.7/corpus.jsonl	885	c12a35596c0ce0ebaeea7ef856a55083916bf4957ff221144942a2edd76003d5
backend/catalog-v1.7/resources.csv	49148	8ca8a70bad2f61d3ba0c367b8a87ee67a009ac65d3e85edb2525c45536d1989b
backend/catalog-v1.7/resources.jsonl	61931	bcb3e852224510606a4f6e79d27dbc214c49666409d2c566e423e993a2a174e0
backend/catalog-v1.7/rights.csv	1203	8c77d477dc2e851e944b5a4b2d2a80a598a15e26920d8c122ddfe61920e98ecd
backend/catalog-v1.7/rights.jsonl	1217	72e4f658a6b438ec43add6544b52f11e453ac2f5fa5161d0a6c351859ee3ca45
backend/catalog-v1.7/units.csv	22721	b934a500eb6d9ad4ce9032ef3a03a10c8e5f251842063f5f2e3c364668d6c750
backend/catalog-v1.7/units.jsonl	32914	74eec5df5a6bc826fec20cd3e0947eeab13a7a81abcf7426755a5c93842408d5
backend/catalog-v1.7/volumes.csv	2053	708b40f9ce31183a9cb94faf0a98451f5c5cb63b218d936c873422406d1fa08e
backend/catalog-v1.7/volumes.jsonl	2267	ee583abad52f1edb0e6e42fa1673dc9a331e11292a25728300ff664f41ee5ab3
backend/corpus.csv	619	92e7f8588b2649d86d23d317795b222e6ca70ce10e5afd6619142b7388601bed
backend/corpus.jsonl	885	4b10b5f463086e64ce4f799b427fbb5fb9e602c4c8814cc6746bffc8399536b5
backend/generate_chapter13.py	64328	7eef89ec45d562a6971f32e1be37f5cb163fb009718d3cd34e0143fe0cc4cb54
backend/generate_mt111.py	43241	a1cb3ea4ff5280c3db874e50376ef6e0f407c2ac7545d7862e873c9cb5ddcc36
backend/generate_mt112.py	53133	9682d8736ea6aa06c2d5acc52391a3aad1a49378a5022c75341fa6ea736562ac
backend/generate_mt113.py	50445	e0f166a04cf7723f080270f6356aa4fc58b17a3e12ad095a52d1593e3df48d3e
backend/generate_mt114.py	45442	7b28f65606369832bd4d93c67179e8d90cb52c9272dd2622c287651014cba86d
backend/generate_mt115.py	60508	2240a87a688d128c3045215b6b7c842b52cfa6cf6f5d1932d43d13de6d4fa742
backend/generate_mt121.py	77125	d91c63c46bfea8d7e5a4f3169e5bb2389473ca2d57993d81dab2bd8b11d4b16a
backend/generate_mt122.py	124769	a8c5cef970830c3bf0d7f924daa5c4a7375515137022a95807416168b06d5df2
backend/generate_mt123.py	73846	d9ce0869d14b0c8100795d4fc27039f27feed9eb7fe755d8f82fe08d92586bcb
backend/generate_mt131.py	78797	dd1d66e81182ddede6f199f6e54616f458991c412e7538276f3ffb8698f3b08e
backend/generate_mt132.py	38005	40f376bee30a70c7fe02122a4161ea391d5ff15a285d5caf9602c6df537a85b1
backend/generate_volume1_closure.py	56455	6bb51561f471c69b21186e897e904507c5287e38b2ad6ef6d115e5e679966b9f
backend/index/mti-volume1-active-baseline.tex	36006	4977891d33b867f019e0f2acb3504c51dd00c736f88a13a5f6320d3206840e21
backend/index/mti-volume1-active-clean.tex	35985	d0b6815e17621b21a52388840359c0a56ae3a9dc2662122bafef984cfcbd0b4a
backend/index/mti-volume1-projection.jsonl	563847	1d6dd13a5fbab7646ac7a18596610f8ea46c7524d674928d385921fa3d7d1f3b
backend/index/mti-volume1-source-ast.jsonl	24392373	3a7a483d050ca2bda61d6ab0da8f9707f6eb3b8ebc389f2c8ec400382303efd1
backend/index/mti-volume1-translations-id.jsonl	1155992	0dab35df4b544ef93df2d06a0ea4d0e6e5abbe4182400cc00df2ab0f26856f3a
backend/mt111/MANIFEST.tsv	2915	048376684666d61d40fe00d055a208f20e4364601fa7bf2f305d1d68087736ea
backend/mt111/artifacts.csv	1129	57c788a278a52f6ebc11c5efc795551d42910577f0748ff37ac5c005c81318a4
backend/mt111/artifacts.jsonl	1304	749e157e7ac4e57abdb1bc5644c4664df9a1d4da5929b22590cf359d178ff7dd
backend/mt111/definitions.csv	11067	845fd4f0f7fffce0dbc9e987621cb3198b090d1d8584af8d654fc6d3eaf0bc30
backend/mt111/definitions.jsonl	12873	42b15992d3e8faa7da98a99e56228c099d77af62ddc4dc46c93cb7a7cefeb160
backend/mt111/events.csv	960	aa530c6c43f9691a88b8cb077bd191e0722298d9b22e272b8a0f3a73e87a9799
backend/mt111/events.jsonl	948	b69c9878dbfbcb070cdde0eaa29b206f36b459e0a67f242671e2e3728f25e0ee
backend/mt111/exercises.csv	13848	618ab12338b09b3c744adc897f8dc31174a7052f34d48c27a205f9d3f0590931
backend/mt111/exercises.jsonl	17013	39c15c1340db84d5a9cb5c8ca2cf241736bf48e211c8dbe0fe7e738ed6c50551
backend/mt111/formulas.csv	259815	a2cd749ff6065f19a98893efa105bc29939e769036a72b8e6d3d858f894f2c66
backend/mt111/formulas.jsonl	426235	417cbd14ba4723c5dc6dd04ecf01123e3f5864f5d97a32042cb7a36fe4921b58
backend/mt111/hints.csv	2573	255431898c234c4967d5b620a2da162651a4f4ca4a46a66382adc4b4190ce7b3
backend/mt111/hints.jsonl	3116	9754d9e974898c6f1d0be6f92047346f5578d5ce298fe98905d327824648515e
backend/mt111/proofs.csv	13639	c1c9645c8846b1eed681a0fbbf88bfcba1d10a11780b6077d934b6e5a64ae29c
backend/mt111/proofs.jsonl	17029	fc3f72dec68db4ba0918d402f001496bd2f565c0f9af9797a8c820aa703e5cf3
backend/mt111/relations.csv	14206	84c355cae264784cef613eb9a5aa8258793e070de3bab3350584c5c928713a9a
backend/mt111/relations.jsonl	19616	53311cc1ee61329814fea64479992b15cfd1ffe4fe65a553915f4a714848ae63
backend/mt111/results.csv	27050	9d068f053e3ad56301b7f684d68c226db99a993fef69aa0ed6561cc80e22349e
backend/mt111/results.jsonl	31083	9691c72d3f77654812bb3fead74ca2ae053f56346012970e28b18ca8cd35106d
backend/mt111/segments.csv	25743	56d34d630c83d19d1cabfb69fcdae39e79ff12d45fee1c50b24a5d01b654fff0
backend/mt111/segments.jsonl	43883	2c311f4bfb975ff3c040cfa4c8848e92f9b226322bfb40e8a2f5c68c7f304d0e
backend/mt111/terms.csv	4473	735effbeb53908ea6cf79f4d2ce062e5a5d20d7f8b35e5dbaef78ba3d2763c83
backend/mt111/terms.jsonl	5989	f6a5fc641df133bde4c77105be981746ca8a62c16f628bffa2882ded03a8265f
backend/mt111/xrefs.csv	12034	b2a765d86174a7edd767b3f214ed516043a73ae39c210a697293266633c54247
backend/mt111/xrefs.jsonl	16611	8bc9aa109bd3028aa9c1d626d946c270d4b48b9b833698a1185f9d486d9a72cc
backend/mt112/MANIFEST.tsv	4521	16345dc507c2e22c183595d2153b47d2edc35b9e2ce0299fcbdf3e5d1aa5fe8a
backend/mt112/artifacts.csv	1735	45bde3722b2dd294ce6ea4e81661cb28e128e7121d968749eb26a17a020e63ea
backend/mt112/artifacts.jsonl	2051	538c00e6a5d1a4cca939ef68f18ac24b7373e0ba1f0c493537f851f63d8ba7c0
backend/mt112/corrections.csv	2344	0d7aad11136d1666dfbdc948b714acdf8b9a4e1e21749f056d5dbd86cbde1c6a
backend/mt112/corrections.jsonl	2853	f2ce1d99f39b4eef9ac2ec66f45fc1a34b336d87983e90c41ae35fc01786dca4
backend/mt112/definitions.csv	37069	021ae1c351f4ee25b26d98dd79500e5437625f32e5262d4cb51404ccc0188daa
backend/mt112/definitions.jsonl	42467	16c791be6c6178a6d35361b40eb26874fdff2c8c0de0841e2e3a85f1629326fa
backend/mt112/events.csv	1127	9ab2d338ea804f09cf5b73fac949c3073eddec624070a30f285f2bc3020f39e4
backend/mt112/events.jsonl	1103	44db8f27a1fcb1c8fdba534adcedd4e048ead35bd38f7b10f46b97ee90ba2cfc
backend/mt112/exercises.csv	20654	3bd32fa921229795124982315ca493b8858f6e14fbaf23ec83477605d669bdb1
backend/mt112/exercises.jsonl	24686	1dffb9a7fef60a159e71263825062228b9e8c65128f00fba97bdf6d66f4c07d7
backend/mt112/formulas.csv	297602	ad676ef81f1d446b7d466ca94d54ef66752346adff32e39751d690e74c4eb268
backend/mt112/formulas.jsonl	483068	5f09ffdaa862e0dd07bd1c01704a384d75de7037588437950977cc1a5b8e421d
backend/mt112/hints.csv	788	d2721acd90517a60b0ab3b83834614fa93617fd81b83f7e05acecf327aed2299
backend/mt112/hints.jsonl	835	462bc1c60c550eefd8355d6301711dbaf2d86b60eb546f770375cb12fc86015e
backend/mt112/proofs.csv	10392	3da280989ed769a923b4b51e8aac3e0bf2734a8a4598e8427de97d00a0df27d6
backend/mt112/proofs.jsonl	12698	0ff5c065066ab9da5d59c77b4bcf6538bde36405e669c3b981aff10f2e41e9f8
backend/mt112/relations.csv	15516	fd485c2ec295a5e23d6e98116f5b360f80b332d4509f664200230003828ecdfd
backend/mt112/relations.jsonl	21366	2b9b2e63ca237f0882dd88fc19c5e19281c61517e3b19b3a843d07160d4dc0dc
backend/mt112/results.csv	8846	91ac3d16abb2c30bd0a3133d4f41480093c5b69274eb1166f9d58c686c0bc35a
backend/mt112/results.jsonl	10965	48bbf58d8336e32a8c8f21a6ce64b220ac8f8a8f5e99ff36b2e58094f2a2b838
backend/mt112/segments.csv	23971	8e6226cad1697a8c2c2a1d7d0f71a84fa717145242ab66b832c7a7ed4f701598
backend/mt112/segments.jsonl	40112	7953c99474b3134a507f1e45edde2f7337cb9f2428203678f821535bb337ce1a
backend/mt112/terms.csv	10754	781d368e332cd86d5f1a1a78a3c7cc255679abf15f443f1429994609213d21ff
backend/mt112/terms.jsonl	14210	d66195b74640e2c0f39ff0a00a14fc19ace84ffece024b14e80ebefdb9ace3b7
backend/mt112/xrefs.csv	9256	08888ca4a9dc71e742d441f5186fc973eff21ec94212d01c86b2cb67766c0ad0
backend/mt112/xrefs.jsonl	12815	87de77efb75bc06aae1112f39587c5458f62beb256a970aac17441dc7f7003bb
backend/mt113/MANIFEST.tsv	4871	eacce18d3dfc81094c4c8021cdcfefd84627dc1038e6de9f04794ad015fa712e
backend/mt113/artifacts.csv	1184	6299173c27387467c57e1adbdfcb81c54c5ad38a60c56db9e288938d8b87d784
backend/mt113/artifacts.jsonl	1359	51dbcd9490f57c63ea4476c36d4f35bc4f0bdc3bff7765f65338754814ce4b90
backend/mt113/assets.csv	3257	2671a759efe464d7db7a3c56346ca303e31a065f0dd21c6fd11a488582b96b67
backend/mt113/assets.jsonl	4172	be26c5e7831fd79bdf80f291ca51847805bb4da02b46762429949663e7220d7c
backend/mt113/definitions.csv	5425	12d92795eb8e5016ffd54057ca7e36be993115f863a275bcfb749f30ec22c765
backend/mt113/definitions.jsonl	6259	5c6c3a64f785db0f2493ecfabead682389c94b355ed57947a57de5a2169e7984
backend/mt113/events.csv	1515	15fbba0752020e6a4ccddbcecabbeabb24fd66a20eab05df7def8a638d3bf1fb
backend/mt113/events.jsonl	1475	2e7c02285792f38365d5cf1f52705b85b15597ef4137eecd53aa76a3f47cbeee
backend/mt113/exercises.csv	26396	9a5bcf87e7cb59f3b152d2a58f80baf6c5ee8616dc8b958a7339f73bd463eece
backend/mt113/exercises.jsonl	32093	694ef22a28c47f74b508d5e7b695493612daf4fc53865867e74a1400dedffcd3
backend/mt113/formulas.csv	246712	4a595384c2c3c08c7c07da1cca66b856ed0b2518738a3711d22447342e1f2dce
backend/mt113/formulas.jsonl	383130	a7d475b53a96ffa5118f2bfb1bd3fee3141dced19af04955375038f7f4f5715d
backend/mt113/hints.csv	1507	a68ff1dbda20a61e408fb1c55e486adc71ade9a2f1b4a6593c46fef9c06d0047
backend/mt113/hints.jsonl	1804	461da109f199e0cd201f66da33df0a4a205bb1f1396ab06b546666ea1f597397
backend/mt113/proofs.csv	13522	a542be9ca99c845d047c4ee9bfa4039b1e3edf048f76e1a3c564aeb32ba04a80
backend/mt113/proofs.jsonl	15730	9c2105965a7cc8642a9f7348572233285270beef8106ec8017523ba8d27cf6f8
backend/mt113/relations.csv	17550	57099f674e2da3c1664d01679906ef9d31793a15dc0a372bfaa07d8a3ef09bf4
backend/mt113/relations.jsonl	23699	057f9cb82f0736c4f6e131021a8aaf10ac52c51dec20413d2c86990314e996aa
backend/mt113/results.csv	1597	4a908f52919cba28ba3f3a851a8a824bbc65a168de0e7a2939f57eb6ea25d5e5
backend/mt113/results.jsonl	1715	9f81a9dad28e507657a2449f91a61a0b7cbe02390c1914f2d4c3c1c60a54bfea
backend/mt113/segments.csv	21854	dc4c7fd31fd681c0f64cee7a76cd7e786380208e93cf461a4a21c8a3fae6edb3
backend/mt113/segments.jsonl	36670	2b54cd4d31abc6bdccbcc2ffd47962b684dee23ec566f582def32684bccd6fd9
backend/mt113/terms.csv	4730	3c6f2256554e1c69c8d42e72b527e3f2437dfe576cbaba03affad514bc63b199
backend/mt113/terms.jsonl	6390	765fe05dc9b206526b132e73ba5d73ce0c180c424f497693e054efd5370a4cd3
backend/mt113/xrefs.csv	12366	bf85f94bb55ea78acd799e9812c0718cdfda05e049638dba6384a84113bbb1d9
backend/mt113/xrefs.jsonl	17428	d4028d682af057e4310dd79c7901484b2fd622fc86f249c316456ad31fe84466
backend/mt114/MANIFEST.tsv	4401	b5226682619499ebc5342ec045ebd6f3f3074a5917573c87a5c46979d0739c06
backend/mt114/artifacts.csv	1184	5527fedc9f1d446b8baae4a1d4756f0d5cdceb698a70af6203030285a23662ef
backend/mt114/artifacts.jsonl	1359	1153dab4f363e456e8e75211cd74f2d2b35aff023b8008aa4520e74b14b84eb6
backend/mt114/assets.csv	1	01ba4719c80b6fe911b091a7c05124b64eeece964e09c058ef8f9805daca546b
backend/mt114/assets.jsonl	0	e3b0c44298fc1c149afbf4c8996fb92427ae41e4649b934ca495991b7852b855
backend/mt114/definitions.csv	10201	646a9cbfaa63b624230d180c7c0701946d6a719069f213ed394d8e2cbb5a694b
backend/mt114/definitions.jsonl	11868	77649e7d502246474468c1a701afa9f378cbb403fdd1b643ae7972e4586bdca2
backend/mt114/events.csv	1670	ac9962e54399bc58eb799126651e4019c854a25e3fde9c456660ca0e4098ec8d
backend/mt114/events.jsonl	1630	52f17595d2cca8efda2bdf2ed2e34ad90e87b93e97765975cf6c035fabe20701
backend/mt114/exercises.csv	23943	e191e69c83f8b5d6bc6ff56e077b6f00af29a29ccd4bb591970b056317325674
backend/mt114/exercises.jsonl	29432	e34c26fabe577f37f41e094cb12423a5902636b1cc2c7db62248d32e5b625328
backend/mt114/formulas.csv	265127	7af425a5db98032d0d0165c0314723a200d0c217fda6e7be1a6ee7cc020d3dab
backend/mt114/formulas.jsonl	434808	eaeb2509e1bb98f9913a7f73fda4ff331f1aae158b5840f5beaa8961d2cd2e95
backend/mt114/hints.csv	6071	d01d0c5b44aac4029a21d9fcac8399a4c6d5cdb4bec54920b827dff6f978f89b
backend/mt114/hints.jsonl	7843	85c81b453d97ed734f536ad79a414acf3f6ac6b749d157fa715879df0e2ee2fa
backend/mt114/proofs.csv	28534	3aa55bb8766f6eba541a526e68b2b733dbba0002e0982d6e7f26745a58d660b5
backend/mt114/proofs.jsonl	34484	bd633c38c38303835b8db119c9a52abd1a28ec7e0a40da23681ece889267308a
backend/mt114/relations.csv	22374	b101d36888b587c2ef7da475eddf7790158a05df4c4420b6a478525c5fd77438
backend/mt114/relations.jsonl	30527	c6b28c763fd60d2c55f96ace88140b2c3926df2bb7ad8815b5e914003c7473cf
backend/mt114/results.csv	5900	19101ae0f4573ef18d4c4bd21e44c43b6a4d7b839a69eb4a6372f663743fbb66
backend/mt114/results.jsonl	7104	110d2bdb3022924c3549906a38b60fb43eefd77d79dd534fb742c3cd5532e38e
backend/mt114/segments.csv	27859	49991081f11802b4051c57382427f550f2b6f9f274c63d532f01171112680c5b
backend/mt114/segments.jsonl	47174	78b818825ed811ebed98f9403b02139d328637dbd970112eeac17fdac5a123ca
backend/mt114/terms.csv	5175	f60818fb0e94be1375c588c4c887b396f1bde557aa76129c8906ddbafd7039e8
backend/mt114/terms.jsonl	6941	77ca53a1d70c64432cb8384965c56ccbc50eed197c80cbf2fdff5fb0970b6ebb
backend/mt114/xrefs.csv	26216	cbf460a2968073d7197526a571d9b50e868eb8bc659ae49397b32cc58da75b3b
backend/mt114/xrefs.jsonl	37270	152a6952414184d9eff777788a055b1910dafdf39e092b7979e88181ab4eb659
backend/mt115/MANIFEST.tsv	4925	b9016ae1625e6a69e219be19e2df8971c99f230bf3fbc1da68459d172e724d06
backend/mt115/artifacts.csv	1341	3ae3537176fd5f4e0e61cc425164dded911cc3da3bbaad47baca76c1bc8e5031
backend/mt115/artifacts.jsonl	1512	10d3b0a41e604a05359b2ccff5cd0cfd9aeab543533fba5583ffd39203a7b1a2
backend/mt115/assets.csv	1	01ba4719c80b6fe911b091a7c05124b64eeece964e09c058ef8f9805daca546b
backend/mt115/assets.jsonl	0	e3b0c44298fc1c149afbf4c8996fb92427ae41e4649b934ca495991b7852b855
backend/mt115/corrections.csv	3474	f55750c3c6f74ea8a1e593000f28b3d1e6bf2cef943f62fac54786f090d9efe8
backend/mt115/corrections.jsonl	4183	4278a4e406eb648a27bb1466b0ac1cdd916949c5bd103f5254975790aa7df7ef
backend/mt115/definitions.csv	12966	32c5a06e7faaaba15fab6a101320aac633352a5ea66e16bcd1a823336f032fff
backend/mt115/definitions.jsonl	15089	d884d9cfe0366877b08026a8e612b32f01e29942a332cf25f4cec03d2678cba1
backend/mt115/events.csv	1721	bfbd1bc9f6ef81bb368521949a2efc7a9a73d7cd12274b796fa28e382a11e9fb
backend/mt115/events.jsonl	1675	9a9fb761003caf6ab51e6fe5c33172a3d4422f522da51dccaa8fbf9dd3b8a2e1
backend/mt115/exercises.csv	14364	cb95e768025f2f8d4fce68bba6d2af6d75d8d3b5f721e4087900ccb83ab3464a
backend/mt115/exercises.jsonl	17212	0ee956b6fee07c3bf918ec4c1ef69c118aff4874524b0fce7596c0011a169661
backend/mt115/formulas.csv	291167	03fa537b4bc0d8fa6c2fd69e0a623a7aad09c92815c5f67606ae247f282738db
backend/mt115/formulas.jsonl	456557	d57f276f9a6a4d5726572d0c73b941fa8e3f1f48bc8060dc12612ac2d328e089
backend/mt115/hints.csv	6165	4a7dc012571334732fb047020221df6da5370e723337b91247500efd746612b5
backend/mt115/hints.jsonl	7971	42be97f8aa5762d050b2069eae82ba0e0181e22aae05d542a03900d2ff89aba5
backend/mt115/proofs.csv	34229	888699a109242ae305ba3cf50a5e8bde9693a5b28c51e1622ce6ac0d162827cb
backend/mt115/proofs.jsonl	40859	00da6a42b40e4e885a40b220962d07086a6f447b04611ebcfe91e1f429a32cbd
backend/mt115/relations.csv	20068	913431155be7847cec168e35c8ea2fd11060b301cbd7b22b25d561ece233acee
backend/mt115/relations.jsonl	27350	6758e628dae56e8b3291ab39b375ab92a9e86bed9f4cd9d87347329b695ed00e
backend/mt115/results.csv	5702	3c70817ed7e86af3c2c263dddc33fbf97628903f70b8606134907c3634b0d77c
backend/mt115/results.jsonl	6916	4ad0c36c4fb44cfa615332a5f20942e607d1e30707fe0a0053b19afc3c5bdcfa
backend/mt115/segments.csv	23924	a1c7287596b14398a6eea27da296c3db031081a552da6a03cb65db4b508a95dc
backend/mt115/segments.jsonl	40253	7cd4aa002fea6ad78da0509f84b66fb6b7054c4ea358f36ab8544a255897c251
backend/mt115/terms.csv	7830	36a6c8e553e718bbf9eb9cfa91214ad32215a85bcaa9c6c351ea811743f1fd35
backend/mt115/terms.jsonl	10064	40add1e457e65909d9cff69994483aa2251d6a04ad40477e2b048e7ecc2bc65d
backend/mt115/xrefs.csv	31464	e99f010fd4edfd9c337e58b1e3627001d303895a402983c1c7c7ee18a3417260
backend/mt115/xrefs.jsonl	44239	9d1ade2cd9cc47cfeb554884294200b504fb2251a91ad0717889da28e3a605ca
backend/mt121/MANIFEST.tsv	5023	e38f52c97c2600d8e6498f63a256a25035e3824649136d01e1fa51aee880a6ff
backend/mt121/artifacts.csv	1382	9b85755a15caabe2d6fca1220896ac99e9580660b3b0792043d183da445515fe
backend/mt121/artifacts.jsonl	1551	176903fe165eaf35eaa7f7e368eb8287d8f0f725591253f2cffa374dfb0677ec
backend/mt121/assets.csv	1	01ba4719c80b6fe911b091a7c05124b64eeece964e09c058ef8f9805daca546b
backend/mt121/assets.jsonl	0	e3b0c44298fc1c149afbf4c8996fb92427ae41e4649b934ca495991b7852b855
backend/mt121/corrections.csv	5025	5fb901d2be4a7630539beabe2e9f2f4be002d2e2b6dfdc241b21a052fdd32a8a
backend/mt121/corrections.jsonl	6106	ff0dc8e7cb0a0efa613261cac56336c6fb6d0045dd76111805445a6a5bbaff2b
backend/mt121/definitions.csv	49427	c54cc944dba3440a9f5fa7fbb455ec05224fe1ce12902b8448dfc301552b4ed3
backend/mt121/definitions.jsonl	57416	3f5c68429aa7d5436d907f5e6fdcf46bfcc6e67232a21f6b8c1748dff2be16b9
backend/mt121/events.csv	1789	11e04b20d1e7e05ae53c0a70fcf69ff9c307e71d3676969bf28bcacbf7534611
backend/mt121/events.jsonl	1741	1d8ab7d570e60108c9f478ee0d935fc36269e099eaf2b6781ac4799d20cd041f
backend/mt121/exercises.csv	21190	b2df48fcd442db48f035e5143cde5046e99a338bf00281f8916efaba187e4a57
backend/mt121/exercises.jsonl	24894	761110476e043564833d7607cb3b77d1653e4259586855a436856b490b590ddc
backend/mt121/formulas.csv	635714	7b23cf1fec8500427e6ab52c4dca7884c6a49a99efe9aaf8658d5cccecfea0ba
backend/mt121/formulas.jsonl	1005216	46ee5fbb3c59ed9564493cb49c73b9bc8fb0ec406a413ab273ac67efa9b93e2a
backend/mt121/hints.csv	2552	84553dd71a9e0e944b251c5663d9ab8d5120492f10471af79fe1767609cb9d35
backend/mt121/hints.jsonl	2998	b350d17bfe1239410541b4431596326fc0a5d0b123bba3008251e62a6199a9c0
backend/mt121/proofs.csv	57753	c3ee815b07b0e58834d4cca4a1224c1d1a59c3c9aa7e8c000fc4c8d43706520a
backend/mt121/proofs.jsonl	71669	0e38fc47e36cceec83056aad85ec6ed7b800882fd150ffe2c86f9ae6a4e37bb5
backend/mt121/relations.csv	42684	cea38edd28aee71d92888d86b55cb74e6b311eef577879a28b6db89f39a7797e
backend/mt121/relations.jsonl	58048	21694bfd8ebc1c38fc298a5c83fd38681dfebbb996af711f8d5de6b93a1bf701
backend/mt121/results.csv	24496	55e5dd6bdf765f802eb38758961d83798dac6086fea247d0a04558d86e55cd11
backend/mt121/results.jsonl	30777	5147ed0c00a07bf01f18419f0c63dfcf1f3aadd1a478016bf11d79e2ac025b86
backend/mt121/segments.csv	36341	f56613807b0f3eafd97408cf4dff1ae319044580d61278339a2aa3921736a034
backend/mt121/segments.jsonl	60907	dd4846b0f41b7990c63c70df32bdc8e00cbf066fc31e8a7531deb2cf37c46545
backend/mt121/terms.csv	11618	b021bff5996424a74e906ebf9d47c749eecfef4f2b2700312d0211422042406d
backend/mt121/terms.jsonl	14948	93b95462a1a807594467fb2f33fdf65603b73966eccc88f7698d3656794cc9f2
backend/mt121/xrefs.csv	42995	83261437bd88d03111c7db3bad3d6362b8459bf56ff11bb0f127405de8ce279a
backend/mt121/xrefs.jsonl	59491	a9b5b7767149430a6a172b38b312775c9e88d63d28de797c53624fdf9d0db384
backend/mt122/MANIFEST.tsv	5116	ffaee759e5096d5f7eb898de0f9fce3de93c4abfb49664e96c2902fb661d5da6
backend/mt122/artifacts.csv	1395	6e27636142175bc783e4f8a84297c7c890fe30262b4eccfcac00c7958deba2bd
backend/mt122/artifacts.jsonl	1562	6e430c8c70a0ef2ad92882e3814f4e15f2f1e2dd5ed7f508cdd0fe1aad8179ee
backend/mt122/assets.csv	1	01ba4719c80b6fe911b091a7c05124b64eeece964e09c058ef8f9805daca546b
backend/mt122/assets.jsonl	0	e3b0c44298fc1c149afbf4c8996fb92427ae41e4649b934ca495991b7852b855
backend/mt122/corrections.csv	3591	be0ea46b3ea97fbbbbd7e813f54e730e702ba74de053a4de4d30af78005935e5
backend/mt122/corrections.jsonl	4290	82f02e23f55ed2412db3f7939bdcfecc57eaac78c86e7e17193b113a65e5f975
backend/mt122/definitions.csv	6845	ca9db2c1b2538407a8ed79b39dd0fe53a0c86b6933f0d371bb83249de7351987
backend/mt122/definitions.jsonl	8076	6e27dc915ede008af7852dacc7cc7c8b4d8e89c07279423808c3c65308eae736
backend/mt122/events.csv	1738	282905af80e4b2042fcd25e6d43179c1f67902dccbbc722af0cd3ce90ba784b5
backend/mt122/events.jsonl	1692	447e9b209236ea7567600727cdd34df52c468efd001afc0deb88b8eeaab1cd30
backend/mt122/exercises.csv	30176	aca4310973f65dadc4d0b1c4c166e78b965ae9cb4722d3ec442d7154ccc38497
backend/mt122/exercises.jsonl	35841	2c3158cebfb45edeaa1ac288774ffd8a350bb96fb3299a844371bee4ee15f2bf
backend/mt122/formulas.csv	496205	9dec4360390466fec39a0aae3a514bd7715a42a4ec00871906e6ac4af07227ed
backend/mt122/formulas.jsonl	819975	f290869acc4a026efac738e80255f7784d75858be3776f43c5c758b48440cd32
backend/mt122/hints.csv	4695	1b76d07dcc503924e1a51f35c2c38a16c0aec9888ccb875015027f9962eea3c2
backend/mt122/hints.jsonl	5970	fbb0a2ace56a5528a5f8e22af3406d78ce4202cead6949564b0e4fefc497a6ae
backend/mt122/proofs.csv	31561	5fcda7647810c1b13634fd02e09711380489856c6330324fdfb70e2ae9dd475e
backend/mt122/proofs.jsonl	36407	0b1b9a29db7b8f93e5ecbaefb027fc259c1af2e881f875d347783afe09ab2072
backend/mt122/relations.csv	23087	d1a44e3ee3451012eeba891171bdd96202dae8527024470062750de1564662e8
backend/mt122/relations.jsonl	32017	624ec7146721dc6cee5ffa2c82c9922b6ee530620f21829ec7c2b1c9dea6e95a
backend/mt122/results.csv	17075	061e2028ca8dbccca7ed7f58fddeef851b55764ac31ee6f1598727c6697a0297
backend/mt122/results.jsonl	20217	74265d59f1a64a7f893707f465ef6c132b86a5f124b2c4532d3e31cd3e4704f6
backend/mt122/segments.csv	44359	e5a6e16da2fa47dfd3602fc3b0cbfc6e6903705bd84a4eb83add2207e333ab00
backend/mt122/segments.jsonl	75592	b74e06de90bd8d4df10f9a6efb39f3208f143b71c6a189701ab853fefff3cc42
backend/mt122/terms.csv	4560	76d65f18fa1e20da1b00d37e2484006fbf4a3a6e0f920f5cb29e8b316896f2d7
backend/mt122/terms.jsonl	5826	297967c587bb18b29ac68bac724f1c91b116d9bea0d9784b2489a5db56d1fcac
backend/mt122/xrefs.csv	66635	f9876a8174627f31ec5d854ab325d83d704d56c5839c7378738aa4bc968fff9c
backend/mt122/xrefs.jsonl	94402	1430ae2b0971c299307a84a23a5dea3fa7586bb6382d49ca15ec22a87cde6e98
backend/mt123/MANIFEST.tsv	5517	f7e4e86fddb00805d3123636eedee81d9a1a8def84b7ba80ff2653e54e601963
backend/mt123/artifacts.csv	1404	66775158447dba752f2f27bb164b5e7dbcad207130b1e068d54f57c753c54ade
backend/mt123/artifacts.jsonl	1569	bb8637c9f3463872715dc73772f165e9294d4e27b98dd038a0b66c7064ca5a37
backend/mt123/assets.csv	1	01ba4719c80b6fe911b091a7c05124b64eeece964e09c058ef8f9805daca546b
backend/mt123/assets.jsonl	0	e3b0c44298fc1c149afbf4c8996fb92427ae41e4649b934ca495991b7852b855
backend/mt123/corrections.csv	1353	ccd187e31c4890640321bbf7dd0d6c961f114015a948c02071f79512be4bf512
backend/mt123/corrections.jsonl	1414	d56b5220a55797da9b1e2aba60492b10a389495553d28ec1b977654f1086aecd
backend/mt123/definitions.csv	1	01ba4719c80b6fe911b091a7c05124b64eeece964e09c058ef8f9805daca546b
backend/mt123/definitions.jsonl	0	e3b0c44298fc1c149afbf4c8996fb92427ae41e4649b934ca495991b7852b855
backend/mt123/events.csv	1733	f67521314eca3b1552260b98fe99238cc7cd328ca2f52e68979cafdcbbfd9c6d
backend/mt123/events.jsonl	1687	5262b2c13f56a735f6f2dc42ad6b4b052ee295b7bfbb5950a6d6d5c61fdf7665
backend/mt123/exercises.csv	14573	1ad2d18ec39be0a042d249fc2cc4fbcab0d7fbbc5496165616d28a0072545d18
backend/mt123/exercises.jsonl	17414	c4d136d7cb0a4edcafde8dcb4c5f62bcc76019887900d9118767b21c2bf5ac4a
backend/mt123/formulas.csv	204359	0c7ebdf3a8ec8000d4cc2c690f2344e096d5604bf7aa460e0cc1693cb775328e
backend/mt123/formulas.jsonl	334246	7ea2ab1a4739ed118d590de3544d43036d59fc07d8c16f4e2a858790d2b3a935
backend/mt123/hints.csv	2346	069a9a9ae0b9a0b4551c42dfd2c36a76456270511896cb706477cdfcf80ae579
backend/mt123/hints.jsonl	2895	f6eda8beffe10f386c60fda85274f7cd4f563466ba812b76528b5e36af50c6b6
backend/mt123/proofs.csv	16072	b257ce11d00ec947ea08e0dd1a1da97e4b899a6dfa04c9bea36d2492a033b3e8
backend/mt123/proofs.jsonl	18072	d75941a5b2a58199cea367cf735a0e0eb54da05f25cda6b949f06ccbb2783843
backend/mt123/relations.csv	7894	a40623505e09821852b8f4f1baab5cff063d301d19e0aa16dc3307c2f341814f
backend/mt123/relations.jsonl	10884	06ec3881022db6db9bcab6c1c54423a1f3ed4169122637ed3a6d6b682c125e8c
backend/mt123/results.csv	8302	8084a9b66c0fe8b33f38e97597d760cc444006f89c4a00a6aaf098c35e5dcc68
backend/mt123/results.jsonl	9468	d8a1fe3fa16e40a4f6f2ed6c7c50e6d9b22183b779ce6f38635bd7fab0a0407a
backend/mt123/segments.csv	13859	34549bc0e6b8a2f3e3914493e2b2d582abd9eddf07631d5205c18a0282f112b2
backend/mt123/segments.jsonl	23056	329ce90d56acc9bd2b1319e61b91cbd610be2d84b8315d6f11d0f5e8307d80c4
backend/mt123/terms.csv	2581	1a62b7cb87a4383a6bcc534beb8a4197c9371dfdb50f04da1faf1af314ded306
backend/mt123/terms.jsonl	3295	51a3dc039ad7ecf238dfe6ead1d42d4346ed1f968946c625aad70de5abac1585
backend/mt123/xrefs.csv	16494	9e7ce32f136ac7c523459e02f4dd846d2bc1be7d908f698947117a8193263c1b
backend/mt123/xrefs.jsonl	23447	59adeadb54ce04335dac592f38ae528f289f92f5739405c672aad7532f4f734c
backend/mt13/MANIFEST.tsv	2733	5304257ca165254f6feac71889e1ae1a004553585545e15dfd9fe904e7a89172
backend/mt13/artifacts.csv	1562	67bf7bda8ddca80ccd227faa53a4fffe338149d62c6560b30466430f533b97bb
backend/mt13/artifacts.jsonl	2041	c3e0e1006ca4916277637f772b96e6d9f6d8ec82825ed4ae28a109ad03d13fa5
backend/mt13/assets.csv	1	01ba4719c80b6fe911b091a7c05124b64eeece964e09c058ef8f9805daca546b
backend/mt13/assets.jsonl	0	e3b0c44298fc1c149afbf4c8996fb92427ae41e4649b934ca495991b7852b855
backend/mt13/corrections.csv	1	01ba4719c80b6fe911b091a7c05124b64eeece964e09c058ef8f9805daca546b
backend/mt13/corrections.jsonl	0	e3b0c44298fc1c149afbf4c8996fb92427ae41e4649b934ca495991b7852b855
backend/mt13/definitions.csv	1	01ba4719c80b6fe911b091a7c05124b64eeece964e09c058ef8f9805daca546b
backend/mt13/definitions.jsonl	0	e3b0c44298fc1c149afbf4c8996fb92427ae41e4649b934ca495991b7852b855
backend/mt13/events.csv	957	e0b78db5e73c79e789b83f362c3e7b7d81c7f7e01f064e8d69405e1d5f952b93
backend/mt13/events.jsonl	939	0907bec368930efc0c99abf8f67ff1185b109fc2cdccac14a740ab223859c931
backend/mt13/exercises.csv	1	01ba4719c80b6fe911b091a7c05124b64eeece964e09c058ef8f9805daca546b
backend/mt13/exercises.jsonl	0	e3b0c44298fc1c149afbf4c8996fb92427ae41e4649b934ca495991b7852b855
backend/mt13/formulas.csv	3030	a370ed82863ff54cab51f16b97a583f8473c28b070f9d3d1475d08532b0ba2e0
backend/mt13/formulas.jsonl	4448	70cad8ba3b95b005f82f8bcaf6d394945e0b0bc2eff199b081ebb3ff794794e7
backend/mt13/hints.csv	1	01ba4719c80b6fe911b091a7c05124b64eeece964e09c058ef8f9805daca546b
backend/mt13/hints.jsonl	0	e3b0c44298fc1c149afbf4c8996fb92427ae41e4649b934ca495991b7852b855
backend/mt13/proofs.csv	1	01ba4719c80b6fe911b091a7c05124b64eeece964e09c058ef8f9805daca546b
backend/mt13/proofs.jsonl	0	e3b0c44298fc1c149afbf4c8996fb92427ae41e4649b934ca495991b7852b855
backend/mt13/relations.csv	1	01ba4719c80b6fe911b091a7c05124b64eeece964e09c058ef8f9805daca546b
backend/mt13/relations.jsonl	0	e3b0c44298fc1c149afbf4c8996fb92427ae41e4649b934ca495991b7852b855
backend/mt13/results.csv	1	01ba4719c80b6fe911b091a7c05124b64eeece964e09c058ef8f9805daca546b
backend/mt13/results.jsonl	0	e3b0c44298fc1c149afbf4c8996fb92427ae41e4649b934ca495991b7852b855
backend/mt13/segments.csv	818	4ca167c3fded30c36a65557dec03125b2c2f05e87874cd97e7dd8a37b484cff4
backend/mt13/segments.jsonl	888	9da0c96557d6767ef2cf7212d7e01ba2944009e605fe7ea4b32e1a955d955351
backend/mt13/terms.csv	2032	2636c849ebe9703ba987c8ce5d46ae57753f9ddbbed7d4df756a4a30bdb92ff8
backend/mt13/terms.jsonl	2642	6e7a20064c50ae5e33d29f3ec836d05973b29b24448559e9c14889fd96b151b0
backend/mt13/xrefs.csv	848	c1887b6c1451bd57f5d0038a54853a557b093e072e923fb2d583bbcc78c06072
backend/mt13/xrefs.jsonl	1082	17e8dcad68f968b694fb709077bb88c24317327e94e91d09d3ccdff77bb0e314
backend/mt131/MANIFEST.tsv	5734	39a4e39dbc79b7473b1b27e81424bcb311595a9799cb966124b72272ad18406d
backend/mt131/artifacts.csv	1405	c573a0e39c87ba82ca0e29d2930c44eb240edb418454cac3dca257d777d2d168
backend/mt131/artifacts.jsonl	1570	3344c057c96df385b942f520fdc2d8068bf0617e287b7af79b7790f554fa96e1
backend/mt131/assets.csv	1	01ba4719c80b6fe911b091a7c05124b64eeece964e09c058ef8f9805daca546b
backend/mt131/assets.jsonl	0	e3b0c44298fc1c149afbf4c8996fb92427ae41e4649b934ca495991b7852b855
backend/mt131/corrections.csv	2351	b8fac3b481d71d9792b82e251dba388a35a9719b61919c2c95fb73658271ec8e
backend/mt131/corrections.jsonl	2687	dc0ffe76dbdc235525809b30431cdecd5d831ea76f6525c303d9f0776e1d9be6
backend/mt131/definitions.csv	4249	a5718bd6e77445b16ed69cb5968b1eab207960ce5c7a35515f0d11c772fd4dcd
backend/mt131/definitions.jsonl	4915	15fce5452dd9262075ab6f92b6f8e54d1ff8536befa21143b2ef59081be4b312
backend/mt131/events.csv	1704	72f3fb6cfc43a92fafed450847ad414e5b9a04fb80abae1045ac57cfced5390e
backend/mt131/events.jsonl	1658	58e6b577fa8f3e258abbb1fd105627b8e1aaddfa92ecdac4d9610e19be277ffc
backend/mt131/exercises.csv	7283	6894a8e54410f3bec9244d4a4c929f1b91dff43228683da3573afb4b8a38070c
backend/mt131/exercises.jsonl	8379	e8a6959dd572da562ec210ec12fe9a12e416eb617444e9410a0cefcb112e4921
backend/mt131/formulas.csv	154759	60bfd9ae2ac2f3270d7a72ced58d4106b0dbfb482a19f212592acc134f05308a
backend/mt131/formulas.jsonl	253682	638bdc04f65fb2cb5b36220efea10e6046e739861ff16f4431bb97ed020cb267
backend/mt131/hints.csv	2541	ecbf2a6a964134b869ed0bbfb4f93e4891813e973317d3444fe85fb2faf309fa
backend/mt131/hints.jsonl	3316	a5a7d7461ae20ec7b37d2ff19ef61dc802f8dfe4a69e8eb7b6813d15cbd29c87
backend/mt131/proofs.csv	10438	6acf3781816386c9da91993255973897f2a427232cbd801c9c601b2c57a089e0
backend/mt131/proofs.jsonl	12292	9e7ca78ba33fcb4d48278d2ec954b514fd0ec9d15eaeadc13815596b8a31dfb5
backend/mt131/relations.csv	11344	ba4f05a1b53bd56f5d71992a8bbd28b4fe59ef6644a04277ea30faa36a50f333
backend/mt131/relations.jsonl	15654	acd63fb998d6c50f7dfab6fef8dff97670cff7c1b3ab707defc14dee84b74379
backend/mt131/results.csv	7854	133adc03555c40fb0155a59e849780be797adcfea9ccb83c4199265bc3f58e1f
backend/mt131/results.jsonl	9368	2184bd6bbca7da1108e0135d148a530d7178e7e422b039682a5abc0a892d3b98
backend/mt131/segments.csv	18937	3f19175bf474408e262314abd18fcf20fc47113b35c3d0528e81c09011883a5d
backend/mt131/segments.jsonl	32320	f900c9f014396c2fa20599795e0623bc6900d9f3a49603cc8156b22a7605455a
backend/mt131/terms.csv	3329	1832622d3c7ba78396ce975995056aff2c2b69c8ac515175580776346909651f
backend/mt131/terms.jsonl	4263	92ac874553fbdf3e72d2f9f4ae9027ac34e2f18acf3bd36310ed880f69643ef3
backend/mt131/xrefs.csv	19954	8e2cae43758e49986a74075da572f2e0c4279c62f48848db7588b75438f93b37
backend/mt131/xrefs.jsonl	28390	88d3604705fc8d3ff385ab70cc5dfd5f98b195765af6d087b77343455f5002b8
backend/mt132/MANIFEST.tsv	2826	871b1648f52ac4bf695811cd4c8d1ac7886324a84c62697e223b5fe31ea32541
backend/mt132/artifacts.csv	1098	51e05cb2404df4022eb06bfde5c1fe8eec0310c90ff5e676832497ff741e11e9
backend/mt132/artifacts.jsonl	1273	a393db79d23d5f73d5b326963b66946b1c0b2a92b1f81f4c0c9f1aa2481baa67
backend/mt132/assets.csv	1	01ba4719c80b6fe911b091a7c05124b64eeece964e09c058ef8f9805daca546b
backend/mt132/assets.jsonl	0	e3b0c44298fc1c149afbf4c8996fb92427ae41e4649b934ca495991b7852b855
backend/mt132/corrections.csv	1	01ba4719c80b6fe911b091a7c05124b64eeece964e09c058ef8f9805daca546b
backend/mt132/corrections.jsonl	0	e3b0c44298fc1c149afbf4c8996fb92427ae41e4649b934ca495991b7852b855
backend/mt132/definitions.csv	5639	2959f447ab758127790ecbda0bb4e68188b0d1b86b44eebd1a982d5af4541a6a
backend/mt132/definitions.jsonl	6344	a6652d7d921be9c4a65049ea073c2f1b243111eeb23fa6bc8ed7a995fb1dab6e
backend/mt132/events.csv	1039	015726db98c3c21231d68becac28bb9b11f2cd47d35f1fa98df7b7ad0c72aeb2
backend/mt132/events.jsonl	1021	e983af2ed2e0882f8aeaf5317d2a86bac42d370f2efdc717ad47b61d491201e0
backend/mt132/exercises.csv	20539	7cc4f50c6e72884e7f68f92643ca913fbe195c1f78dcd78ab0d10fa70f1312ba
backend/mt132/exercises.jsonl	25317	72f6ca73cf27f43af85cf189b97a0e1f40bba85bdfc5aa35600d9e8b3db58bb0
backend/mt132/formulas.csv	216060	54de8bfefaeb9471361e4f13d70ef40b8058cf0770e8edd679af24cc598ffbd5
backend/mt132/formulas.jsonl	363333	4ec6a99494c8f8339c661e18dfd71b2871c8b63a2b97c8ab3a077b6a1c97c150
backend/mt132/hints.csv	3613	a51dc2f945548c5287bba18e621c9e718c06e35116af6377113d7eddcabe21cf
backend/mt132/hints.jsonl	4797	b1b402d384105fc88a7ce866367985b0c423e965291ac823b4cae5936bbc1fac
backend/mt132/proofs.csv	11930	d7b10fb835e3059f5c1fa209029e587d0363f0b814fdf0853fcfe0c20132530d
backend/mt132/proofs.jsonl	13445	4f532c54a588b71a7291b16d69d70df56d73e05a5a9f681addd7e434a0d2685e
backend/mt132/relations.csv	2970	bead9d106ce3683f5a128beb66d065edb7a6aeebb482b2bdd6df3ae7cdaf2acd
backend/mt132/relations.jsonl	3980	e11e8252041e28336afd7a79481daeacc1f0f457a5b0cd759b3236f8429ca2d7
backend/mt132/results.csv	5361	98b9c7e4a8f5daf5cdbc42da8c70c603b252fc45efde822f9d5724b3017e71ad
backend/mt132/results.jsonl	6111	b4777c14feda9eb735b9dc406be6ba95282b9084a5506af139c0e68f849663b9
backend/mt132/segments.csv	14670	09d0eb4ca2783131df4b30375932e3c93f76aab65d884db1ecf3273c7896e2ba
backend/mt132/segments.jsonl	25857	a860b0b52be795a182ad83095a10ca43224f6f069c7b9da4c846eacd5d94588f
backend/mt132/terms.csv	2376	688528ee2a6ca8bc0d0a9c063d67ebfee6ca6dc75b8c0b6c26d4bdf1a5983276
backend/mt132/terms.jsonl	3222	4eeb3af351d0471ce9ee3fe68ddb22e3c9f364bd27ad60fc74e3afe2f4f2ac30
backend/mt132/xrefs.csv	23039	fbc56d9abc85ce9e88b575b12ad620208fc5fac6012bed76e86fcb8accf5fc53
backend/mt132/xrefs.jsonl	33341	3d498829f26cfb4d0621da74b77bd6b36c22a800be0827eecb6441c9ae619f9b
backend/mt133/MANIFEST.tsv	2835	8fb8cd375272cf464c526d57a30b58fcad53d344efd52ba77c3176728de87160
backend/mt133/artifacts.csv	1519	f9dc8c7366475e11a0b11b3482ae4e46d28c62930ff54e1626edebfeb4e7841d
backend/mt133/artifacts.jsonl	1998	492708e7dc1f7e8de2910158415fdaf04eca7ee8271bdd74153bf721719edbf3
backend/mt133/assets.csv	1	01ba4719c80b6fe911b091a7c05124b64eeece964e09c058ef8f9805daca546b
backend/mt133/assets.jsonl	0	e3b0c44298fc1c149afbf4c8996fb92427ae41e4649b934ca495991b7852b855
backend/mt133/corrections.csv	1843	a6a8ac6d9c99e9402d416dca05991679df3064f8bf6fae6e923a71dae40703e7
backend/mt133/corrections.jsonl	2157	611d45ea650cd2d73bdcfc1cc81b546de411299565fbe064c9ce2a2c6ef8cb36
backend/mt133/definitions.csv	18552	1be775793f2bc54d222f1c3e1861b475f40156772785c4903bb896ea5fbee586
backend/mt133/definitions.jsonl	20975	bae7c28a3adce36317b53a5e7298b08c9a72f194d389de2edfa94df282311080
backend/mt133/events.csv	951	31b576fb3457b77c87de17c4d6be70b65c3fe3ea4175b4b261addf9e189edd70
backend/mt133/events.jsonl	933	256d1958cdcd900f52522ba2049a50ae92669b908ac13d82688b38d8e66ba9dc
backend/mt133/exercises.csv	17981	d6a9dfd3fb1f24c91cd6238ba9021383d69cf7c6759f797a6867729b47e71563
backend/mt133/exercises.jsonl	21428	ad1281ed78d343e4f2dab07804c7300a4e955d7af7d18e7bb001f146ffb302d8
backend/mt133/formulas.csv	375068	e5595c3d4883e889b650db1109b35deb3eb20bbcd26902a6bdcac614be283446
backend/mt133/formulas.jsonl	628095	2b63e9cacb2a07ad9c8ce7f05c97ae883c969d1451e1cfe22019d2a56020df6f
backend/mt133/hints.csv	1676	011d04cc60c9a8a8f8514cc4985ac9e35e063aa7071a106e251567f016a93453
backend/mt133/hints.jsonl	2290	e26690501c7015a38250e4009a6f2c852f3d9b5e81058ded97382ace3f669058
backend/mt133/proofs.csv	19657	f8a01b3e0217af6bbdded9500cfffd1e7eea8981135cf2e7ada9c50b8d1388f4
backend/mt133/proofs.jsonl	22617	e13e4c5ff85169659389e6c877ae4bde4b2e6c33725999f4fe5f606d64815704
backend/mt133/relations.csv	8778	4a764ca138ebd110bfdabe7bcce212d161c57f922f02f5e317312ebd70db6953
backend/mt133/relations.jsonl	13362	df07ab27ea39e75cb0fb3ebf9d7d6462b815b1605d2061b95d043844d92aebeb
backend/mt133/results.csv	15267	f67ceb9ec6d6296879182887c5a37bcb58f307328f08f8f3c83b8eecb2c4fd98
backend/mt133/results.jsonl	17614	2aeec36bc7682e1120620c76c97c482689fd776ad77219528c7710d6520edb26
backend/mt133/segments.csv	11793	cb6d360c410c3d70f69803aa4ff8128ecc18d81a9c1b33e8b0379f8c1f9a52f2
backend/mt133/segments.jsonl	23088	b1a49025065661130d2a852cb26fa6a01cf04287ec0a2d494171d7956902b7ec
backend/mt133/terms.csv	1748	c7adbb3febc2c3c45286a451bf9e22fe4556011dec752fccfda431dc96d4ab22
backend/mt133/terms.jsonl	2236	7ec40209a3b344a7123e641344eee9a47792fe30fb1e8df22a32df2cbf8d6a41
backend/mt133/xrefs.csv	12927	81f716c60632a92b0e3d7577981cf03b47a23b47e5509b63cfd7b21d471c99f8
backend/mt133/xrefs.jsonl	20339	47f5349345faa874de1539bea4fc4e135af814a095f72a8ebae91d7f9c24115c
backend/mt134/MANIFEST.tsv	2837	b3ffdd4bbfebdd5122d44c68bca3a97cdd396e5cd282abfc675b867fa54c28bb
backend/mt134/artifacts.csv	1519	766ccea9003a59ef75309c2ff1af05f8ba56bda53467c81ce77c43132c9b5dbf
backend/mt134/artifacts.jsonl	1998	8f428a1e7a9dd12498a30ac0e747e9e3b08e66a17f2864a2391bf78d774d81c5
backend/mt134/assets.csv	1	01ba4719c80b6fe911b091a7c05124b64eeece964e09c058ef8f9805daca546b
backend/mt134/assets.jsonl	0	e3b0c44298fc1c149afbf4c8996fb92427ae41e4649b934ca495991b7852b855
backend/mt134/corrections.csv	1881	f61df6eba8ab391929d764d1df91acb77af10210091bd0573ea8553988474419
backend/mt134/corrections.jsonl	2203	182841f7555faedc16c1000546e965b691c7a23eb66d01e1b2bbe8f82f69984a
backend/mt134/definitions.csv	14983	9151b0fcaebb3c2c754d242e0bd2fe91a5322e714db5add020a6c05be5ccc6ec
backend/mt134/definitions.jsonl	16414	60b78517f1e76e34ac9c37d233298415533453001785941d16a6c77c1becfae2
backend/mt134/events.csv	952	5099d34ff25e1d67bb3344be335eab60e86694455b4824caf3881659546f580c
backend/mt134/events.jsonl	934	434ef163ff3b5d25febea36d2ef7da06104ca644fee988537d3c6a558bd87bc1
backend/mt134/exercises.csv	35915	55ba3af7a2398f36dd8fee03a6e713af23bfb8d630a09c2a6c162492af12134d
backend/mt134/exercises.jsonl	44937	3d8ce2b6636d08faebf4e0867b09c020115db2aa6dfdfb886db90291aeb3b831
backend/mt134/formulas.csv	588560	8d57c766dc018c55891d397b84a7804acd19a50619a5dc5b7fcd9d6a182563ae
backend/mt134/formulas.jsonl	982796	6c260ec5e16326956cea0f0db2294ccdada894d9a467e1421d2e3985db3e336a
backend/mt134/hints.csv	8791	c32859c01243283ec920068f367d482691942e8456240818c361dac4148a3236
backend/mt134/hints.jsonl	11551	6ced9ad97347b359cc57914e3e8b57c039f3376f950bd4fcfe73278673bc4a2e
backend/mt134/proofs.csv	30455	cacf764c1927751761c3026739527c51e39ada837c4bc1a6a477be372e9ec13d
backend/mt134/proofs.jsonl	34270	0b9cfac9f06b11aefdcd2a715374c1b3e0bb79e531d44910ab376f5049785a0f
backend/mt134/relations.csv	15526	e117d6bf3b5146dd9f38679bcdb2c451141bf36ca015e580688dfceb2265e2b3
backend/mt134/relations.jsonl	23758	50a69d9778c83451dc6b7f6dcd7e900b04f12a961305074e674b39dcc0d2bd21
backend/mt134/results.csv	6530	4263b9396cffaed62310dfef5e59ed309cfbada95a0abb6b179e1d16882f41bd
backend/mt134/results.jsonl	7798	e2f97ff9b659a430afa2d9205c537a4a77153c17188a811c7d24a6bb8a7cbf30
backend/mt134/segments.csv	23841	98fe9af9d36913d13f4c79d6ccd9f17e676e7733cf04cb348affb41329e4e283
backend/mt134/segments.jsonl	47204	faf24d3b65ae89f6d37c3bb1db1e0f0b4afdbe88db80023f20b68fd9a240bc2e
backend/mt134/terms.csv	1686	c14999233f718b97af7be30e4b101c14b2848951fc8ebb030dc33086f9adcc6d
backend/mt134/terms.jsonl	2178	e0f792482065787c5d1b482bc9ebc0682f69ac4bf8f61bb615243b0448ea5941
backend/mt134/xrefs.csv	26485	eb8814e875e504b534f46f6ce24f299ca0779ca22d447c1caad530c3becccec1
backend/mt134/xrefs.jsonl	41851	48d8a35e64dc10e40d32b68f1f98498869443e77c207b81bb54aa01c6c8c54f2
backend/mt135/MANIFEST.tsv	2821	0a669e68908040976d15301ca163dd15724304cde44ce114bf51f777b8a9234e
backend/mt135/artifacts.csv	1519	c4c9db07c45af1e7f8c02c680083a82bcd8c8fb09afb3d3035d1de0797d0dbc4
backend/mt135/artifacts.jsonl	1998	2b81869323d10a09d6ce43aeea850db7448700d44f7f2fe60f59212df4aba115
backend/mt135/assets.csv	1	01ba4719c80b6fe911b091a7c05124b64eeece964e09c058ef8f9805daca546b
backend/mt135/assets.jsonl	0	e3b0c44298fc1c149afbf4c8996fb92427ae41e4649b934ca495991b7852b855
backend/mt135/corrections.csv	1	01ba4719c80b6fe911b091a7c05124b64eeece964e09c058ef8f9805daca546b
backend/mt135/corrections.jsonl	0	e3b0c44298fc1c149afbf4c8996fb92427ae41e4649b934ca495991b7852b855
backend/mt135/definitions.csv	25928	e856c0ad24e5c10c4222d46105ca130c322a50aa6bdcd7bf9c19a0ad57c9a79d
backend/mt135/definitions.jsonl	29612	8f46a480b59d69b3cca71eb9da5cb699709ca1b0a3ee07afa96ab7ed95b7c1a9
backend/mt135/events.csv	951	54e4c4f13c2790c0ef279372164aba4cef5c982b62481275bcee26397245164e
backend/mt135/events.jsonl	933	bdd70a63c5e3fe892b824c0cbaf1afbf16e0de35a204d34da8b6027805c3fef8
backend/mt135/exercises.csv	12912	d586e487fd97777e02a258981fb247b8db62ff1fc5d7881b65eb09dab3c45a4a
backend/mt135/exercises.jsonl	15780	515fac74b1e4414105ec54c796e24e233b77980b95b304ba16111f26fbd0415e
backend/mt135/formulas.csv	366935	d07af07105ba0ec80fd0257a516263d17e9dc29c5dca9b67ad28eaf6950f3ec7
backend/mt135/formulas.jsonl	615027	2bfb72f3209bb873e116872831884ef33fa164497256d6dc6413f9cde7459328
backend/mt135/hints.csv	1	01ba4719c80b6fe911b091a7c05124b64eeece964e09c058ef8f9805daca546b
backend/mt135/hints.jsonl	0	e3b0c44298fc1c149afbf4c8996fb92427ae41e4649b934ca495991b7852b855
backend/mt135/proofs.csv	12196	21f2b8eded497bd972a035d30213df1f77b1db0c6d3b1106c0ce87ef206ddea9
backend/mt135/proofs.jsonl	13634	10b01ec22dce9ad2ba50c3fca4872a17ce118a6343367985e3c947c2cc084d51
backend/mt135/relations.csv	9434	675a7acecb659eef55974d748f0f73d86996eed17c6282f842d4096b3a08528b
backend/mt135/relations.jsonl	14360	1d83ff61707a7eb06f22700529eba9dd362e65c9d98e18b7f4d70ac51634e7f5
backend/mt135/results.csv	5305	a4fa62a379be51599975eec2b8a39d32fa3db30a225173d3f019dfae5adc2f11
backend/mt135/results.jsonl	5906	835175858343a4826a4d3d32b40843f26bebb969dd97af3e32ba8fbf23f1ac79
backend/mt135/segments.csv	15611	ddaec0bb1650987f6f63856af3ffb55c8aa48fd53c2c09de8d9db4a472ec579b
backend/mt135/segments.jsonl	30785	9f048513b410f90a41d5e30430d70f6f14a5f73f06118117e4b66d7881ff3a72
backend/mt135/terms.csv	1533	fe6eb4e744465ba7375fb24cfd4a7a73dc8bd9be10dddd72715f4b61b7bcf358
backend/mt135/terms.jsonl	1893	6b2e51b55a4111bd25b062b1511909ed63cff4979ab03cfd5d14ba27d3e0bcec
backend/mt135/xrefs.csv	13269	52cdc1b9b7573293a8c0c9698f053b99a79344d47f36f0f08bac7353608a1194
backend/mt135/xrefs.jsonl	20875	f1821b129e8529447787c407116ed7ba34859433d0a302b9919ed6340dbc5cea
backend/mt136/MANIFEST.tsv	2829	5e798b039bbc03380f7b31741d320cebb79f104edfe629f1516bb3ee33b0b7f8
backend/mt136/artifacts.csv	1519	c5bba2491ec04d8be0c2327d02a14b4691f818d1c05e081224ad77288fbc9c45
backend/mt136/artifacts.jsonl	1998	eb6f352217465026cab854bbf9f281bb3eaf7b6f4f3454d40b6194a901b59eca
backend/mt136/assets.csv	1	01ba4719c80b6fe911b091a7c05124b64eeece964e09c058ef8f9805daca546b
backend/mt136/assets.jsonl	0	e3b0c44298fc1c149afbf4c8996fb92427ae41e4649b934ca495991b7852b855
backend/mt136/corrections.csv	2895	97cf31d7d21d065d3266cb5e5d810dfc89d35c6d4c18b6c08a0ee73d63345443
backend/mt136/corrections.jsonl	3351	241e9ed90affc6d9eff7f683ee0a7eeb992704a37f85bd5c7a49497ced244545
backend/mt136/definitions.csv	7026	4192fbc59bc474349eb93c457db72626832aad3b246847e7b365fcb1f89049ae
backend/mt136/definitions.jsonl	7936	e7239956e7cdab3d7513fdc4d053b0e1d638c107870bd83d1ac8c833168c43ef
backend/mt136/events.csv	951	44552c367ec5799bb5053babf6cc56f85d2651bd81f8b7ba94bbd25284f7fb4a
backend/mt136/events.jsonl	933	6b31c1f8ae1bd11a314b4b90ab122f6c75425c37fb7f62d853b5d427c8134b28
backend/mt136/exercises.csv	20072	814136bb4585fd069c651d652a0878a5e2dddb261d45b5477761a95bb16b8d07
backend/mt136/exercises.jsonl	24418	36547455f83c9e15d87febe5535b46f08693ba65e6a65ffecc84e5dde2d1b80f
backend/mt136/formulas.csv	416727	62d805adb80486ee61d6ee2f65906a2e8ff0ecae4d0a1594357cbc172e3ada56
backend/mt136/formulas.jsonl	700755	b08412c9a48a80a5daf84a1c4f0a7ab79873461dcbbcd9634e9d8641f40b4224
backend/mt136/hints.csv	883	4ab1de11e33b5a5310d072ac37017f45bffb658d5b3c91f5a00704edd71fb0c4
backend/mt136/hints.jsonl	944	ca9972cfc8b2dd77e2eb0d10e5b2b67fbd346aa7acec7e44bdee03cfc3c6b732
backend/mt136/proofs.csv	21708	8f1a1a74149ef6b8d2e3e0ccfd9744a2a71d420d76ba2e2e6e66226e07b56cf4
backend/mt136/proofs.jsonl	24803	212574b1622a2fa7e151a717291f2af8514ae6b1b363188cd405cf2a3b5c490c
backend/mt136/relations.csv	8518	5ef7f5e7923f89f56106e586dc0128080c388e93fe8c67870d2fe791b5664f5e
backend/mt136/relations.jsonl	12988	57c9ed37cd14c36f882a09da49e427f6bd59d2c1c277ae5826409dd7cec47d91
backend/mt136/results.csv	7791	8ccfeb814c3faa8b0e34d16f8cfb616f978a9062219502a8f90dc4d870214ee3
backend/mt136/results.jsonl	9357	5359b2659112cc723b7abc14a17216b6a635640ea7d7269844025f1a4cc50b65
backend/mt136/segments.csv	12240	b45b7728f129cd546bbabc1c61e3bab2c8008b0035dc9f92eef5e76ee6a9e4fa
backend/mt136/segments.jsonl	23966	359a66704a1e47c9a739475689a91c565c9306c337426c6f894c1d679222b791
backend/mt136/terms.csv	1670	43202774eb699a149e2a3ef30b7bbf0af71001d9baba5eb42b2756e1a8fb4918
backend/mt136/terms.jsonl	2158	08d6ddaf40a60c4d2958dd5c22d87e2f166ae16e26fd9ceea574e03387f60876
backend/mt136/xrefs.csv	12958	86a9bd8835ff904776c91d15601ce89fb03418e3ed49cb9b3df35f0215b8a8a0
backend/mt136/xrefs.jsonl	20370	860bf280a15c136dad69718e79f7d1d242323a2f9262e47115f77fd6a3556be7
backend/o007_backend_core.py	10338	b7d5ae95847d717938d55b3f80e6a6499c3b75d3e901bd74032f3ca4836113f1
backend/o007_nested_math.py	2917	90d8bccbc7b98f5e618194394500490c9205e339cc27d95a048d41ee4d346a9a
backend/resources.csv	2330	90e0e1dcf8f148e5bb33baca6109bfe877cdc86aec3273e60e42cef043af7f66
backend/resources.jsonl	4015	5c32bf71fa7e7eaa9d0c28b29e99fe2bb5bfe637e019fe1803f2e2b6caff2375
backend/rights.csv	421	fae23f154f59ae5486a994a0ed2662bc6b1433e15399985627872529089bd369
backend/rights.jsonl	1217	d57e9f765b9103e6e5056955fe815040fecbbd48f2e2bc456e0657b6d92ee75d
backend/schema-v1.1.json	18186	47f7d80f021110c5facdfccc97f9ded4c79f48c4b7b5da2f3807e8cf97b2d6e6
backend/schema.json	10953	6c7291973cb43247663a29cb8a0d5b3a0905c7c626bf8648c6f679edead06255
backend/units.csv	780	527c293b040ede73c174f2951cd3c01b8f7ee52a00f4a2c422af84968a3f2ae8
backend/units.jsonl	1125	03ff0ab0aa3bf60506ce7001fa55d284c6c948102fdb05193721d3456522b167
backend/validate_chapter13.py	18238	75c834a6ff3d9a64f14f254c242f6ed47ff619e58d6a7a9ca8a4bf3889e628bd
backend/validate_mt112.py	18787	42712c3560d1106a4e6e5d1428149ebeaff3fb3ce5db2c1f62450a59fad21563
backend/validate_mt113.py	28489	6edc94f03e5699b893e1c868adcfe4e3ca868a29127980fe3b2cfada0df6d69d
backend/validate_mt114.py	23000	6443fa0bd78821d437961159c50e90bf1ebf53f6bce2e3460636302b6199c361
backend/validate_mt115.py	39951	69c0f84268c787af013c34f4b4aace151b6948dfd24d62a5839068765e395b03
backend/validate_mt121.py	52846	499d4f724c2405754e26cae16d6d88645096f703856586e3d22a3c64a01ca826
backend/validate_mt122.py	59046	32043add044e4d7dbca8db3af7f49ee821c325947834b8781e3c476289a0426b
backend/validate_mt123.py	74008	78f05e10e5ad98a5c90906ef4ae7008fb2abb148f830a52f438e8140ed65133d
backend/validate_mt131.py	56993	b1d0fb93f140d2866c5b5f37961d991143522a97bf3a8567d015e37265fc8e01
backend/validate_mt132.py	10790	3f47d7486237fb2d12dd98b74b2efc2f443dc38e5d15e7ac6c9a4fb518a4b6e1
backend/validate_volume1_closure.py	24588	71b75b9de3a6275f5197417a40a6956830c1a74005ccd964db55e81686393ab5
backend/volume1-closure/MANIFEST.tsv	2031	27356fadd1720b8d35ddfd9fa874657523aca4fdd658464bfe94b28563207914
backend/volume1-closure/MODEL_PROVENANCE.txt	32	232de89e31f46ea6dbdb93ae7e5880aeb0ae09bc8e1ed0ae14df81fbc57c6d2d
backend/volume1-closure/artifacts.csv	10876	a8fdfb3fa34a448caf42fb53530e469ed83149349c8db04eb8b5caf510ef82c9
backend/volume1-closure/artifacts.jsonl	14384	f925632a555cec023ab3868ad3edfe28f22a5c076aa0184931af6b12debae471
backend/volume1-closure/corrections.csv	11072	d3453010bc4dff2d12818c8a55e6b11aaf0d17715d8a49ae63fc0962826d8aff
backend/volume1-closure/corrections.jsonl	14574	618322ec7a6ae87e60a2f071f14a88fef80c31b5c760c5e29a2c39d6852689c6
backend/volume1-closure/events.csv	6522	b9bae392d007f6815a0b9b6cdc4da535a9a167a39ff6a65806519aeaf2f3e1b9
backend/volume1-closure/events.jsonl	7747	8ab37e64895bd8c714e054d4380fbb6083e14f560fdc4365bba9ec7b0718360e
backend/volume1-closure/formulas.csv	468399	ecbd162e2569796e87e295724cd71a5201ab4854fb26bf01939aa881319c7d0c
backend/volume1-closure/formulas.jsonl	777218	e9616ddd9148686acb2c5d59db9aa6b0588ef7ae6ea54b94788aa86932ceb77b
backend/volume1-closure/relations.csv	7201	ca2c73c31cf946c3abd031269cb53cc5cdbdf654465af6cb153d95655ad50bb4
backend/volume1-closure/relations.jsonl	9873	b7b4d4ab72bf75b1cd7a4b3867424919b1e6655c58512947f6c145afc3c4d4a1
backend/volume1-closure/segments.csv	492996	2ed851c61732ddb7831e4c7be4e6fa97ceea5961ef41e74f3a029316b27a5e5f
backend/volume1-closure/segments.jsonl	798457	f3ae4ba802a3353eecafbcf05daba083bd98d3f1dfd1cc18ed0a53187f335239
backend/volume1-closure/xrefs.csv	257440	b5c7395e7af8559aac6cde7d8b0db0047da88d162ae394fd7bd3dab8d816b7af
backend/volume1-closure/xrefs.jsonl	403815	e2a7589e467f598c5e5dcbe6a767798d6b62bc05b0e27cf0946953a614b68f8d
backend/volumes.csv	600	6c89d1c88cc3273b08af5afc1773eee1c3f1cf511dd9d4cce83656b89fdd0347
backend/volumes.jsonl	1370	8f1568a4878c6d85a3c45b3a68ed5ce0336e7298dc80fdc6b7f752c8f594ed4e
output/fondasi-teori-ukur-v1-chapter13-id/html/111/index.html	66745	6e425055d058a15c0173557eb475d3eabfe3d3f5b91778f294f215ea0ccfc0b8
output/fondasi-teori-ukur-v1-chapter13-id/html/112/index.html	66337	051a4101e8922877dba3426f44965e43f78700a9a4225a3489fc7be69636b5f3
output/fondasi-teori-ukur-v1-chapter13-id/html/113/_assets/mt113c1.png	37688	3fbab729729572723fbce6d688ebdfa7d6f73902144f0840cecb1074230b38bb
output/fondasi-teori-ukur-v1-chapter13-id/html/113/_assets/mt113c2.png	37862	41489e1039492131e49b9b5132d752dee2d19f959ab272c00e37f10f6945d6df
output/fondasi-teori-ukur-v1-chapter13-id/html/113/_assets/mt113c3.png	37892	8973110d14c4a5acbb4553e78ae8774d317f50680ab493d1176da6bcfef4b3d9
output/fondasi-teori-ukur-v1-chapter13-id/html/113/_assets/mt113c4.png	43058	795b9abab5a6ea8447a4d39ef6a6c5bb7e1413bad54ca20d600da26db0b3a7b7
output/fondasi-teori-ukur-v1-chapter13-id/html/113/index.html	52863	d2c8ff950ae29066626273d603fe1d58ec392f3dd5e1258cde958964c0114db4
output/fondasi-teori-ukur-v1-chapter13-id/html/114/index.html	71422	d576ee3a1c03c4c8cd933296a08333b1da69b01d83e7dd84f9d23c1b7009574e
output/fondasi-teori-ukur-v1-chapter13-id/html/115/index.html	74168	abc3dbe99e6c81d9e09c90bcb7ab24b5c0768a80284cdb037c930cbad5a9424f
output/fondasi-teori-ukur-v1-chapter13-id/html/121/index.html	123052	35729999570be0f43761b704b5cce12efc328f5c90a587c81cb427dcef2f27f0
output/fondasi-teori-ukur-v1-chapter13-id/html/122/index.html	117688	ba01f5f70907543262c46701a84e6bc28cf7ec5af434d1fe33e24b4973dd2aba
output/fondasi-teori-ukur-v1-chapter13-id/html/123/index.html	51075	d51b548b7b1e3e013e056c7d077d7d32f85a574c12763dbe64015cc7183262ce
output/fondasi-teori-ukur-v1-chapter13-id/html/13/index.html	5696	0945de07b963f19229aa53df0b743df8b2a4ffcefa45bcac50c6451e202b29cc
output/fondasi-teori-ukur-v1-chapter13-id/html/131/index.html	38855	51a9fcf557dd2dc84f001f2e688a9d85e6208cf853a02d7afda13bbfa9d35c93
output/fondasi-teori-ukur-v1-chapter13-id/html/132/index.html	52540	56fc1bd06d45a96c137bb525c1ca8e6e9a50de50eb0399fbcdbccc87174d7a7a
output/fondasi-teori-ukur-v1-chapter13-id/html/133/index.html	78319	ffe3f17bd956268709ac5dea64034b0028c2c2821da4fecdb4b2cde81f32308f
output/fondasi-teori-ukur-v1-chapter13-id/html/134/_assets/mt134g.png	7711	7d768ce3b37e2bf6563067db9c743c512356d216d011227a01869e4e5464a969
output/fondasi-teori-ukur-v1-chapter13-id/html/134/_assets/mt134ha1.png	23598	dfae5894ef508a9569320f99b81873ee0d6a06484ca465e5afe30fa7bfffcbce
output/fondasi-teori-ukur-v1-chapter13-id/html/134/_assets/mt134ha2.png	13030	9c1af7d8f08f5f2ad14f2e4d67a56fcc999ed47f6e7908695c3689dcb18587b9
output/fondasi-teori-ukur-v1-chapter13-id/html/134/index.html	131609	af5b24b73e56b6970bc8b24b3b66b09fa3321a98af4b90063cdbd5edb84139e9
output/fondasi-teori-ukur-v1-chapter13-id/html/135/index.html	79307	a85d2f06520853244ee0d90ab9ecbb180280588d123f8b78de647fd011222847
output/fondasi-teori-ukur-v1-chapter13-id/html/136/index.html	77557	caa76dda50cba1669d59f8c2a483cab5bbe581b6f22964e2f8cabf45edfa537f
output/fondasi-teori-ukur-v1-chapter13-id/html/_static/mathjax/LICENSE	11358	cfc7749b96f63bd31c3c42b5c471bf756814053e847c10f3eb003417bc523d30
output/fondasi-teori-ukur-v1-chapter13-id/html/_static/mathjax/a11y/assistive-mml.js	6460	5b8414e36cd63d154b90beab67e5e3399c7439aff97f4b556761224f8176f657
output/fondasi-teori-ukur-v1-chapter13-id/html/_static/mathjax/output/chtml/fonts/woff-v2/MathJax_AMS-Regular.woff	40808	3de784d07b9fa8f104c10928a878ee879cf3305cae5195cba663c9c2bb0195eb
output/fondasi-teori-ukur-v1-chapter13-id/html/_static/mathjax/output/chtml/fonts/woff-v2/MathJax_Calligraphic-Bold.woff	9908	af04542b29eaac04550a140c5f1760a649783989426f2540855bf4157819367d
output/fondasi-teori-ukur-v1-chapter13-id/html/_static/mathjax/output/chtml/fonts/woff-v2/MathJax_Calligraphic-Regular.woff	9600	26683bf201fb258a2237d9754616de9d4ecf4cc1cd39dd1902476df7d75f1d16
output/fondasi-teori-ukur-v1-chapter13-id/html/_static/mathjax/output/chtml/fonts/woff-v2/MathJax_Fraktur-Bold.woff	22340	721921bab0d001ebff0206c24cb5de6ca136467bf1843a7aa32030ba061d1e92
output/fondasi-teori-ukur-v1-chapter13-id/html/_static/mathjax/output/chtml/fonts/woff-v2/MathJax_Fraktur-Regular.woff	21480	870673df72e70f87c91a5a317d558c2c3b54392264ad79bbadc6d424ae8765fe
output/fondasi-teori-ukur-v1-chapter13-id/html/_static/mathjax/output/chtml/fonts/woff-v2/MathJax_Main-Bold.woff	34464	88b98cad3688915e50da55553ff6ad185e0dce134b47f176e91b100f8a9b175c
output/fondasi-teori-ukur-v1-chapter13-id/html/_static/mathjax/output/chtml/fonts/woff-v2/MathJax_Main-Italic.woff	20832	355254db9ca10a09a3b5f0929d74eb4670f44fbe864c07526a06213e0a0caf6c
output/fondasi-teori-ukur-v1-chapter13-id/html/_static/mathjax/output/chtml/fonts/woff-v2/MathJax_Main-Regular.woff	34160	1cb1c39ea642f26a4dfed230b4aea1c3c218689421f6e9c0a7c1811693c4fa07
output/fondasi-teori-ukur-v1-chapter13-id/html/_static/mathjax/output/chtml/fonts/woff-v2/MathJax_Math-BoldItalic.woff	19776	8ea8dbb1b02e6f730f55b4cb5d413b785b9f5c39807d0a0fa7da206a0824a457
output/fondasi-teori-ukur-v1-chapter13-id/html/_static/mathjax/output/chtml/fonts/woff-v2/MathJax_Math-Italic.woff	19360	a009bea404f7a500ded48f8b9ad9cf16e12504b3195dd9e25975289b8256b0f0
output/fondasi-teori-ukur-v1-chapter13-id/html/_static/mathjax/output/chtml/fonts/woff-v2/MathJax_Math-Regular.woff	19288	c01d3321e89b403c4b811aa153c4e618eda3421f92d8a072a02c8d190782a191
output/fondasi-teori-ukur-v1-chapter13-id/html/_static/mathjax/output/chtml/fonts/woff-v2/MathJax_SansSerif-Bold.woff	15944	32792104b5ef69eded905b6d1598ed05d8087684d38e7a94d52e3c38ba16f47e
output/fondasi-teori-ukur-v1-chapter13-id/html/_static/mathjax/output/chtml/fonts/woff-v2/MathJax_SansSerif-Italic.woff	14628	fc6ddf5df402b263cfb158aed8e89972542c34b719cd87b1db30461985f7bd5b
output/fondasi-teori-ukur-v1-chapter13-id/html/_static/mathjax/output/chtml/fonts/woff-v2/MathJax_SansSerif-Regular.woff	12660	b418136e3b384baaadecb70bd3c48a8da9825210130b2897db808c44efc883cb
output/fondasi-teori-ukur-v1-chapter13-id/html/_static/mathjax/output/chtml/fonts/woff-v2/MathJax_Script-Regular.woff	11852	af96f67d7accf5fd2a4a682d0b9f8b339f8ea6fe34c310c1694c8ba7f6ddc96f
output/fondasi-teori-ukur-v1-chapter13-id/html/_static/mathjax/output/chtml/fonts/woff-v2/MathJax_Size1-Regular.woff	5792	c49810b53ecc0d87d8028762c518924197dd9d3f905b08f99ea241301085b9cb
output/fondasi-teori-ukur-v1-chapter13-id/html/_static/mathjax/output/chtml/fonts/woff-v2/MathJax_Size2-Regular.woff	5464	30e889b58cbc51adfbb038ab1a96dc4025aa3542a3cff7712fc55ece510675e2
output/fondasi-teori-ukur-v1-chapter13-id/html/_static/mathjax/output/chtml/fonts/woff-v2/MathJax_Size3-Regular.woff	3244	5cda41563a095bd70c78e2dda13d0f8cb922c71c90fffd0a0044c65173a66e83
output/fondasi-teori-ukur-v1-chapter13-id/html/_static/mathjax/output/chtml/fonts/woff-v2/MathJax_Size4-Regular.woff	5148	3bc6ecaae7ecf6f8d7f8ea07bddbaca8601e2cb6e89d6aef58e78d9f6d8a398f
output/fondasi-teori-ukur-v1-chapter13-id/html/_static/mathjax/output/chtml/fonts/woff-v2/MathJax_Typewriter-Regular.woff	17604	c56da8d69f1a0208b8e0703656c3264b6dd748bd452524c82b0385b60f6a68c1
output/fondasi-teori-ukur-v1-chapter13-id/html/_static/mathjax/output/chtml/fonts/woff-v2/MathJax_Vector-Bold.woff	1116	36e0d72d8a7afc696a3e7a5c7369807634640de9b02257bca447bdf126221a27
output/fondasi-teori-ukur-v1-chapter13-id/html/_static/mathjax/output/chtml/fonts/woff-v2/MathJax_Vector-Regular.woff	1136	72bc573386dd1d48c5bbd286302ca9e3400c5eb0f298e7cfbf945b9d08fc688f
output/fondasi-teori-ukur-v1-chapter13-id/html/_static/mathjax/output/chtml/fonts/woff-v2/MathJax_Zero.woff	1368	481e39042508ae313a60618af1e37146ab93e9324c98e4c78b8f17fe55d41e0b
output/fondasi-teori-ukur-v1-chapter13-id/html/_static/mathjax/tex-chtml.js	1160989	0a6ded5abbce13331658dd239f34382abd06492c74b71b61e8caa8112ec55fa5
output/fondasi-teori-ukur-v1-chapter13-id/html/_static/reader-v2.css	872	53a5a1e8d9a456d31b1b511cf7c663d03e3924c7a96105f4091b00727f29d642
output/fondasi-teori-ukur-v1-chapter13-id/html/_static/reader-v3.css	1450	190636a60441c065771745c3dfe58ef7e999c3683ced21fdd6f9bf1904084357
output/fondasi-teori-ukur-v1-chapter13-id/html/_static/reader.css	4236	5a5a625011ec21e708b89b174473c4e44027d5228d282315a6f9904207e54284
output/fondasi-teori-ukur-v1-chapter13-id/html/index.html	3254	dadd3979c8c54e18b697743a2fe216453e426bf81dba628de32c8def6191def0
output/fondasi-teori-ukuran-v1-id/html/11/index.html	12674	a4fd03aed8d0d5e4b99bcf4577ce4166afdcaf3897cfc56fff1bf4da021c0d41
output/fondasi-teori-ukuran-v1-id/html/111/index.html	67167	79402cb032fcff74ac1d76ded017533b9f3e9e8110ae959ca53bd9675d79b22c
output/fondasi-teori-ukuran-v1-id/html/112/index.html	66597	a82d84714cdb7e08778ff5e1bdb0802f12521bd2bb557a99014ec9865ad40175
output/fondasi-teori-ukuran-v1-id/html/113/_assets/mt113c1.png	37688	3fbab729729572723fbce6d688ebdfa7d6f73902144f0840cecb1074230b38bb
output/fondasi-teori-ukuran-v1-id/html/113/_assets/mt113c2.png	37862	41489e1039492131e49b9b5132d752dee2d19f959ab272c00e37f10f6945d6df
output/fondasi-teori-ukuran-v1-id/html/113/_assets/mt113c3.png	37892	8973110d14c4a5acbb4553e78ae8774d317f50680ab493d1176da6bcfef4b3d9
output/fondasi-teori-ukuran-v1-id/html/113/_assets/mt113c4.png	43058	795b9abab5a6ea8447a4d39ef6a6c5bb7e1413bad54ca20d600da26db0b3a7b7
output/fondasi-teori-ukuran-v1-id/html/113/index.html	53123	b1acf7ddce1cc17bfda1e9a86289cf9586aa7591cad1826560ac262014324e08
output/fondasi-teori-ukuran-v1-id/html/114/index.html	71682	a365bbd6d5238b568f85eab1d6069e3fe477d59e158faba6ff8243cbff6af2d8
output/fondasi-teori-ukuran-v1-id/html/115/index.html	74428	f407caa36ed52b4d5e3ab87edd2ebb4347672f0fccd7099f7e07905dca810ba0
output/fondasi-teori-ukuran-v1-id/html/12/index.html	5904	247414dc5449858bdc4a5a558b7c544fc0579c7c5b18d3c815fdaf67987cae5c
output/fondasi-teori-ukuran-v1-id/html/121/index.html	123312	f73008fee3caf4cfa4d14fd3d8f54116283fbd74c837359ff8185058fe11631b
output/fondasi-teori-ukuran-v1-id/html/122/index.html	117948	461a30fe9ffc67dce155fe0ce1d36bc5172e20a998c90a9cecc50a28d801c118
output/fondasi-teori-ukuran-v1-id/html/123/index.html	51270	51328ea77b0ac9e2fe22e4024ebfb05f3f9241bff6482690732424023a00e17c
output/fondasi-teori-ukuran-v1-id/html/13/index.html	5891	c6d65a739c5688e13ce60c246352e3717cf99422db3ed74deeb8f35b9c939c62
output/fondasi-teori-ukuran-v1-id/html/131/index.html	39050	b19845cf5db410874312bb481aed6691cac2a0d15d4347e3b3f22e098988e76a
output/fondasi-teori-ukuran-v1-id/html/132/index.html	52679	b1f819910e0c800f385ad5a6a7b3684de77b5761f5214da3d52e9db5ea3fae4d
output/fondasi-teori-ukuran-v1-id/html/133/index.html	78607	80de130a4ea9b30049da8a57a02a55e5f1f292f2bed370b28c0e38fd2769f097
output/fondasi-teori-ukuran-v1-id/html/134/_assets/mt134g.png	7711	7d768ce3b37e2bf6563067db9c743c512356d216d011227a01869e4e5464a969
output/fondasi-teori-ukuran-v1-id/html/134/_assets/mt134ha1.png	23598	dfae5894ef508a9569320f99b81873ee0d6a06484ca465e5afe30fa7bfffcbce
output/fondasi-teori-ukuran-v1-id/html/134/_assets/mt134ha2.png	13030	9c1af7d8f08f5f2ad14f2e4d67a56fcc999ed47f6e7908695c3689dcb18587b9
output/fondasi-teori-ukuran-v1-id/html/134/index.html	131773	a40b0d9dfeb1bdc030aab8edb387a8c8c2f1c2988d44269e84240c8844ad451c
output/fondasi-teori-ukuran-v1-id/html/135/index.html	79479	1dc491b3fc2b1d61c3592484934c3688435acb5a2ed8e3f060690589175e6f37
output/fondasi-teori-ukuran-v1-id/html/136/index.html	77719	0262cac25900bc814138c9af2aec551e08cfb29f80d55370861d2527e1e2ed21
output/fondasi-teori-ukuran-v1-id/html/1A1/index.html	44462	e77620b5b5a0c2725e14ed4903c949cbaa30ddf9741345fb8654c57b17d20281
output/fondasi-teori-ukuran-v1-id/html/1A2/index.html	20602	4b106a8f1eeb2edbf8df697403029c4c2d9fc8af08714f7c8ab07e00c2d51a37
output/fondasi-teori-ukuran-v1-id/html/1A3/index.html	25888	5537af862611dd97a5afa2d53fe72bba139f6d1743abc87a14fe0783213e6337
output/fondasi-teori-ukuran-v1-id/html/MANIFEST.tsv	7151	2b1295dedd68f9239a72b50d34d3d3d7c314ef194b32d8ddd209031d41b8c2d7
output/fondasi-teori-ukuran-v1-id/html/_downloads/fondasi-teori-ukuran-jilid-1-id.pdf	807217	340af91eb1a31cbfaba20f578209b6e3dd0eacd7ea05f6e23183be9e9fee486f
output/fondasi-teori-ukuran-v1-id/html/_static/mathjax/LICENSE	11358	cfc7749b96f63bd31c3c42b5c471bf756814053e847c10f3eb003417bc523d30
output/fondasi-teori-ukuran-v1-id/html/_static/mathjax/a11y/assistive-mml.js	6460	5b8414e36cd63d154b90beab67e5e3399c7439aff97f4b556761224f8176f657
output/fondasi-teori-ukuran-v1-id/html/_static/mathjax/output/chtml/fonts/woff-v2/MathJax_AMS-Regular.woff	40808	3de784d07b9fa8f104c10928a878ee879cf3305cae5195cba663c9c2bb0195eb
output/fondasi-teori-ukuran-v1-id/html/_static/mathjax/output/chtml/fonts/woff-v2/MathJax_Calligraphic-Bold.woff	9908	af04542b29eaac04550a140c5f1760a649783989426f2540855bf4157819367d
output/fondasi-teori-ukuran-v1-id/html/_static/mathjax/output/chtml/fonts/woff-v2/MathJax_Calligraphic-Regular.woff	9600	26683bf201fb258a2237d9754616de9d4ecf4cc1cd39dd1902476df7d75f1d16
output/fondasi-teori-ukuran-v1-id/html/_static/mathjax/output/chtml/fonts/woff-v2/MathJax_Fraktur-Bold.woff	22340	721921bab0d001ebff0206c24cb5de6ca136467bf1843a7aa32030ba061d1e92
output/fondasi-teori-ukuran-v1-id/html/_static/mathjax/output/chtml/fonts/woff-v2/MathJax_Fraktur-Regular.woff	21480	870673df72e70f87c91a5a317d558c2c3b54392264ad79bbadc6d424ae8765fe
output/fondasi-teori-ukuran-v1-id/html/_static/mathjax/output/chtml/fonts/woff-v2/MathJax_Main-Bold.woff	34464	88b98cad3688915e50da55553ff6ad185e0dce134b47f176e91b100f8a9b175c
output/fondasi-teori-ukuran-v1-id/html/_static/mathjax/output/chtml/fonts/woff-v2/MathJax_Main-Italic.woff	20832	355254db9ca10a09a3b5f0929d74eb4670f44fbe864c07526a06213e0a0caf6c
output/fondasi-teori-ukuran-v1-id/html/_static/mathjax/output/chtml/fonts/woff-v2/MathJax_Main-Regular.woff	34160	1cb1c39ea642f26a4dfed230b4aea1c3c218689421f6e9c0a7c1811693c4fa07
output/fondasi-teori-ukuran-v1-id/html/_static/mathjax/output/chtml/fonts/woff-v2/MathJax_Math-BoldItalic.woff	19776	8ea8dbb1b02e6f730f55b4cb5d413b785b9f5c39807d0a0fa7da206a0824a457
output/fondasi-teori-ukuran-v1-id/html/_static/mathjax/output/chtml/fonts/woff-v2/MathJax_Math-Italic.woff	19360	a009bea404f7a500ded48f8b9ad9cf16e12504b3195dd9e25975289b8256b0f0
output/fondasi-teori-ukuran-v1-id/html/_static/mathjax/output/chtml/fonts/woff-v2/MathJax_Math-Regular.woff	19288	c01d3321e89b403c4b811aa153c4e618eda3421f92d8a072a02c8d190782a191
output/fondasi-teori-ukuran-v1-id/html/_static/mathjax/output/chtml/fonts/woff-v2/MathJax_SansSerif-Bold.woff	15944	32792104b5ef69eded905b6d1598ed05d8087684d38e7a94d52e3c38ba16f47e
output/fondasi-teori-ukuran-v1-id/html/_static/mathjax/output/chtml/fonts/woff-v2/MathJax_SansSerif-Italic.woff	14628	fc6ddf5df402b263cfb158aed8e89972542c34b719cd87b1db30461985f7bd5b
output/fondasi-teori-ukuran-v1-id/html/_static/mathjax/output/chtml/fonts/woff-v2/MathJax_SansSerif-Regular.woff	12660	b418136e3b384baaadecb70bd3c48a8da9825210130b2897db808c44efc883cb
output/fondasi-teori-ukuran-v1-id/html/_static/mathjax/output/chtml/fonts/woff-v2/MathJax_Script-Regular.woff	11852	af96f67d7accf5fd2a4a682d0b9f8b339f8ea6fe34c310c1694c8ba7f6ddc96f
output/fondasi-teori-ukuran-v1-id/html/_static/mathjax/output/chtml/fonts/woff-v2/MathJax_Size1-Regular.woff	5792	c49810b53ecc0d87d8028762c518924197dd9d3f905b08f99ea241301085b9cb
output/fondasi-teori-ukuran-v1-id/html/_static/mathjax/output/chtml/fonts/woff-v2/MathJax_Size2-Regular.woff	5464	30e889b58cbc51adfbb038ab1a96dc4025aa3542a3cff7712fc55ece510675e2
output/fondasi-teori-ukuran-v1-id/html/_static/mathjax/output/chtml/fonts/woff-v2/MathJax_Size3-Regular.woff	3244	5cda41563a095bd70c78e2dda13d0f8cb922c71c90fffd0a0044c65173a66e83
output/fondasi-teori-ukuran-v1-id/html/_static/mathjax/output/chtml/fonts/woff-v2/MathJax_Size4-Regular.woff	5148	3bc6ecaae7ecf6f8d7f8ea07bddbaca8601e2cb6e89d6aef58e78d9f6d8a398f
output/fondasi-teori-ukuran-v1-id/html/_static/mathjax/output/chtml/fonts/woff-v2/MathJax_Typewriter-Regular.woff	17604	c56da8d69f1a0208b8e0703656c3264b6dd748bd452524c82b0385b60f6a68c1
output/fondasi-teori-ukuran-v1-id/html/_static/mathjax/output/chtml/fonts/woff-v2/MathJax_Vector-Bold.woff	1116	36e0d72d8a7afc696a3e7a5c7369807634640de9b02257bca447bdf126221a27
output/fondasi-teori-ukuran-v1-id/html/_static/mathjax/output/chtml/fonts/woff-v2/MathJax_Vector-Regular.woff	1136	72bc573386dd1d48c5bbd286302ca9e3400c5eb0f298e7cfbf945b9d08fc688f
output/fondasi-teori-ukuran-v1-id/html/_static/mathjax/output/chtml/fonts/woff-v2/MathJax_Zero.woff	1368	481e39042508ae313a60618af1e37146ab93e9324c98e4c78b8f17fe55d41e0b
output/fondasi-teori-ukuran-v1-id/html/_static/mathjax/tex-chtml.js	1160989	0a6ded5abbce13331658dd239f34382abd06492c74b71b61e8caa8112ec55fa5
output/fondasi-teori-ukuran-v1-id/html/_static/reader-v2.css	872	53a5a1e8d9a456d31b1b511cf7c663d03e3924c7a96105f4091b00727f29d642
output/fondasi-teori-ukuran-v1-id/html/_static/reader-v3.css	1450	190636a60441c065771745c3dfe58ef7e999c3683ced21fdd6f9bf1904084357
output/fondasi-teori-ukuran-v1-id/html/_static/reader-v4.css	1939	a94fdace71707235bebb3512405dcbd9759742d85fca2c24c34ba9aab0d8954a
output/fondasi-teori-ukuran-v1-id/html/_static/reader.css	4219	d39d1f00977d3560b1d86ed7a12767ab20f50014cf9ae496e32c5a3eb25fdef3
output/fondasi-teori-ukuran-v1-id/html/bagian-awal/index.html	5651	40f6ab1491fde5795d081e208663d721e48af413a2c8e25500bccb075e97e061
output/fondasi-teori-ukuran-v1-id/html/indeks/index.html	116790	46ccfa0e8d9db29d23eae29b11a8696649559c95dc5c741005b8db7c7dd0681f
output/fondasi-teori-ukuran-v1-id/html/index.html	11708	084812e380bb7c5f5d4c61b6b8ab4016e27693e43708990fc924dfb5893163e8
output/fondasi-teori-ukuran-v1-id/html/konkordansi/index.html	6186	fd85f4ebd02b385239bb53cc2e8205cf7fafba5965b41d7ce2b8ca789607c0ab
output/fondasi-teori-ukuran-v1-id/html/lampiran/index.html	5381	f841f54efdb52b62d452b71ce4736458186659836423d13eefecb57ed307e28b
output/fondasi-teori-ukuran-v1-id/html/pendahuluan-jilid-1/index.html	13007	4247373d708921e1143640ff6b69398cf245002f1dae185838c6c07b0b4ebe55
output/fondasi-teori-ukuran-v1-id/html/pendahuluan-umum/index.html	13147	022df330268ff202210d5c7e7b1822a20cee1f0bf5adf4fcd623f792bb3a6ae8
output/fondasi-teori-ukuran-v1-id/html/referensi/index.html	6273	ab00dedb23b529c81371c31ab6fce5fe6fbb770831d14717ba4485d9724359ab
output/pdf/fondasi-teori-ukuran-jilid-1-id.pdf	807217	340af91eb1a31cbfaba20f578209b6e3dd0eacd7ea05f6e23183be9e9fee486f
qa/TERMINOLOGY_QA_INDONESIAN_FIELD.md	7867	3f6a4b78c4cd5300e00e8f2ba4fa2b9ca72d881f48cb25088bb21c35e41909b6
qa/mt01-structural-qa.json	1607	05adf1a3b79d42271bd49666b8728970091fbb5a244aebd6e7d7587f412a56bb
qa/mt1-structural-qa.json	1602	4a92f7703f2abd489b4f8fb0358df875a66f51e9e0e032121b60608e990acbd0
qa/mt10-mt01-semantic-review.json	2232	fefdddf55f38af8ba6d33c27c0c09bcde1971c4a57384139d01cc42748a172e7
qa/mt10-structural-qa.json	2269	adca39485ae1d3b8e6a85e4bd08ebb7981eefe81d01c8db5aca9cc4054001083
qa/mt11-mt12-semantic-review.json	1785	052a9ffdc4c35b15a72ee8cf75e494591dd840817ccf36109c4dba1c3d156ab5
qa/mt11-structural-qa.json	1609	5ec355d81e6451a3dbe6839a3b04b41e5e5752215d1a95f091f73deb07f8935e
qa/mt111-structural-qa.json	1906	4aaa7fc8e82c19c8eb8d57faf9e147b9158924787ceda6735a7cb2076e65caa0
qa/mt112-structural-qa.json	2573	ae8ef916cceffafd1e7f9fe7bb2eda581f75bb17b86694abbb648acb5ea409ea
qa/mt113-figure-qa.json	2524	a3c197191b731c89682022604280e757b7c8dd146e23089b33555f64b867199a
qa/mt113-structural-qa.json	2152	5e853ce2dcd315d64a78a4cdeed3434a2ef40645d659f85ed3768c12a9002286
qa/mt114-structural-qa.json	1775	521046a8f95b452525ba85f711f64f5f8af186258a6753f8bc12d3ed50e31cd5
qa/mt115-source-correction-evidence.json	3008	49d08607859de6f6fd34520de1a77554edc49935718807f97b43966f715d1e8f
qa/mt115-structural-qa.json	2492	362490dd4fafd9a36a56e6beb593a9da1257ebf6425decfcecea53096c4bc670
qa/mt12-structural-qa.json	1599	14a0021f6acb0ab631c61169738f4b168a04d1ecfde7322ae0b96db4f792a33c
qa/mt121-intake-census.json	52521	73e7be68030c6f629c7ceacdee8fd8de89388ccbe348e7082ca4933b95230382
qa/mt121-structural-qa.json	4127	2bcb0fdcc7b2cd682c55fb9a2f9ad3fdf31bfee505a142737e2fb102ffc8d2b7
qa/mt122-intake-census.json	6845	41f9c6df14ec64ff7f58a961320e2fabec03da3152425fdd586c6521db091ca1
qa/mt122-structural-qa.json	2756	e353175282a62fc584061a0e0a847e5a7c435e2bad2e041c539e7d9825202760
qa/mt123-intake-census.json	6371	5c1e6e50b5ab29c1ad2fe8a1f2545a9de81d54f2fa226454d1a9eb8826a8c3ba
qa/mt123-structural-qa.json	2011	bfb96859a048fa8a1adea4426a5b3c6b8000bf36b8c666102b3289b269f3c947
qa/mt13-structural-qa.json	1459	2ce4280545a0b925d1e33b11cc3c5f54588f640630264dfc0f467acd4a79549b
qa/mt131-intake-census.json	5710	58e4e7166b040506a03e0742dc40192476bf76b1527f73c16bc88f9ce39961c3
qa/mt131-structural-qa.json	2383	98154dfda6f6839e6c170e61aaf4b4d308d99066e3ea6b1bcdfe65b79b822b32
qa/mt132-intake-census.json	3073	46d9584dff1cb2ea9790394e1ec5bbc564d666c1ba7c94770ae5bdf0aa1e7ad4
qa/mt132-structural-qa.json	1720	a93b1b09e23edf74fd5bfa52b5221dfca4500c99a715329c280875c5801fbf75
qa/mt132-terminology-gate.json	2522	56db84eaa197577f36cd79e6526fcf67a413f2b9c228c41177a317c55aa9b319
qa/mt133-mt136-semantic-review.json	3809	907b78b41fa85cd7d1b784646ed0adb372f60cdc1003ac85e59e065b9c50a9b3
qa/mt133-structural-qa.json	2582	83485a5fa8f4537d6d562aa1b99de019d6aab9dff494b94f9cab7ccf642a3ae7
qa/mt134-structural-qa.json	2957	96d25fe41e626dd5aeb1b1dd0532f855701a5fd1a0f880e32351a8c5fab721c5
qa/mt135-structural-qa.json	1893	0236c5b4fb555248ab78c487b820ef592f5a1aa0a4949fb47e4bbaf85bf92922
qa/mt136-structural-qa.json	2969	4d75173a776eed10044090172b8cfffc4e6c8b546c7cae4a42345ca9797a4f1e
qa/mt1a-mt1a2-semantic-review.json	1403	ee6c8f1254594f57d954dbe9efcc7eea29628f9ff659af78869ab0c9d91f8619
qa/mt1a-structural-qa.json	1607	5c73e189f741bafd831ee26770734d44ff1892f09fbe21c1c73c08f7704226b3
qa/mt1a1-structural-qa.json	1879	32ccf2b6b92b150d1be4a59734a188cde079a6c43e9af89e3b399aa2135c4f32
qa/mt1a2-structural-qa.json	2097	91d19d0f7266b298b7f332cdaad5a52599a024a65c4704de2c6fbb4f4182b793
qa/mt1a3-structural-qa.json	4490	fb0d95dca22448bdfa83338b41f105717849e428047d81943574391eff8e5b7b
qa/mt1a3-tail-semantic-review.json	1439	730a9d6a16faf9e123e7dfed810ce152caeecc875fecf94f6b4767ddebbf65d9
qa/mt1conc-structural-qa.json	1560	86ef8129d9a6ee0978255c63599d092190cca64970a82580066458d81e4013ec
qa/mt1r-structural-qa.json	2863	6c8afdb2b34b0b82efcb0aadd9f2c8670d137c12d2333bda24ed0d612df924aa
qa/mti-volume1-projection-report.json	3650	5fabcd365b3f6aa31a855a4121b92d65b531cb63036fccc32942ee26ca964a1d
qa/mti-volume1-translation-render.json	2312	fffd688f3402723860ee1311711e3dedc87d1ff154258bf4945c6fd6835f1fcf
qa/test_mti_volume1_projector.py	7134	75cd1fa9aecadfb7eebaaad229c1c2c153ce7f1a9ccd9a96a97ddad409622be0
qa/test_mti_volume1_translation.py	2943	adb58021264339c2b8c5e14c7706a09598d02cf42b44504a31ff16d80a65da9d
qa/volume1-backend-validation.json	3739	34ba27d7c0137b4a2b0c466a0c56fa553c1d6970ed6f9625775d6daa2283e1f7
qa/volume1-closure-smoke-build.json	1853	707296ff9a4467bf642aff9f8086eae933426b82e9895db556e8b27c23fa167a
qa/volume1-complete-build.json	29725	5c36eb8285448db3330bdd9d301cb61457c7302b3a04c44feec90a4f8bdfc50e
qa/volume1-html-browser-qa.json	6960	286a49fd8585df650ba2030c590be2ecb422df554eabdbfffeccf70c3d1295f3
qa/volume1-html-build.json	14952	2ec6d2207edfe3e98d1b26df11914f8cc637b43d4ca77c763262d3e3910c3bca
qa/volume1-pdf-visual-qa.json	21987	28659e48cf0c5f45f5210e81ff7a8e4149037495c3d4020e750cb03dd85d6a43
reader/ATTRIBUTION.md	2546	c0016be28778d1ffce85b51ce64932d3da54487e07f91ef103716c2a06a8d29a
reader/assets/mt113c1.png	37688	3fbab729729572723fbce6d688ebdfa7d6f73902144f0840cecb1074230b38bb
reader/assets/mt113c2.png	37862	41489e1039492131e49b9b5132d752dee2d19f959ab272c00e37f10f6945d6df
reader/assets/mt113c3.png	37892	8973110d14c4a5acbb4553e78ae8774d317f50680ab493d1176da6bcfef4b3d9
reader/assets/mt113c4.png	43058	795b9abab5a6ea8447a4d39ef6a6c5bb7e1413bad54ca20d600da26db0b3a7b7
reader/pdf/mt113-dvipdfmx-images.tex	858	fa315b774b73a1d890ee418022e79902fbc0bc72b7fe448e3367addb6995f52d
reader/pdf/mt134-dvipdfmx-images.tex	634	693cfce2a08cbb581e3676e4260e20200771db9a7f1f1fe7dbb16fee8edbcb8b
scripts/build_volume1.py	22500	0cd874b410a5fd8fcb86326ca223e01f900c7748699b5b4b2bad68f3f9a0c169
scripts/package_volume1_release.py	23346	7067f3d951576110879e19640d05efa1069e4223a32e83cd7313f8c4813eaae0
scripts/project_mti_volume1.py	48591	86b63ebe61d7a8973b6b769a940ac861b94facde1935e4a5bdfbb2e9955812fc
scripts/qa_volume1_pdf.py	9525	b114303ecc5a89db5dee580ccd2dbb2c53969005d4aa04819b1429cbfe1acce4
scripts/render_chapter13_html.py	18849	1d7c75922df01bd165150de36a5c057e955dc365f30bc635c0885cf8f7a0368c
scripts/render_mt111_html.py	33317	bafe60d42b9fd2be7aa057930177c3a84a83b7e169bec548776a0e78d051ff4d
scripts/render_mti_volume1_translation.py	19782	85d6617a3e358ae27d9a380e68d77170b4e1ab4f505a5ecc02b0cb1e1e4eb2b8
scripts/render_volume1_html.py	54233	6556c8ec62500018446f64475a887e083ccafec65a2026d7f1001d41157831d2
source/id-ID/id-overrides.tex	1890	8310f167fed7bdfe8e7fb1ddd1ccf33ba34c4999d36849b55b4471019eec9e16
source/id-ID/mt01.tex	3568	b69ed5a8a197245980eb58894efa21b1bb1f6890a6552ca75603d4131c4826cc
source/id-ID/mt1.tex	7839	28a591d994dd026bf4a39f66d53d827d4afb928b1ff8474e1a2668d09a697146
source/id-ID/mt10.tex	14003	e5d7a1cb3403ad14ac188e64fa19f1efbb6964df5a9af7793ee03d338b606faf
source/id-ID/mt11.tex	6162	e4d8113141fa9651eee18c82705243dd2fa6f9a2ca3dc5e0f1dc8c96c5d1d3af
source/id-ID/mt111.tex	26931	e0897b3b44d947c89e7b666b8bdee7e9e9bc098a6680ba09e96eb27c97a8d296
source/id-ID/mt112.tex	24543	2d8429eeb70c591f425350de5497acea9d7f552d063e08e81c3db05816283133
source/id-ID/mt113.tex	18215	d0153a75bc626ceaca05ddd96c682dd0a9cbec9cf4a95265f267ac1f57e8ecaf
source/id-ID/mt114.tex	28141	f66fe29627b477079f5f4bfe815936db827941c637eb7e096dc90d8992a1da30
source/id-ID/mt115.tex	30520	0cadff37a61d891231702b6dac5ab978285d3e55094659f30dd740f656f730a7
source/id-ID/mt12.tex	1686	822993fe5645b2e5b0b02dfe95f8b6cf7d52a08c37966c44be28229a64b6a38a
source/id-ID/mt121.tex	43931	76a5d90e6a647d158d2aecd32eaeaa4384063ef0d09f105c40c49205555a9f53
source/id-ID/mt122.tex	44836	1f48f01de0a61b2f944654aeb8dd05773babaefa26942729c517ac094be12001
source/id-ID/mt123.tex	19405	b3077760e581ef8c6781f311ad846497bb9af6d1361767cf2b88fce63667b58c
source/id-ID/mt13.tex	1562	8eaa400c1ee8ec70ff08dcd3c6ca9029584c0b8113968aa6bab546eff564994a
source/id-ID/mt131.tex	13512	eb486850c0a7908beaf6954bdc030a654ea2a4a4864411bb15117a2529bff470
source/id-ID/mt132.tex	18431	84da1785a751ab999a41dbbfffab37a91cdd0ae83948d1c341162eae48fbc814
source/id-ID/mt133.tex	28589	b965f3a8673f161ba2b372d698754f27545708f62fa7e52765f03a08d7d4605d
source/id-ID/mt134.tex	52580	18b99df4efc21ea4e1c6b31e561021fa8d5fac730772a3acad96f2dc5923c367
source/id-ID/mt135.tex	29223	8e4eeb3d864f81fe6b27be59ee145d0bb5ca3ad5e01e279f951c922ca7ec965a
source/id-ID/mt136.tex	25298	aadd0bdbb660d8843ed83189eb0f0362f2b5aed22b42544f4deac57f382eec92
source/id-ID/mt1a.tex	1233	8a566a2386592d409e1d0da624f3df06d95577455345e7f4288469d6ae34225d
source/id-ID/mt1a1.tex	18530	30a70565223af10939c788ff16b864ad5b8b6f2dc9ccfa6a18e5af32d51b5ecd
source/id-ID/mt1a2.tex	6331	de4a48a1681e3f13f85f689d8ed3bf3e349b41b1db6ce6415f10e2c5dd150801
source/id-ID/mt1a3.tex	8844	78d66b4dea48daa794dd9c7e9fce385b203f59a6034468431f5d97c969a7287c
source/id-ID/mt1conc.tex	1266	be51adec453a5dda8f52e18f5fdaa9404ec049d27d5a38b25216dc4e41fe6b4a
source/id-ID/mt1r.tex	2350	cf7da23510a808439e4e51533a3a10a4b2f83c50e9a20de4acf32850834f0207
source/id-ID/mti.tex	36790	3ef6caa5a23f5d279bec80cae8742385a19c242b54fc3b93f6b4944359724ad0
source/id-ID/vol1-id.tex	615	8d4daf1259a36e8e22f44730e662ba7ded57040d45a979ba0cf3a60c8b3fba0e
vendor/MATHJAX_PROVENANCE.md	751	45adb15dc91217447a86151a6136900396919247efef36e5ec8449b4cc683535
vendor/mathjax-3.2.2/LICENSE	11358	cfc7749b96f63bd31c3c42b5c471bf756814053e847c10f3eb003417bc523d30
work/index_translation_general_a.jsonl	253091	6eac3a4014c9d63643a42d6524542332e59df125eb896393da0428128a72eb07
work/index_translation_general_b.jsonl	361268	00bd865d0ab5126b98a4876b1788dc499b9533f0059823dc33fa57cd9e10f124
work/index_translation_principal.jsonl	86411	af84cba126f1994162665db84c8999978878cdb9f808ab4cf3dcc97ea605a767
workload/index/mti-volume1-defect-overlay.jsonl	4199	461ec18d1277cf908610d4b4696278eda510b9b6ba966a1809e452f29a190c75
workload/index/mti-volume1-translation-skeleton.jsonl	997141	7aed50d50a992339e8372399ed66d12dad337d4cfe9d91a720c1c1f8655397fb
